# Sequel Pro dump
# Version 2492
# http://code.google.com/p/sequel-pro
#
# Host: 74.208.11.77 (MySQL 5.0.27)
# Database: themigorg_jwt
# Generation Time: 2010-10-08 18:37:21 -0400
# ************************************************************

/*!40101 SET @OLD_CHARACTER_SET_CLIENT=@@CHARACTER_SET_CLIENT */;
/*!40101 SET @OLD_CHARACTER_SET_RESULTS=@@CHARACTER_SET_RESULTS */;
/*!40101 SET @OLD_COLLATION_CONNECTION=@@COLLATION_CONNECTION */;
/*!40101 SET NAMES utf8 */;
/*!40014 SET @OLD_UNIQUE_CHECKS=@@UNIQUE_CHECKS, UNIQUE_CHECKS=0 */;
/*!40014 SET @OLD_FOREIGN_KEY_CHECKS=@@FOREIGN_KEY_CHECKS, FOREIGN_KEY_CHECKS=0 */;
/*!40101 SET @OLD_SQL_MODE=@@SQL_MODE, SQL_MODE='NO_AUTO_VALUE_ON_ZERO' */;
/*!40111 SET @OLD_SQL_NOTES=@@SQL_NOTES, SQL_NOTES=0 */;


# Dump of table Baileys_anxiety
# ------------------------------------------------------------
SET @OLD_UNIQUE_CHECKS=@@UNIQUE_CHECKS, UNIQUE_CHECKS=0;
SET @OLD_FOREIGN_KEY_CHECKS=@@FOREIGN_KEY_CHECKS, FOREIGN_KEY_CHECKS=0;
SET @OLD_SQL_MODE=@@SQL_MODE, SQL_MODE='TRADITIONAL';
	
CREATE SCHEMA `view1` DEFAULT CHARACTER SET latin1 ; 
USE `view1`;   

DROP TABLE IF EXISTS `Baileys_anxiety`;

CREATE TABLE `Baileys_anxiety` (
  `id` int(11) NOT NULL auto_increment,
  `countryid` int(11) NOT NULL,
  `value` int(11) NOT NULL,
  PRIMARY KEY  (`id`)
) ENGINE=MyISAM AUTO_INCREMENT=43 DEFAULT CHARSET=latin1;

LOCK TABLES `Baileys_anxiety` WRITE;
/*!40000 ALTER TABLE `Baileys_anxiety` DISABLE KEYS */;
INSERT INTO `Baileys_anxiety` (`id`,`countryid`,`value`)
VALUES
	(1,31,60),
	(2,17,45),
	(3,64,43),
	(4,60,44),
	(5,30,44),
	(6,210,4),
	(7,4,0),
	(8,20,0),
	(9,8,0),
	(10,21,0),
	(11,41,0),
	(12,138,0),
	(13,149,0),
	(14,213,0),
	(15,148,0),
	(16,22,0),
	(17,209,0),
	(18,23,0),
	(19,5,0),
	(20,186,0),
	(21,144,0),
	(22,141,0),
	(23,65,0),
	(24,116,0),
	(25,9,0),
	(26,119,0),
	(27,71,0),
	(28,121,0),
	(29,155,0),
	(30,99,0),
	(31,211,0),
	(32,207,0),
	(33,139,0),
	(34,145,0),
	(35,143,0),
	(36,146,0),
	(37,69,0),
	(38,142,0),
	(39,67,0),
	(40,200,0),
	(41,136,0),
	(42,122,0);

/*!40000 ALTER TABLE `Baileys_anxiety` ENABLE KEYS */;
UNLOCK TABLES;


# Dump of table Baileys_frequency
# ------------------------------------------------------------

DROP TABLE IF EXISTS `Baileys_frequency`;

CREATE TABLE `Baileys_frequency` (
  `id` int(11) NOT NULL auto_increment,
  `countryid` int(11) NOT NULL,
  `value` varchar(255) NOT NULL,
  PRIMARY KEY  (`id`)
) ENGINE=MyISAM AUTO_INCREMENT=51 DEFAULT CHARSET=latin1;

LOCK TABLES `Baileys_frequency` WRITE;
/*!40000 ALTER TABLE `Baileys_frequency` DISABLE KEYS */;
INSERT INTO `Baileys_frequency` (`id`,`countryid`,`value`)
VALUES
	(1,31,'Low'),
	(2,17,'Low'),
	(3,64,'Low'),
	(4,65,'Low'),
	(5,60,'Low'),
	(6,30,'Low'),
	(7,210,'Low'),
	(9,4,'High'),
	(10,20,'Low'),
	(11,8,'High'),
	(12,21,'Low'),
	(14,41,'High'),
	(15,138,'High'),
	(16,149,'High'),
	(17,213,'High'),
	(18,148,'High'),
	(19,22,'Low'),
	(20,209,'Low'),
	(21,23,'Low'),
	(24,5,'Low'),
	(25,186,''),
	(28,144,'Low'),
	(29,141,'High'),
	(31,116,'Low'),
	(32,9,'Low'),
	(34,119,'Low'),
	(35,71,'Low'),
	(36,121,'Low'),
	(37,155,'Low'),
	(38,99,'Low'),
	(39,211,'Low'),
	(40,207,'Low'),
	(41,139,'Low'),
	(42,145,'Low'),
	(43,143,'Low'),
	(44,146,'Low'),
	(45,69,'Low'),
	(46,142,'Low'),
	(47,67,'Low'),
	(48,200,'Low'),
	(49,136,'Low'),
	(50,122,'Low');

/*!40000 ALTER TABLE `Baileys_frequency` ENABLE KEYS */;
UNLOCK TABLES;


# Dump of table Baileys_khkkgk
# ------------------------------------------------------------

DROP TABLE IF EXISTS `Baileys_khkkgk`;

CREATE TABLE `Baileys_khkkgk` (
  `id` int(11) NOT NULL auto_increment,
  `countryid` int(11) NOT NULL,
  `y1972` varchar(255) NOT NULL,
  `y1973` varchar(255) NOT NULL,
  `y1974` varchar(255) NOT NULL,
  `y1975` varchar(255) NOT NULL,
  `y1976` varchar(255) NOT NULL,
  `y1977` varchar(255) NOT NULL,
  `y1978` varchar(255) NOT NULL,
  `y1979` varchar(255) NOT NULL,
  `y1980` varchar(255) NOT NULL,
  PRIMARY KEY  (`id`)
) ENGINE=MyISAM AUTO_INCREMENT=43 DEFAULT CHARSET=latin1;

LOCK TABLES `Baileys_khkkgk` WRITE;
/*!40000 ALTER TABLE `Baileys_khkkgk` DISABLE KEYS */;
INSERT INTO `Baileys_khkkgk` (`id`,`countryid`,`y1972`,`y1973`,`y1974`,`y1975`,`y1976`,`y1977`,`y1978`,`y1979`,`y1980`)
VALUES
	(1,31,'','','','','','','','',''),
	(2,17,'','','','','','','','',''),
	(3,64,'','','','','','','','',''),
	(4,60,'','','','','','','','',''),
	(5,30,'','','','','','','','',''),
	(6,210,'','','','','','','','',''),
	(7,4,'','','','','','','','',''),
	(8,20,'','','','','','','','',''),
	(9,8,'','','','','','','','',''),
	(10,21,'','','','','','','','',''),
	(11,41,'','','','','','','','',''),
	(12,138,'','','','','','','','',''),
	(13,149,'','','','','','','','',''),
	(14,213,'','','','','','','','',''),
	(15,148,'','','','','','','','',''),
	(16,22,'','','','','','','','',''),
	(17,209,'','','','','','','','',''),
	(18,23,'','','','','','','','',''),
	(19,5,'','','','','','','','',''),
	(20,186,'','','','','','','','',''),
	(21,144,'','','','','','','','',''),
	(22,141,'','','','','','','','',''),
	(23,65,'','','','','','','','',''),
	(24,116,'','','','','','','','',''),
	(25,9,'','','','','','','','',''),
	(26,119,'','','','','','','','',''),
	(27,71,'','','','','','','','',''),
	(28,121,'','','','','','','','',''),
	(29,155,'','','','','','','','',''),
	(30,99,'','','','','','','','',''),
	(31,211,'','','','','','','','',''),
	(32,207,'','','','','','','','',''),
	(33,139,'','','','','','','','',''),
	(34,145,'','','','','','','','',''),
	(35,143,'','','','','','','','',''),
	(36,146,'','','','','','','','',''),
	(37,69,'','','','','','','','',''),
	(38,142,'','','','','','','','',''),
	(39,67,'','','','','','','','',''),
	(40,200,'','','','','','','','',''),
	(41,136,'','','','','','','','',''),
	(42,122,'','','','','','','','','');

/*!40000 ALTER TABLE `Baileys_khkkgk` ENABLE KEYS */;
UNLOCK TABLES;


# Dump of table Baileys_model
# ------------------------------------------------------------

DROP TABLE IF EXISTS `Baileys_model`;

CREATE TABLE `Baileys_model` (
  `id` int(11) NOT NULL auto_increment,
  `countryid` int(11) NOT NULL,
  `value` varchar(255) NOT NULL,
  PRIMARY KEY  (`id`)
) ENGINE=MyISAM AUTO_INCREMENT=44 DEFAULT CHARSET=latin1;

LOCK TABLES `Baileys_model` WRITE;
/*!40000 ALTER TABLE `Baileys_model` DISABLE KEYS */;
INSERT INTO `Baileys_model` (`id`,`countryid`,`value`)
VALUES
	(1,31,'Christmas'),
	(2,17,'Christmas'),
	(3,64,'Christmas'),
	(4,60,'Christmas'),
	(5,30,'Christmas'),
	(6,210,'Christmas'),
	(7,4,'Niche'),
	(8,20,'never'),
	(9,8,'Niche'),
	(10,21,'never'),
	(11,41,'Party!'),
	(12,138,'Niche'),
	(13,149,'Party!'),
	(14,213,'Party!'),
	(15,148,'Party!'),
	(16,22,'never'),
	(17,209,'never'),
	(18,23,'never'),
	(19,5,'never'),
	(20,186,'never'),
	(22,144,'never'),
	(23,141,'never'),
	(24,65,'never'),
	(25,116,'never'),
	(26,9,'never'),
	(27,119,'never'),
	(28,71,'never'),
	(29,121,'never'),
	(30,155,'never'),
	(31,99,'never'),
	(32,211,'never'),
	(33,207,'never'),
	(34,139,'never'),
	(35,145,'never'),
	(36,143,'never'),
	(37,146,'never'),
	(38,69,'never'),
	(39,142,'never'),
	(40,67,'never'),
	(41,200,'never'),
	(42,136,'never'),
	(43,122,'never');

/*!40000 ALTER TABLE `Baileys_model` ENABLE KEYS */;
UNLOCK TABLES;


# Dump of table Baileys_penetration
# ------------------------------------------------------------

DROP TABLE IF EXISTS `Baileys_penetration`;

CREATE TABLE `Baileys_penetration` (
  `id` int(11) NOT NULL auto_increment,
  `countryid` int(11) NOT NULL,
  `value` varchar(255) NOT NULL,
  PRIMARY KEY  (`id`)
) ENGINE=MyISAM AUTO_INCREMENT=51 DEFAULT CHARSET=latin1;

LOCK TABLES `Baileys_penetration` WRITE;
/*!40000 ALTER TABLE `Baileys_penetration` DISABLE KEYS */;
INSERT INTO `Baileys_penetration` (`id`,`countryid`,`value`)
VALUES
	(1,31,'High'),
	(2,17,'High'),
	(3,64,'High'),
	(4,65,'High'),
	(5,60,'High'),
	(6,30,'High'),
	(7,210,'High'),
	(9,4,'Low'),
	(10,20,'Low'),
	(11,8,'Low'),
	(12,21,'Low'),
	(14,41,'High'),
	(15,138,'Low'),
	(16,149,'High'),
	(17,213,'High'),
	(18,148,'High'),
	(19,22,'Low'),
	(20,209,'Low'),
	(21,23,'Low'),
	(22,5,'Low'),
	(23,186,'Low'),
	(24,5,''),
	(25,186,''),
	(28,144,'Low'),
	(29,141,'Low'),
	(30,65,'High'),
	(31,116,'Low'),
	(32,9,'Low'),
	(34,119,'Low'),
	(35,71,'Low'),
	(36,121,'Low'),
	(37,155,'Low'),
	(38,99,'Low'),
	(39,211,'Low'),
	(40,207,'Low'),
	(41,139,'Low'),
	(42,145,'Low'),
	(43,143,'Low'),
	(44,146,'Low'),
	(45,69,'Low'),
	(46,142,'Low'),
	(47,67,'Low'),
	(48,200,'Low'),
	(49,136,'Low'),
	(50,122,'Low');

/*!40000 ALTER TABLE `Baileys_penetration` ENABLE KEYS */;
UNLOCK TABLES;


# Dump of table Baileys_Test
# ------------------------------------------------------------

DROP TABLE IF EXISTS `Baileys_Test`;

CREATE TABLE `Baileys_Test` (
  `id` int(11) NOT NULL auto_increment,
  `countryid` int(11) NOT NULL,
  `value` varchar(255) NOT NULL,
  PRIMARY KEY  (`id`)
) ENGINE=MyISAM AUTO_INCREMENT=43 DEFAULT CHARSET=latin1;

LOCK TABLES `Baileys_Test` WRITE;
/*!40000 ALTER TABLE `Baileys_Test` DISABLE KEYS */;
INSERT INTO `Baileys_Test` (`id`,`countryid`,`value`)
VALUES
	(1,31,''),
	(2,17,''),
	(3,64,''),
	(4,60,''),
	(5,30,''),
	(6,210,''),
	(7,4,''),
	(8,20,''),
	(9,8,''),
	(10,21,''),
	(11,41,''),
	(12,138,''),
	(13,149,''),
	(14,213,''),
	(15,148,''),
	(16,22,''),
	(17,209,''),
	(18,23,''),
	(19,5,''),
	(20,186,''),
	(21,144,''),
	(22,141,''),
	(23,65,''),
	(24,116,''),
	(25,9,''),
	(26,119,''),
	(27,71,''),
	(28,121,''),
	(29,155,''),
	(30,99,''),
	(31,211,''),
	(32,207,''),
	(33,139,''),
	(34,145,''),
	(35,143,''),
	(36,146,''),
	(37,69,''),
	(38,142,''),
	(39,67,''),
	(40,200,''),
	(41,136,''),
	(42,122,'');

/*!40000 ALTER TABLE `Baileys_Test` ENABLE KEYS */;
UNLOCK TABLES;


# Dump of table Baileys_volume
# ------------------------------------------------------------

DROP TABLE IF EXISTS `Baileys_volume`;

CREATE TABLE `Baileys_volume` (
  `id` int(11) NOT NULL auto_increment,
  `countryid` int(11) NOT NULL,
  `y1997` int(11) NOT NULL,
  `y1998` int(11) NOT NULL,
  `y1999` int(11) NOT NULL,
  `y2000` int(11) NOT NULL,
  `y2001` int(11) NOT NULL,
  `y2002` int(11) NOT NULL,
  `y2003` int(11) NOT NULL,
  `y2004` int(11) NOT NULL,
  `y2005` int(11) NOT NULL,
  `y2006` int(11) NOT NULL,
  PRIMARY KEY  (`id`)
) ENGINE=MyISAM AUTO_INCREMENT=51 DEFAULT CHARSET=latin1;

LOCK TABLES `Baileys_volume` WRITE;
/*!40000 ALTER TABLE `Baileys_volume` DISABLE KEYS */;
INSERT INTO `Baileys_volume` (`id`,`countryid`,`y1997`,`y1998`,`y1999`,`y2000`,`y2001`,`y2002`,`y2003`,`y2004`,`y2005`,`y2006`)
VALUES
	(1,31,205,220,244,272,293,308,331,341,369,425),
	(2,17,45,41,42,32,26,23,45,56,73,85),
	(3,64,450,490,553,650,795,1054,1093,1150,1125,799),
	(4,65,66,72,85,100,124,135,105,106,99,110),
	(5,60,370,365,360,395,400,400,400,410,420,420),
	(6,30,845,850,888,968,1010,1095,1226,1315,1285,1500),
	(7,210,205,220,244,272,293,308,331,314,369,425),
	(9,4,45,41,42,32,26,23,45,56,73,85),
	(10,20,0,0,0,0,1,1,2,3,3,3),
	(11,8,375,390,408,430,505,530,551,560,550,555),
	(12,21,203,204,222,285,310,376,395,410,397,409),
	(14,41,28,18,21,25,27,32,53,65,79,84),
	(15,138,8,5,4,5,7,9,10,17,35,43),
	(16,149,40,41,38,37,24,27,28,29,29,30),
	(17,213,375,390,408,430,505,530,551,560,550,555),
	(18,148,117,122,110,150,164,189,228,208,181,198),
	(19,22,0,0,0,0,0,0,0,0,0,0),
	(20,209,9,6,11,18,27,31,29,62,53,59),
	(21,23,0,0,0,0,0,0,0,2,1,1),
	(22,5,0,0,0,0,0,0,0,0,0,0),
	(25,186,0,0,0,0,0,0,0,0,0,0),
	(28,144,0,0,0,0,0,0,0,0,0,0),
	(29,141,0,0,0,0,0,0,0,0,0,0),
	(31,116,0,0,0,0,0,0,0,0,0,0),
	(32,9,0,0,0,0,0,0,1,2,2,2),
	(34,119,0,0,0,0,0,0,0,0,1,1),
	(35,71,40,41,38,37,24,27,28,29,29,30),
	(36,121,3,4,3,3,4,4,5,5,5,3),
	(37,155,1,1,0,0,0,0,0,1,1,1),
	(38,99,4,3,3,3,3,7,13,20,19,19),
	(39,211,2,1,1,1,1,1,2,2,1,1),
	(40,207,3,0,0,0,0,0,0,0,0,0),
	(41,139,2,2,2,3,4,4,4,5,5,5),
	(42,145,2,2,3,3,3,7,13,20,19,19),
	(43,143,0,0,0,0,0,0,0,0,0,0),
	(44,146,0,0,0,0,0,0,0,0,0,0),
	(45,69,0,0,0,0,0,1,0,0,0,1),
	(46,142,3,2,1,0,0,0,0,0,0,0),
	(47,67,0,0,0,0,0,0,0,0,0,1),
	(48,200,0,0,0,0,0,0,0,0,0,0),
	(49,136,0,0,0,0,0,0,0,0,0,0),
	(50,122,0,0,0,0,0,0,0,0,0,0);

/*!40000 ALTER TABLE `Baileys_volume` ENABLE KEYS */;
UNLOCK TABLES;


# Dump of table BMW_frequency
# ------------------------------------------------------------

DROP TABLE IF EXISTS `BMW_frequency`;

CREATE TABLE `BMW_frequency` (
  `id` int(11) NOT NULL auto_increment,
  `countryid` int(11) NOT NULL,
  `value` varchar(255) NOT NULL,
  PRIMARY KEY  (`id`)
) ENGINE=MyISAM AUTO_INCREMENT=11 DEFAULT CHARSET=latin1;

LOCK TABLES `BMW_frequency` WRITE;
/*!40000 ALTER TABLE `BMW_frequency` DISABLE KEYS */;
INSERT INTO `BMW_frequency` (`id`,`countryid`,`value`)
VALUES
	(2,60,''),
	(3,17,''),
	(10,115,''),
	(5,213,''),
	(6,30,''),
	(7,13,''),
	(8,20,''),
	(9,2,'');

/*!40000 ALTER TABLE `BMW_frequency` ENABLE KEYS */;
UNLOCK TABLES;


# Dump of table BrandZ 100 Most Valuable_2009_100_Most_Valuable_Brands
# ------------------------------------------------------------

DROP TABLE IF EXISTS `BrandZ 100 Most Valuable_2009_100_Most_Valuable_Brands`;

CREATE TABLE `BrandZ 100 Most Valuable_2009_100_Most_Valuable_Brands` (
  `id` int(11) NOT NULL auto_increment,
  `countryid` int(11) NOT NULL,
  `value` int(11) NOT NULL,
  PRIMARY KEY  (`id`)
) ENGINE=MyISAM AUTO_INCREMENT=16 DEFAULT CHARSET=latin1;

LOCK TABLES `BrandZ 100 Most Valuable_2009_100_Most_Valuable_Brands` WRITE;
/*!40000 ALTER TABLE `BrandZ 100 Most Valuable_2009_100_Most_Valuable_Brands` DISABLE KEYS */;
INSERT INTO `BrandZ 100 Most Valuable_2009_100_Most_Valuable_Brands` (`id`,`countryid`,`value`)
VALUES
	(1,60,9),
	(2,17,6),
	(3,31,3),
	(4,212,6),
	(5,36,1),
	(6,64,6),
	(7,138,6),
	(8,30,50),
	(9,213,4),
	(10,35,2),
	(11,41,2),
	(12,49,1),
	(13,59,2),
	(14,63,1),
	(15,6,1);

/*!40000 ALTER TABLE `BrandZ 100 Most Valuable_2009_100_Most_Valuable_Brands` ENABLE KEYS */;
UNLOCK TABLES;


# Dump of table Cadbury _Gum_growth
# ------------------------------------------------------------

DROP TABLE IF EXISTS `Cadbury _Gum_growth`;

CREATE TABLE `Cadbury _Gum_growth` (
  `id` int(11) NOT NULL auto_increment,
  `countryid` int(11) NOT NULL,
  `value` int(11) NOT NULL,
  PRIMARY KEY  (`id`)
) ENGINE=MyISAM AUTO_INCREMENT=7 DEFAULT CHARSET=latin1;

LOCK TABLES `Cadbury _Gum_growth` WRITE;
/*!40000 ALTER TABLE `Cadbury _Gum_growth` DISABLE KEYS */;
INSERT INTO `Cadbury _Gum_growth` (`id`,`countryid`,`value`)
VALUES
	(1,123,8),
	(2,41,6),
	(3,71,0),
	(4,67,2),
	(5,99,17),
	(6,121,15);

/*!40000 ALTER TABLE `Cadbury _Gum_growth` ENABLE KEYS */;
UNLOCK TABLES;


# Dump of table Cadbury _Gum_market_size_by_value
# ------------------------------------------------------------

DROP TABLE IF EXISTS `Cadbury _Gum_market_size_by_value`;

CREATE TABLE `Cadbury _Gum_market_size_by_value` (
  `id` int(11) NOT NULL auto_increment,
  `countryid` int(11) NOT NULL,
  `value` int(11) NOT NULL,
  PRIMARY KEY  (`id`)
) ENGINE=MyISAM AUTO_INCREMENT=7 DEFAULT CHARSET=latin1;

LOCK TABLES `Cadbury _Gum_market_size_by_value` WRITE;
/*!40000 ALTER TABLE `Cadbury _Gum_market_size_by_value` DISABLE KEYS */;
INSERT INTO `Cadbury _Gum_market_size_by_value` (`id`,`countryid`,`value`)
VALUES
	(1,99,80),
	(2,121,34),
	(3,123,298),
	(4,71,56),
	(5,67,48),
	(6,41,665);

/*!40000 ALTER TABLE `Cadbury _Gum_market_size_by_value` ENABLE KEYS */;
UNLOCK TABLES;


# Dump of table categories
# ------------------------------------------------------------

DROP TABLE IF EXISTS `categories`;

CREATE TABLE `categories` (
  `id` int(11) NOT NULL auto_increment,
  `category` varchar(255) NOT NULL,
  PRIMARY KEY  (`id`)
) ENGINE=MyISAM AUTO_INCREMENT=4 DEFAULT CHARSET=latin1;

LOCK TABLES `categories` WRITE;
/*!40000 ALTER TABLE `categories` DISABLE KEYS */;
INSERT INTO `categories` (`id`,`category`)
VALUES
	(1,'Pepsi Co.'),
	(3,'default');

/*!40000 ALTER TABLE `categories` ENABLE KEYS */;
UNLOCK TABLES;


# Dump of table Coca Cola_another
# ------------------------------------------------------------

DROP TABLE IF EXISTS `Coca Cola_another`;

CREATE TABLE `Coca Cola_another` (
  `id` int(11) NOT NULL auto_increment,
  `countryid` int(11) NOT NULL,
  `y1990` int(11) NOT NULL,
  `y1991` int(11) NOT NULL,
  `y1992` int(11) NOT NULL,
  `y1993` int(11) NOT NULL,
  `y1994` int(11) NOT NULL,
  `y1995` int(11) NOT NULL,
  `y1996` int(11) NOT NULL,
  `y1997` int(11) NOT NULL,
  `y1998` int(11) NOT NULL,
  `y1999` int(11) NOT NULL,
  `y2000` int(11) NOT NULL,
  `y2001` int(11) NOT NULL,
  `y2002` int(11) NOT NULL,
  `y2003` int(11) NOT NULL,
  `y2004` int(11) NOT NULL,
  `y2005` int(11) NOT NULL,
  `y2006` int(11) NOT NULL,
  `y2007` int(11) NOT NULL,
  `y2008` int(11) NOT NULL,
  PRIMARY KEY  (`id`)
) ENGINE=MyISAM AUTO_INCREMENT=199 DEFAULT CHARSET=latin1;

LOCK TABLES `Coca Cola_another` WRITE;
/*!40000 ALTER TABLE `Coca Cola_another` DISABLE KEYS */;
INSERT INTO `Coca Cola_another` (`id`,`countryid`,`y1990`,`y1991`,`y1992`,`y1993`,`y1994`,`y1995`,`y1996`,`y1997`,`y1998`,`y1999`,`y2000`,`y2001`,`y2002`,`y2003`,`y2004`,`y2005`,`y2006`,`y2007`,`y2008`)
VALUES
	(142,83,450,0,0,0,0,0,0,0,0,0,0,0,0,0,0,0,0,0,0),
	(141,111,150,0,0,0,0,0,0,0,0,0,0,0,0,0,0,0,0,0,0),
	(134,93,32,0,0,0,0,0,0,0,0,0,0,0,0,0,0,0,0,0,0),
	(133,1,30,0,0,0,0,0,0,0,0,0,0,0,0,0,0,0,0,0,0),
	(194,92,0,0,0,0,0,0,0,0,0,0,0,0,0,0,0,0,0,0,0),
	(193,96,0,0,0,0,0,0,0,0,0,0,0,0,0,0,0,0,0,0,0),
	(192,98,0,0,0,0,0,0,0,0,0,0,0,0,0,0,0,0,0,0,0),
	(191,105,0,0,0,0,0,0,0,0,0,0,0,0,0,0,0,0,0,0,0),
	(178,121,120,0,0,0,0,0,0,0,0,0,0,0,0,0,0,0,0,0,0),
	(177,80,11,0,0,0,0,0,0,0,0,0,0,0,0,0,0,0,0,0,0),
	(198,103,0,0,0,0,0,0,0,0,0,0,0,0,0,0,0,0,0,0,0),
	(197,108,0,0,0,0,0,0,0,0,0,0,0,0,0,0,0,0,0,0,0),
	(186,81,500,0,0,0,0,0,0,0,0,0,0,0,0,0,0,0,0,0,0),
	(185,99,0,0,0,0,0,0,0,0,0,0,0,0,0,0,0,0,0,0,0),
	(138,118,50,0,0,0,0,0,0,0,0,0,0,0,0,0,0,0,0,0,0),
	(137,76,78,0,0,0,0,0,0,0,0,0,0,0,0,0,0,0,0,0,0),
	(196,106,0,0,0,0,0,0,0,0,0,0,0,0,0,0,0,0,0,0,0),
	(195,120,0,0,0,0,0,0,0,0,0,0,0,0,0,0,0,0,0,0,0),
	(188,69,0,0,0,0,0,0,0,0,0,0,0,0,0,0,0,0,0,0,0),
	(187,116,0,0,0,0,0,0,0,0,0,0,0,0,0,0,0,0,0,0,0),
	(190,114,0,0,0,0,0,0,0,0,0,0,0,0,0,0,0,0,0,0,0),
	(189,97,0,0,0,0,0,0,0,0,0,0,0,0,0,0,0,0,0,0,0),
	(176,90,51,0,0,0,0,0,0,0,0,0,0,0,0,0,0,0,0,0,0),
	(175,117,8,0,0,0,0,0,0,0,0,0,0,0,0,0,0,0,0,0,0),
	(182,202,0,0,0,0,0,0,0,0,0,0,0,0,0,0,0,0,0,0,0),
	(181,102,0,0,0,0,0,0,0,0,0,0,0,0,0,0,0,0,0,0,0),
	(180,84,0,0,0,0,0,0,0,0,0,0,0,0,0,0,0,0,0,0,0),
	(174,70,0,0,0,0,0,0,0,0,0,0,0,0,0,0,0,0,0,0,0),
	(173,94,153,0,0,0,0,0,0,0,0,0,0,0,0,0,0,0,0,0,0),
	(168,201,411,0,0,0,0,0,0,0,0,0,0,0,0,0,0,0,0,0,0),
	(167,71,213,0,0,0,0,0,0,0,0,0,0,0,0,0,0,0,0,0,0),
	(184,67,0,0,0,0,0,0,0,0,0,0,0,0,0,0,0,0,0,0,0),
	(183,100,0,0,0,0,0,0,0,0,0,0,0,0,0,0,0,0,0,0,0),
	(170,75,741,0,0,0,0,0,0,0,0,0,0,0,0,0,0,0,0,0,0),
	(169,87,511,0,0,0,0,0,0,0,0,0,0,0,0,0,0,0,0,0,0),
	(172,88,97,0,0,0,0,0,0,0,0,0,0,0,0,0,0,0,0,0,0),
	(171,115,85,0,0,0,0,0,0,0,0,0,0,0,0,0,0,0,0,0,0),
	(150,208,300,0,0,0,0,0,0,0,0,0,0,0,0,0,0,0,0,0,0),
	(149,86,14,0,0,0,0,0,0,0,0,0,0,0,0,0,0,0,0,0,0),
	(136,101,15,0,0,0,0,0,0,0,0,0,0,0,0,0,0,0,0,0,0),
	(135,175,50,0,0,0,0,0,0,0,0,0,0,0,0,0,0,0,0,0,0),
	(162,68,314,0,0,0,0,0,0,0,0,0,0,0,0,0,0,0,0,0,0),
	(161,177,65,0,0,0,0,0,0,0,0,0,0,0,0,0,0,0,0,0,0),
	(144,95,57,0,0,0,0,0,0,0,0,0,0,0,0,0,0,0,0,0,0),
	(143,203,230,0,0,0,0,0,0,0,0,0,0,0,0,0,0,0,0,0,0),
	(148,104,94,0,0,0,0,0,0,0,0,0,0,0,0,0,0,0,0,0,0),
	(147,89,23,0,0,0,0,0,0,0,0,0,0,0,0,0,0,0,0,0,0),
	(158,74,651,0,0,0,0,0,0,0,0,0,0,0,0,0,0,0,0,0,0),
	(157,113,11,0,0,0,0,0,0,0,0,0,0,0,0,0,0,0,0,0,0),
	(146,192,11,0,0,0,0,0,0,0,0,0,0,0,0,0,0,0,0,0,0),
	(145,122,56,0,0,0,0,0,0,0,0,0,0,0,0,0,0,0,0,0,0),
	(164,78,58,0,0,0,0,0,0,0,0,0,0,0,0,0,0,0,0,0,0),
	(163,82,965,0,0,0,0,0,0,0,0,0,0,0,0,0,0,0,0,0,0),
	(160,110,458,0,0,0,0,0,0,0,0,0,0,0,0,0,0,0,0,0,0),
	(159,85,90,0,0,0,0,0,0,0,0,0,0,0,0,0,0,0,0,0,0),
	(140,72,65,0,0,0,0,0,0,0,0,0,0,0,0,0,0,0,0,0,0),
	(139,79,54,0,0,0,0,0,0,0,0,0,0,0,0,0,0,0,0,0,0),
	(156,109,36,0,0,0,0,0,0,0,0,0,0,0,0,0,0,0,0,0,0),
	(155,119,31,0,0,0,0,0,0,0,0,0,0,0,0,0,0,0,0,0,0),
	(154,112,21,0,0,0,0,0,0,0,0,0,0,0,0,0,0,0,0,0,0),
	(153,91,63,0,0,0,0,0,0,0,0,0,0,0,0,0,0,0,0,0,0),
	(166,73,100,0,0,0,0,0,0,0,0,0,0,0,0,0,0,0,0,0,0),
	(152,107,210,0,0,0,0,0,0,0,0,0,0,0,0,0,0,0,0,0,0),
	(151,194,87,0,0,0,0,0,0,0,0,0,0,0,0,0,0,0,0,0,0);

/*!40000 ALTER TABLE `Coca Cola_another` ENABLE KEYS */;
UNLOCK TABLES;


# Dump of table Coca Cola_better
# ------------------------------------------------------------

DROP TABLE IF EXISTS `Coca Cola_better`;

CREATE TABLE `Coca Cola_better` (
  `id` int(11) NOT NULL auto_increment,
  `countryid` int(11) NOT NULL,
  `value` varchar(255) NOT NULL,
  PRIMARY KEY  (`id`)
) ENGINE=MyISAM AUTO_INCREMENT=199 DEFAULT CHARSET=latin1;

LOCK TABLES `Coca Cola_better` WRITE;
/*!40000 ALTER TABLE `Coca Cola_better` DISABLE KEYS */;
INSERT INTO `Coca Cola_better` (`id`,`countryid`,`value`)
VALUES
	(195,120,''),
	(194,92,''),
	(142,83,''),
	(141,111,''),
	(197,108,''),
	(196,106,''),
	(198,103,''),
	(134,93,''),
	(133,1,''),
	(184,67,''),
	(193,96,''),
	(192,98,''),
	(183,100,''),
	(182,202,''),
	(190,114,''),
	(171,115,''),
	(170,75,''),
	(191,105,''),
	(187,116,''),
	(186,81,''),
	(178,121,''),
	(177,80,''),
	(189,97,''),
	(138,118,''),
	(137,76,''),
	(185,99,''),
	(180,84,''),
	(181,102,''),
	(169,87,''),
	(168,201,''),
	(174,70,''),
	(173,94,''),
	(172,88,''),
	(167,71,''),
	(166,73,''),
	(162,68,''),
	(161,177,''),
	(188,69,''),
	(176,90,''),
	(175,117,''),
	(164,78,''),
	(163,82,''),
	(149,86,''),
	(148,104,''),
	(136,101,''),
	(135,175,''),
	(158,74,''),
	(144,95,''),
	(143,203,''),
	(147,89,''),
	(155,119,''),
	(146,192,''),
	(145,122,''),
	(159,85,''),
	(157,113,''),
	(156,109,''),
	(140,72,''),
	(139,79,''),
	(154,112,''),
	(153,91,''),
	(152,107,''),
	(160,110,''),
	(151,194,''),
	(150,208,'');

/*!40000 ALTER TABLE `Coca Cola_better` ENABLE KEYS */;
UNLOCK TABLES;


# Dump of table Coca Cola_Density
# ------------------------------------------------------------

DROP TABLE IF EXISTS `Coca Cola_Density`;

CREATE TABLE `Coca Cola_Density` (
  `id` int(11) NOT NULL auto_increment,
  `countryid` int(11) NOT NULL,
  `value` int(11) NOT NULL,
  PRIMARY KEY  (`id`)
) ENGINE=MyISAM AUTO_INCREMENT=65 DEFAULT CHARSET=latin1;

LOCK TABLES `Coca Cola_Density` WRITE;
/*!40000 ALTER TABLE `Coca Cola_Density` DISABLE KEYS */;
INSERT INTO `Coca Cola_Density` (`id`,`countryid`,`value`)
VALUES
	(1,1,0),
	(2,93,200),
	(3,175,300),
	(4,101,0),
	(5,76,0),
	(6,118,0),
	(7,79,0),
	(8,72,0),
	(9,111,0),
	(10,83,0),
	(11,203,0),
	(12,95,0),
	(13,122,0),
	(14,192,0),
	(15,89,0),
	(16,104,0),
	(17,86,0),
	(18,208,0),
	(19,194,0),
	(20,107,0),
	(21,91,0),
	(22,112,0),
	(23,119,0),
	(24,109,0),
	(25,110,0),
	(26,113,0),
	(27,74,0),
	(28,85,0),
	(29,177,0),
	(30,68,0),
	(31,82,0),
	(32,78,0),
	(33,73,100),
	(34,71,0),
	(35,201,0),
	(36,87,0),
	(37,75,0),
	(38,115,0),
	(39,88,0),
	(40,94,0),
	(41,70,0),
	(42,117,0),
	(43,90,0),
	(44,80,0),
	(45,121,0),
	(46,84,0),
	(47,102,0),
	(48,202,0),
	(49,100,0),
	(50,67,0),
	(51,99,0),
	(52,81,0),
	(53,116,0),
	(54,69,0),
	(55,97,0),
	(56,114,0),
	(57,105,0),
	(58,98,0),
	(59,96,0),
	(60,92,0),
	(61,120,0),
	(62,106,0),
	(63,108,0),
	(64,103,0);

/*!40000 ALTER TABLE `Coca Cola_Density` ENABLE KEYS */;
UNLOCK TABLES;


# Dump of table Coca Cola_Falafel
# ------------------------------------------------------------

DROP TABLE IF EXISTS `Coca Cola_Falafel`;

CREATE TABLE `Coca Cola_Falafel` (
  `id` int(11) NOT NULL auto_increment,
  `countryid` int(11) NOT NULL,
  `value` int(11) NOT NULL,
  PRIMARY KEY  (`id`)
) ENGINE=MyISAM AUTO_INCREMENT=65 DEFAULT CHARSET=latin1;

LOCK TABLES `Coca Cola_Falafel` WRITE;
/*!40000 ALTER TABLE `Coca Cola_Falafel` DISABLE KEYS */;
INSERT INTO `Coca Cola_Falafel` (`id`,`countryid`,`value`)
VALUES
	(1,1,0),
	(2,93,0),
	(3,175,0),
	(4,101,0),
	(5,76,0),
	(6,118,0),
	(7,79,0),
	(8,72,0),
	(9,111,0),
	(10,83,0),
	(11,203,0),
	(12,95,0),
	(13,122,0),
	(14,192,0),
	(15,89,0),
	(16,104,0),
	(17,86,0),
	(18,208,0),
	(19,194,0),
	(20,107,0),
	(21,91,0),
	(22,112,0),
	(23,119,0),
	(24,109,0),
	(25,110,0),
	(26,113,0),
	(27,74,0),
	(28,85,0),
	(29,177,0),
	(30,68,0),
	(31,82,0),
	(32,78,0),
	(33,73,0),
	(34,71,0),
	(35,201,0),
	(36,87,0),
	(37,75,0),
	(38,115,0),
	(39,88,0),
	(40,94,0),
	(41,70,0),
	(42,117,0),
	(43,90,0),
	(44,80,0),
	(45,121,0),
	(46,84,0),
	(47,102,0),
	(48,202,0),
	(49,100,0),
	(50,67,0),
	(51,99,0),
	(52,81,0),
	(53,116,0),
	(54,69,0),
	(55,97,0),
	(56,114,0),
	(57,105,0),
	(58,98,0),
	(59,96,0),
	(60,92,0),
	(61,120,0),
	(62,106,0),
	(63,108,0),
	(64,103,0);

/*!40000 ALTER TABLE `Coca Cola_Falafel` ENABLE KEYS */;
UNLOCK TABLES;


# Dump of table content
# ------------------------------------------------------------

DROP TABLE IF EXISTS `content`;

CREATE TABLE `content` (
  `id` int(11) NOT NULL auto_increment,
  `categoryid` int(11) NOT NULL,
  `category` varchar(255) NOT NULL,
  `title` varchar(255) NOT NULL,
  `title2` varchar(255) NOT NULL,
  `description` mediumtext NOT NULL,
  `url` varchar(255) NOT NULL,
  `location` varchar(255) NOT NULL,
  `employees` int(11) NOT NULL,
  `deleted` int(1) NOT NULL,
  PRIMARY KEY  (`id`)
) ENGINE=MyISAM AUTO_INCREMENT=89 DEFAULT CHARSET=latin1;

LOCK TABLES `content` WRITE;
/*!40000 ALTER TABLE `content` DISABLE KEYS */;
INSERT INTO `content` (`id`,`categoryid`,`category`,`title`,`title2`,`description`,`url`,`location`,`employees`,`deleted`)
VALUES
	(1,0,'Financials','HSBC','HSBC Holdings PLC','','http://hsbc.com','London, England',3120040,0),
	(2,1,'Pepsi Co.','Pepsi','Pepsi Cola','','http://pepsi.com','asdsdsdsd',234554,0),
	(3,1,'Pepsi Co.','Mountain Dew','Mountain Dew','','http://www.mountaindew.com/','La, USA',1234544,0),
	(12,0,'all','Baileys','Baileys','','www,anxietyindex.com','usa',0,0),
	(52,0,'','Ford','Ford Motor Company','','','',0,0),
	(15,0,'','Coca Cola','Coca Cola Company','','http://cocacola.com','Atlanta, GA',300000,0),
	(46,0,'','JWT','J Walter Thompson','','www.jwt.com','Worldwide',11000,0),
	(69,0,'alll','Tiger','Tiger Beer','','www.anxietyindex.com','Singapore',0,0),
	(55,0,'Telecomms','Nokia','Nokia','','','',0,0),
	(57,0,'Financial','HSBC 14','HSBC Top 14 markets','','','',0,0),
	(67,0,'','HSBC Ian','','','','',0,0),
	(83,0,'','BrandZ 100 Most Valuable','','','','',0,0),
	(66,0,'New Category','New Brand','New Brand','','http://www.brandnew.com','United Kingdom',200,0),
	(70,0,'Banking','Santander','','','www.santander.com','Madrid/Spain',120000,0),
	(71,0,'anxiety','test','william\\\'s test','','www.anxietyindex.com','usa',10,0),
	(72,0,'','william','test','','','',0,0),
	(74,0,'','Lux','Lux','','','',0,0),
	(76,0,'','BMW','','','','',0,0),
	(75,0,'','LTO','','','','',0,0),
	(77,0,'','Lizzie C','','','','',0,0),
	(82,0,'Telecoms','Vodafone Q3 2009','Vodafone market and brand data','','','',0,0),
	(84,0,'','Test C','','','','',0,0),
	(85,0,'','J&J','J&J Baby Pitch','','','',0,0),
	(86,0,'gum','Cadbury ','Cadbury gum','','','',100,0),
	(87,0,'','kraft','','','','',0,0),
	(88,0,'','Cadbury 2','','','','',0,0);

/*!40000 ALTER TABLE `content` ENABLE KEYS */;
UNLOCK TABLES;


# Dump of table content_content
# ------------------------------------------------------------

DROP TABLE IF EXISTS `content_content`;

CREATE TABLE `content_content` (
  `id` int(11) NOT NULL auto_increment,
  `contentid` int(11) NOT NULL,
  `contentid2` int(11) NOT NULL,
  PRIMARY KEY  (`id`),
  KEY `contentid` (`contentid`,`contentid2`)
) ENGINE=MyISAM DEFAULT CHARSET=utf8;



# Dump of table content_countries
# ------------------------------------------------------------

DROP TABLE IF EXISTS `content_countries`;

CREATE TABLE `content_countries` (
  `id` int(11) NOT NULL auto_increment,
  `contentid` int(11) NOT NULL,
  `countryid` int(11) NOT NULL,
  `customfield` mediumtext NOT NULL,
  PRIMARY KEY  (`id`)
) ENGINE=MyISAM AUTO_INCREMENT=3174 DEFAULT CHARSET=latin1;

LOCK TABLES `content_countries` WRITE;
/*!40000 ALTER TABLE `content_countries` DISABLE KEYS */;
INSERT INTO `content_countries` (`id`,`contentid`,`countryid`,`customfield`)
VALUES
	(1,1,8,'<TEXTFORMAT LEADING=\\\"9\\\"><P ALIGN=\\\"LEFT\\\"><FONT FACE=\\\"FlamaBook\\\" SIZE=\\\"12\\\" COLOR=\\\"#111111\\\" LETTERSPACING=\\\"0\\\" KERNING=\\\"0\\\">test</FONT></P></TEXTFORMAT>'),
	(2,1,139,'<TEXTFORMAT LEADING=\\\"9\\\"><P ALIGN=\\\"LEFT\\\"><FONT FACE=\\\"FlamaBook\\\" SIZE=\\\"12\\\" COLOR=\\\"#111111\\\" LETTERSPACING=\\\"0\\\" KERNING=\\\"0\\\">❤❤❤❤❤❤❤</FONT></P></TEXTFORMAT><TEXTFORMAT LEADING=\\\"9\\\"><P ALIGN=\\\"LEFT\\\"><FONT FACE=\\\"FlamaBook\\\" SIZE=\\\"12\\\" COLOR=\\\"#111111\\\" LETTERSPACING=\\\"0\\\" KERNING=\\\"0\\\">dsdsdsdsds</FONT></P></TEXTFORMAT><TEXTFORMAT LEADING=\\\"9\\\"><P ALIGN=\\\"LEFT\\\"><FONT FACE=\\\"FlamaBook\\\" SIZE=\\\"12\\\" COLOR=\\\"#111111\\\" LETTERSPACING=\\\"0\\\" KERNING=\\\"0\\\">❧❧❧❧❧</FONT></P></TEXTFORMAT>'),
	(3,1,59,''),
	(4,1,138,''),
	(228,12,17,'<TEXTFORMAT LEADING=\\\"9\\\"><P ALIGN=\\\"LEFT\\\"><FONT FACE=\\\"FlamaBook\\\" SIZE=\\\"12\\\" COLOR=\\\"#111111\\\" LETTERSPACING=\\\"0\\\" KERNING=\\\"0\\\">Enter Stuff</FONT></P></TEXTFORMAT>'),
	(6,1,142,''),
	(7,1,211,''),
	(8,1,21,''),
	(9,1,213,''),
	(10,1,9,''),
	(227,12,31,'<TEXTFORMAT LEADING=\\\"9\\\"><P ALIGN=\\\"LEFT\\\"><FONT FACE=\\\"FlamaBook\\\" SIZE=\\\"12\\\" COLOR=\\\"#111111\\\" LETTERSPACING=\\\"0\\\" KERNING=\\\"0\\\">file:///Users/mapoffice/Desktop/OLS_screen.png</FONT></P></TEXTFORMAT>'),
	(12,1,41,''),
	(13,1,143,''),
	(14,1,4,'<TEXTFORMAT LEADING=\\\"9\\\"><P ALIGN=\\\"LEFT\\\"><FONT FACE=\\\"FlamaBook\\\" SIZE=\\\"12\\\" COLOR=\\\"#111111\\\" LETTERSPACING=\\\"0\\\" KERNING=\\\"0\\\"></FONT></P></TEXTFORMAT>'),
	(317,12,155,''),
	(16,1,149,''),
	(17,1,209,''),
	(231,12,60,''),
	(19,1,22,''),
	(20,1,207,''),
	(21,1,71,''),
	(22,1,20,''),
	(23,1,145,''),
	(24,1,23,''),
	(27,1,155,''),
	(28,1,144,''),
	(29,1,148,''),
	(30,1,146,''),
	(229,12,64,'<TEXTFORMAT LEADING=\\\"9\\\"><P ALIGN=\\\"LEFT\\\"><FONT FACE=\\\"FlamaBook\\\" SIZE=\\\"12\\\" COLOR=\\\"#111111\\\" LETTERSPACING=\\\"0\\\" KERNING=\\\"0\\\">Enter Stuff</FONT></P></TEXTFORMAT>'),
	(32,1,212,''),
	(33,1,136,''),
	(34,1,5,''),
	(35,1,121,''),
	(36,1,69,''),
	(37,1,197,''),
	(38,1,6,''),
	(39,1,68,''),
	(40,1,186,''),
	(41,1,174,''),
	(42,1,125,''),
	(43,1,62,''),
	(44,1,48,''),
	(45,1,11,''),
	(46,1,28,''),
	(47,1,14,''),
	(48,1,135,''),
	(49,1,216,''),
	(50,1,199,''),
	(51,1,163,''),
	(52,1,38,''),
	(53,1,115,''),
	(79,1,29,''),
	(57,1,130,''),
	(58,1,106,''),
	(59,1,10,''),
	(60,1,79,''),
	(61,1,35,''),
	(78,1,137,''),
	(77,1,114,''),
	(76,1,188,''),
	(75,1,102,''),
	(74,1,96,''),
	(69,1,208,''),
	(80,1,36,''),
	(73,1,46,''),
	(72,1,195,''),
	(97,1,7,'bla'),
	(125,1,162,''),
	(126,1,189,''),
	(128,1,202,''),
	(129,1,54,''),
	(130,1,200,''),
	(131,1,39,''),
	(132,1,33,''),
	(133,1,154,''),
	(134,1,134,''),
	(135,1,129,''),
	(136,1,205,''),
	(138,1,105,''),
	(316,12,121,''),
	(315,12,71,''),
	(304,12,5,''),
	(305,12,186,''),
	(295,2,116,''),
	(296,2,117,''),
	(297,2,100,''),
	(160,1,60,''),
	(161,1,30,''),
	(162,1,65,''),
	(163,1,64,''),
	(164,1,210,''),
	(165,1,31,''),
	(166,1,17,''),
	(314,12,119,''),
	(312,12,9,''),
	(308,12,144,''),
	(309,12,141,''),
	(310,12,65,''),
	(311,12,116,''),
	(232,12,30,''),
	(233,12,210,''),
	(235,12,4,''),
	(236,12,20,''),
	(237,12,8,''),
	(238,12,21,''),
	(240,12,41,''),
	(241,12,138,''),
	(242,12,149,''),
	(243,12,213,''),
	(244,12,148,''),
	(245,12,22,''),
	(246,12,209,''),
	(247,12,23,''),
	(318,12,99,''),
	(319,12,211,''),
	(320,12,207,''),
	(321,12,139,''),
	(322,12,145,''),
	(323,12,143,''),
	(324,12,146,''),
	(325,12,69,''),
	(326,12,142,''),
	(327,12,67,''),
	(328,12,200,''),
	(329,12,136,''),
	(330,12,122,''),
	(675,15,108,''),
	(661,15,100,''),
	(650,15,88,''),
	(649,15,115,''),
	(664,15,81,''),
	(671,15,96,''),
	(662,15,67,''),
	(654,15,90,''),
	(914,46,99,''),
	(3172,86,99,''),
	(672,15,92,''),
	(656,15,121,''),
	(641,15,82,''),
	(644,15,73,''),
	(648,15,75,''),
	(663,15,99,''),
	(652,15,70,''),
	(651,15,94,''),
	(653,15,117,''),
	(676,15,103,''),
	(668,15,114,''),
	(669,15,105,''),
	(670,15,98,''),
	(612,15,93,''),
	(614,15,101,''),
	(615,15,76,''),
	(616,15,118,''),
	(617,15,79,''),
	(618,15,72,''),
	(619,15,111,''),
	(620,15,83,''),
	(621,15,203,''),
	(622,15,95,''),
	(623,15,122,''),
	(624,15,192,''),
	(625,15,89,''),
	(626,15,104,''),
	(627,15,86,''),
	(628,15,208,''),
	(629,15,194,''),
	(630,15,107,''),
	(631,15,91,''),
	(632,15,112,''),
	(633,15,119,''),
	(634,15,109,''),
	(635,15,110,''),
	(636,15,113,''),
	(637,15,74,''),
	(638,15,85,''),
	(639,15,177,''),
	(611,15,1,''),
	(655,15,80,''),
	(646,15,201,''),
	(640,15,68,''),
	(667,15,97,''),
	(659,15,102,''),
	(658,15,84,''),
	(665,15,116,''),
	(613,15,175,''),
	(642,15,78,''),
	(674,15,106,''),
	(673,15,120,''),
	(660,15,202,''),
	(666,15,69,''),
	(645,15,71,''),
	(647,15,87,''),
	(890,46,120,''),
	(891,46,116,''),
	(863,3,211,''),
	(864,46,67,''),
	(1438,55,17,''),
	(866,46,69,''),
	(867,46,71,''),
	(944,46,30,''),
	(938,46,31,''),
	(932,46,9,''),
	(931,46,4,''),
	(924,46,117,''),
	(3171,86,67,''),
	(3168,86,123,''),
	(3169,86,41,''),
	(3170,86,71,''),
	(862,3,30,'<TEXTFORMAT LEADING=\\\"9\\\"><P ALIGN=\\\"LEFT\\\"><FONT FACE=\\\"FlamaBook\\\" SIZE=\\\"12\\\" COLOR=\\\"#111111\\\" LETTERSPACING=\\\"0\\\" KERNING=\\\"0\\\">Drink Coke!</FONT></P></TEXTFORMAT>'),
	(959,46,123,''),
	(962,46,51,''),
	(970,46,132,''),
	(972,46,135,''),
	(973,46,134,''),
	(974,46,137,''),
	(975,46,139,''),
	(976,46,141,''),
	(977,46,143,''),
	(978,46,148,''),
	(3161,46,145,''),
	(985,46,211,''),
	(986,46,17,''),
	(989,46,34,''),
	(990,46,138,''),
	(991,46,36,''),
	(992,46,142,''),
	(993,46,144,''),
	(994,46,146,''),
	(995,46,149,''),
	(998,46,155,''),
	(1000,46,207,''),
	(1001,46,212,''),
	(3173,86,121,''),
	(1003,46,35,''),
	(1004,46,38,''),
	(1007,46,42,''),
	(1008,46,48,''),
	(1009,46,46,''),
	(1011,46,53,''),
	(1012,46,55,''),
	(1013,46,57,''),
	(1014,46,61,''),
	(1015,46,59,''),
	(1016,46,63,''),
	(1017,46,65,''),
	(1023,46,45,''),
	(1025,46,49,''),
	(1030,46,60,''),
	(1031,46,62,''),
	(1032,46,64,''),
	(1033,46,66,''),
	(1044,46,199,''),
	(1048,46,195,''),
	(1050,46,200,''),
	(1051,46,210,''),
	(1054,46,3,''),
	(1055,46,7,''),
	(1057,46,12,''),
	(1058,46,14,''),
	(1062,46,213,''),
	(1064,46,2,''),
	(1065,46,6,''),
	(1066,46,8,''),
	(1067,46,11,''),
	(1068,46,13,''),
	(1069,46,15,''),
	(1227,52,187,''),
	(1226,52,52,''),
	(1225,52,196,''),
	(1224,52,49,''),
	(1223,52,186,''),
	(1222,52,40,''),
	(1221,52,195,''),
	(1220,52,210,''),
	(1219,52,159,''),
	(1218,52,37,''),
	(1217,52,162,''),
	(1216,52,164,''),
	(1215,52,44,''),
	(1214,52,62,''),
	(1213,52,60,''),
	(1212,52,42,''),
	(1211,52,54,''),
	(1210,52,38,''),
	(1209,52,126,''),
	(1208,52,35,''),
	(1207,52,55,''),
	(1206,52,17,''),
	(1205,52,125,''),
	(1204,52,46,''),
	(1203,52,199,''),
	(1202,52,193,''),
	(1201,52,64,''),
	(1200,52,158,''),
	(1199,52,53,''),
	(1198,52,61,''),
	(1197,52,214,''),
	(1196,52,65,''),
	(1195,52,57,''),
	(1194,52,189,''),
	(1193,52,47,''),
	(1192,52,200,''),
	(1191,52,213,''),
	(1190,52,43,''),
	(1189,52,36,''),
	(1188,52,45,''),
	(1187,52,188,''),
	(1186,52,63,''),
	(1185,52,59,''),
	(1184,52,185,''),
	(1183,52,34,''),
	(1182,52,39,''),
	(1181,52,41,''),
	(1180,52,215,''),
	(1179,52,157,''),
	(1178,52,33,''),
	(1177,52,58,''),
	(1176,52,48,''),
	(1175,52,217,''),
	(1174,52,66,''),
	(1173,52,50,''),
	(1172,52,197,''),
	(1171,52,56,''),
	(1437,55,148,''),
	(2327,67,52,''),
	(2326,67,187,''),
	(2325,67,57,''),
	(2324,67,59,''),
	(2323,67,53,''),
	(2322,67,55,''),
	(2321,67,185,''),
	(2320,67,50,''),
	(2319,67,48,''),
	(2318,67,66,''),
	(2317,67,40,''),
	(2316,67,38,''),
	(2315,67,44,''),
	(2314,67,17,''),
	(2313,67,211,''),
	(2312,67,42,''),
	(2311,67,34,''),
	(2310,67,127,''),
	(2309,67,36,''),
	(2308,67,199,''),
	(2307,67,56,''),
	(2306,67,45,''),
	(2305,67,62,''),
	(2304,67,60,''),
	(2303,67,61,''),
	(2302,67,193,''),
	(2301,67,54,''),
	(2300,67,43,''),
	(2299,67,49,''),
	(2298,67,46,''),
	(2297,67,41,''),
	(2296,67,139,''),
	(2295,67,205,''),
	(2294,67,39,''),
	(2293,67,37,''),
	(2292,67,35,''),
	(2291,67,135,''),
	(2290,67,204,''),
	(2289,67,155,''),
	(2257,70,2,''),
	(2256,70,11,''),
	(2255,70,14,''),
	(2254,70,64,''),
	(2253,70,8,''),
	(2252,70,12,''),
	(2251,70,4,''),
	(2250,70,213,''),
	(2249,70,66,''),
	(2248,70,6,''),
	(2282,67,154,''),
	(2283,67,123,''),
	(2288,67,153,''),
	(2287,67,151,''),
	(2286,67,149,''),
	(2285,67,146,''),
	(2284,67,156,''),
	(2258,67,51,''),
	(2259,67,128,''),
	(2260,67,124,''),
	(2261,67,130,''),
	(2262,67,134,''),
	(2263,67,132,''),
	(2264,67,136,''),
	(2265,67,138,''),
	(2266,67,140,''),
	(2267,67,142,''),
	(2268,67,144,''),
	(2269,67,129,''),
	(2270,67,131,''),
	(2271,67,133,''),
	(2272,67,207,''),
	(2273,67,137,''),
	(2274,67,212,''),
	(2275,67,143,''),
	(2276,67,145,''),
	(2277,67,141,''),
	(2278,67,33,''),
	(2279,67,148,''),
	(2280,67,150,''),
	(2281,67,152,''),
	(2205,66,185,''),
	(2204,66,63,''),
	(2203,66,62,''),
	(2202,66,48,''),
	(2201,66,49,''),
	(2200,66,60,''),
	(2199,66,66,''),
	(2198,66,45,''),
	(2197,66,39,''),
	(2196,66,42,''),
	(2195,66,43,''),
	(2194,66,55,''),
	(2193,66,189,''),
	(2192,66,126,''),
	(2191,66,40,''),
	(2190,66,61,''),
	(2189,66,38,''),
	(2188,66,157,''),
	(2187,66,196,''),
	(2186,66,197,''),
	(2185,66,217,''),
	(2184,66,186,''),
	(2183,66,199,''),
	(2182,66,59,''),
	(2181,66,53,''),
	(2180,66,213,''),
	(2179,66,46,''),
	(2178,66,195,''),
	(2177,66,214,''),
	(2176,66,58,''),
	(2175,66,56,''),
	(2174,66,164,''),
	(2173,66,188,''),
	(2172,66,64,''),
	(2171,66,215,''),
	(2170,66,35,''),
	(2169,66,200,''),
	(2168,66,187,''),
	(2167,66,44,''),
	(2166,66,193,''),
	(2165,66,33,''),
	(2164,66,47,''),
	(2163,66,159,''),
	(2162,66,37,''),
	(2161,66,17,''),
	(2160,66,162,''),
	(2159,66,34,''),
	(2158,66,50,''),
	(2157,66,41,''),
	(2156,66,210,''),
	(2155,66,52,''),
	(2154,66,65,''),
	(2153,66,125,''),
	(2152,66,36,''),
	(2151,66,54,''),
	(2150,66,57,''),
	(2149,66,158,''),
	(1439,55,134,''),
	(1440,55,59,''),
	(1441,55,139,''),
	(1442,55,6,''),
	(1443,55,60,''),
	(1444,55,41,''),
	(1445,55,116,''),
	(1446,55,144,''),
	(1447,55,143,''),
	(1448,55,42,''),
	(1449,55,213,''),
	(1450,55,4,''),
	(1451,55,118,''),
	(1452,55,119,''),
	(1453,55,64,''),
	(1454,55,65,''),
	(1455,55,117,''),
	(1456,55,63,''),
	(1457,55,30,''),
	(1458,55,155,''),
	(1459,55,123,''),
	(1460,55,138,''),
	(1486,57,17,''),
	(1485,57,143,''),
	(1484,57,155,''),
	(1483,57,123,''),
	(1482,57,64,''),
	(1481,57,116,''),
	(1480,57,31,''),
	(1479,57,30,''),
	(1478,57,211,''),
	(1477,57,4,''),
	(1476,57,134,''),
	(1475,57,138,''),
	(1474,57,6,''),
	(2391,67,29,''),
	(2390,67,27,''),
	(2389,67,24,''),
	(2388,67,22,''),
	(2387,67,20,''),
	(2386,67,209,''),
	(2385,67,190,''),
	(2384,67,183,''),
	(2383,67,181,''),
	(2382,67,179,''),
	(2381,67,176,''),
	(2380,67,173,''),
	(2379,67,170,''),
	(2378,67,163,''),
	(2377,67,32,''),
	(2376,67,30,''),
	(2375,67,28,''),
	(2374,67,25,''),
	(2373,67,23,''),
	(2372,67,4,''),
	(2371,67,21,''),
	(2370,67,5,''),
	(2369,67,9,''),
	(2368,67,195,''),
	(2367,67,3,''),
	(2366,67,167,''),
	(2365,67,6,''),
	(2364,67,217,''),
	(2363,67,8,''),
	(2362,67,12,''),
	(2361,67,10,''),
	(2360,67,7,''),
	(2359,67,196,''),
	(2358,67,2,''),
	(2357,67,165,''),
	(2356,67,215,''),
	(2355,67,18,''),
	(2354,67,14,''),
	(2353,67,214,''),
	(2352,67,213,''),
	(2351,67,47,''),
	(2350,67,200,''),
	(2349,67,157,''),
	(2348,67,125,''),
	(2347,67,188,''),
	(2346,67,197,''),
	(2345,67,158,''),
	(2344,67,58,''),
	(2343,67,186,''),
	(2342,67,164,''),
	(2341,67,159,''),
	(2340,67,166,''),
	(2339,67,13,''),
	(2338,67,65,''),
	(2337,67,168,''),
	(2336,67,19,''),
	(2335,67,15,''),
	(2334,67,11,''),
	(2333,67,162,''),
	(2332,67,63,''),
	(2331,67,64,''),
	(2330,67,126,''),
	(2329,67,210,''),
	(2328,67,189,''),
	(2392,67,31,''),
	(2393,67,161,''),
	(2394,67,216,''),
	(2395,67,169,''),
	(2396,67,174,''),
	(2397,67,178,''),
	(2398,67,180,''),
	(2399,67,182,''),
	(2400,67,184,''),
	(2401,67,191,''),
	(2402,67,172,''),
	(2560,75,145,''),
	(2652,55,150,''),
	(2552,75,30,''),
	(2553,75,139,''),
	(2554,75,35,''),
	(2555,75,47,''),
	(2556,75,149,''),
	(2557,75,81,''),
	(2546,75,155,''),
	(2535,75,85,''),
	(2536,75,96,''),
	(2537,75,106,''),
	(2538,75,48,''),
	(2539,75,31,''),
	(2540,75,63,''),
	(2541,75,88,''),
	(2542,75,142,''),
	(2543,75,64,''),
	(2544,75,211,''),
	(2545,75,207,''),
	(2534,75,134,''),
	(2562,75,60,''),
	(2650,55,142,''),
	(2550,75,138,''),
	(2649,55,205,''),
	(2558,75,212,''),
	(2551,75,107,''),
	(2559,75,34,''),
	(2660,55,33,''),
	(2661,55,43,''),
	(2662,55,39,''),
	(2547,75,42,''),
	(2548,75,132,''),
	(2549,75,6,''),
	(2531,74,99,''),
	(2532,75,135,''),
	(2533,75,148,''),
	(2530,74,132,''),
	(2671,55,159,''),
	(2655,55,204,''),
	(2656,55,154,''),
	(2563,75,1,''),
	(2641,55,129,''),
	(2658,55,211,''),
	(2561,75,46,''),
	(2668,55,164,''),
	(2524,74,11,''),
	(2525,74,139,''),
	(2526,74,117,''),
	(2527,74,144,''),
	(2528,74,30,''),
	(2529,74,6,''),
	(2523,74,138,''),
	(2522,74,134,''),
	(2667,55,54,''),
	(2648,55,156,''),
	(2666,55,56,''),
	(2659,55,212,''),
	(2637,55,51,''),
	(2657,55,207,''),
	(2639,55,127,''),
	(3157,69,138,''),
	(2654,55,146,''),
	(2647,55,136,''),
	(2663,55,37,''),
	(2651,55,152,''),
	(2642,55,149,''),
	(2635,55,135,''),
	(2653,55,140,''),
	(2669,55,52,''),
	(2634,55,130,''),
	(2632,55,124,''),
	(2631,55,128,''),
	(2670,55,157,''),
	(2665,55,35,''),
	(2636,55,137,''),
	(3160,69,142,''),
	(2633,55,132,''),
	(2664,55,58,''),
	(2640,55,145,''),
	(2638,55,141,''),
	(2643,55,131,''),
	(2644,55,151,''),
	(2645,55,153,''),
	(2646,55,133,''),
	(2672,55,34,''),
	(2673,55,125,''),
	(2674,55,47,''),
	(2675,55,62,''),
	(2676,55,45,''),
	(2677,55,49,''),
	(2678,55,210,''),
	(2679,55,215,''),
	(2680,55,196,''),
	(2681,55,199,''),
	(2682,55,193,''),
	(2683,55,188,''),
	(2684,55,36,''),
	(2685,55,186,''),
	(2686,55,38,''),
	(2687,55,40,''),
	(2688,55,44,''),
	(2689,55,46,''),
	(2690,55,48,''),
	(2691,55,50,''),
	(2692,55,55,''),
	(2693,55,53,''),
	(2694,55,61,''),
	(2695,55,57,''),
	(2696,55,66,''),
	(2697,55,158,''),
	(2698,55,187,''),
	(2699,55,162,''),
	(2700,55,126,''),
	(2701,55,185,''),
	(2702,55,189,''),
	(2703,55,195,''),
	(2704,55,197,''),
	(2705,55,217,''),
	(2706,55,200,''),
	(2707,55,214,''),
	(2708,55,3,''),
	(2709,55,2,''),
	(2710,55,10,''),
	(2711,55,7,''),
	(2712,55,12,''),
	(2713,55,14,''),
	(2714,55,165,''),
	(2715,55,18,''),
	(2716,55,8,''),
	(2717,55,11,''),
	(2718,55,13,''),
	(2719,55,15,''),
	(2720,55,19,''),
	(2721,55,166,''),
	(2722,55,167,''),
	(2723,55,168,''),
	(2724,77,17,''),
	(2725,77,33,''),
	(2726,77,34,''),
	(2727,77,35,''),
	(2728,77,36,''),
	(2729,77,37,''),
	(2730,77,38,''),
	(2731,77,39,''),
	(2732,77,40,''),
	(2733,77,41,''),
	(2734,77,43,''),
	(2735,77,42,''),
	(2736,77,44,''),
	(2737,77,45,''),
	(2738,77,46,''),
	(2739,77,47,''),
	(2740,77,49,'<TEXTFORMAT LEADING=\\\"9\\\"><P ALIGN=\\\"LEFT\\\"><FONT FACE=\\\"FlamaBook\\\" SIZE=\\\"12\\\" COLOR=\\\"#111111\\\" LETTERSPACING=\\\"0\\\" KERNING=\\\"0\\\">457645764576</FONT></P></TEXTFORMAT>'),
	(2741,77,48,''),
	(2742,77,50,''),
	(2743,77,52,''),
	(2744,77,53,''),
	(2745,77,54,''),
	(2746,77,55,''),
	(2747,77,56,''),
	(2748,77,58,'<TEXTFORMAT LEADING=\\\"9\\\"><P ALIGN=\\\"LEFT\\\"><FONT FACE=\\\"FlamaBook\\\" SIZE=\\\"12\\\" COLOR=\\\"#111111\\\" LETTERSPACING=\\\"0\\\" KERNING=\\\"0\\\">345232345234</FONT></P></TEXTFORMAT>'),
	(2749,77,57,''),
	(2750,77,59,''),
	(2751,77,60,''),
	(2752,77,61,''),
	(2753,77,62,''),
	(2754,77,63,''),
	(2755,77,64,''),
	(2756,77,65,''),
	(2757,77,66,''),
	(2758,77,126,''),
	(2759,77,125,'<TEXTFORMAT LEADING=\\\"9\\\"><P ALIGN=\\\"LEFT\\\"><FONT FACE=\\\"FlamaBook\\\" SIZE=\\\"12\\\" COLOR=\\\"#111111\\\" LETTERSPACING=\\\"0\\\" KERNING=\\\"0\\\">23452345345234</FONT></P></TEXTFORMAT>'),
	(2760,77,157,''),
	(2761,77,158,''),
	(2762,77,159,''),
	(2763,77,162,''),
	(2764,77,164,''),
	(2765,77,185,'<TEXTFORMAT LEADING=\\\"9\\\"><P ALIGN=\\\"LEFT\\\"><FONT FACE=\\\"FlamaBook\\\" SIZE=\\\"12\\\" COLOR=\\\"#111111\\\" LETTERSPACING=\\\"0\\\" KERNING=\\\"0\\\">2345234523452345</FONT></P></TEXTFORMAT>'),
	(2766,77,187,''),
	(2767,77,186,'<TEXTFORMAT LEADING=\\\"9\\\"><P ALIGN=\\\"LEFT\\\"><FONT FACE=\\\"FlamaBook\\\" SIZE=\\\"12\\\" COLOR=\\\"#111111\\\" LETTERSPACING=\\\"0\\\" KERNING=\\\"0\\\">57856785678</FONT></P></TEXTFORMAT>'),
	(2768,77,189,''),
	(2769,77,188,''),
	(2770,77,195,''),
	(2771,77,193,''),
	(2772,77,196,''),
	(2773,77,197,''),
	(2774,77,199,''),
	(2775,77,200,''),
	(2776,77,210,''),
	(2777,77,213,''),
	(2778,77,214,''),
	(2779,77,215,''),
	(2780,77,1,''),
	(2781,77,217,''),
	(2782,77,67,''),
	(2783,77,68,''),
	(2784,77,69,''),
	(2785,77,70,''),
	(2786,77,72,''),
	(2787,77,71,''),
	(2788,77,73,''),
	(2789,77,74,''),
	(2790,77,76,''),
	(2791,77,75,''),
	(2792,77,79,''),
	(2793,77,78,''),
	(2794,77,81,''),
	(2795,77,80,''),
	(2796,77,82,''),
	(2797,77,83,''),
	(2798,77,85,''),
	(2799,77,84,''),
	(2800,77,87,''),
	(2801,77,86,''),
	(2802,77,88,''),
	(2803,77,89,''),
	(2804,77,90,''),
	(2805,77,91,''),
	(2806,77,92,''),
	(2807,77,93,''),
	(2808,77,94,''),
	(2809,77,95,''),
	(2810,77,96,''),
	(2811,77,97,''),
	(2812,77,98,''),
	(2813,77,99,''),
	(2814,77,101,''),
	(2815,77,100,''),
	(2816,77,102,''),
	(2817,77,103,''),
	(2818,77,104,''),
	(2819,77,105,''),
	(2820,77,106,''),
	(2821,77,107,''),
	(2822,77,108,''),
	(2823,77,109,''),
	(2824,77,111,''),
	(2825,77,110,''),
	(2826,77,112,''),
	(2827,77,113,''),
	(2828,77,114,''),
	(2829,77,115,''),
	(2830,77,116,''),
	(2831,77,117,''),
	(2832,77,119,''),
	(2833,77,118,''),
	(2834,77,120,''),
	(2835,77,121,''),
	(2836,77,122,''),
	(2837,77,175,''),
	(2838,77,177,''),
	(2839,77,192,''),
	(2840,77,201,''),
	(2841,77,194,''),
	(2842,77,203,''),
	(2843,77,202,''),
	(2844,77,208,''),
	(2845,77,4,''),
	(2846,77,9,''),
	(2847,77,5,''),
	(2848,77,20,''),
	(2849,77,21,''),
	(2850,77,23,''),
	(2851,77,22,''),
	(2852,77,24,''),
	(2853,77,25,''),
	(2854,77,27,''),
	(2855,77,28,''),
	(2856,77,29,''),
	(2857,77,30,''),
	(2858,77,31,''),
	(2859,77,32,''),
	(2860,77,161,''),
	(2861,77,163,''),
	(2862,77,170,''),
	(2863,77,169,''),
	(2864,77,173,''),
	(2865,77,172,''),
	(2866,77,174,''),
	(2867,77,176,''),
	(2868,77,178,''),
	(2869,77,179,''),
	(2870,77,180,''),
	(2871,77,181,''),
	(2872,77,182,''),
	(2873,77,183,''),
	(2874,77,184,''),
	(2875,77,190,''),
	(2876,77,191,''),
	(2877,77,209,''),
	(2878,77,216,''),
	(3159,69,155,''),
	(3158,69,143,''),
	(3156,83,6,''),
	(3155,83,63,''),
	(3154,83,59,''),
	(3153,83,49,''),
	(3152,83,41,''),
	(3151,83,35,''),
	(3150,83,213,''),
	(3149,83,30,''),
	(3095,82,58,''),
	(3094,82,45,''),
	(3093,82,46,''),
	(3092,82,48,''),
	(3091,82,66,''),
	(3090,82,213,''),
	(3089,82,63,''),
	(3088,82,60,''),
	(3087,82,59,''),
	(3086,82,65,''),
	(3085,82,64,''),
	(3148,83,138,''),
	(3142,83,60,''),
	(3126,82,143,''),
	(3110,82,33,''),
	(3138,82,41,''),
	(3147,83,64,''),
	(3146,83,36,''),
	(3145,83,212,''),
	(3144,83,31,''),
	(3143,83,17,''),
	(3141,82,57,''),
	(3140,82,34,''),
	(3139,82,144,''),
	(3137,82,145,''),
	(3136,82,4,''),
	(3135,82,30,''),
	(3134,82,6,''),
	(3133,82,11,''),
	(3132,82,14,''),
	(3131,82,150,''),
	(3130,82,146,''),
	(3129,82,212,''),
	(3128,82,138,''),
	(3127,82,139,''),
	(3125,82,155,''),
	(3124,82,106,''),
	(3123,82,175,''),
	(3122,82,123,''),
	(3121,82,71,''),
	(3120,82,85,''),
	(3119,82,134,''),
	(3118,82,148,''),
	(3117,82,149,''),
	(3116,82,99,''),
	(3115,82,17,''),
	(3114,82,200,''),
	(3113,82,62,''),
	(3112,82,39,''),
	(3111,82,195,''),
	(3109,82,210,''),
	(3108,82,36,''),
	(3107,82,193,''),
	(3106,82,37,''),
	(3105,82,38,''),
	(3104,82,49,''),
	(3103,82,61,''),
	(3102,82,51,''),
	(3101,82,50,''),
	(3100,82,53,''),
	(3099,82,56,''),
	(3098,82,55,''),
	(3097,82,199,''),
	(3096,82,1,'');

/*!40000 ALTER TABLE `content_countries` ENABLE KEYS */;
UNLOCK TABLES;


# Dump of table content_datasets
# ------------------------------------------------------------

DROP TABLE IF EXISTS `content_datasets`;

CREATE TABLE `content_datasets` (
  `id` bigint(20) NOT NULL auto_increment,
  `contentid` int(11) NOT NULL,
  `name` varchar(255) NOT NULL,
  `dataset` varchar(255) NOT NULL COMMENT 'this is the name of the table',
  `time` int(1) NOT NULL,
  `quant` int(1) NOT NULL,
  `unit` varchar(4) NOT NULL COMMENT 'unit symbol',
  `multiplier` int(11) NOT NULL COMMENT 'base multiplier',
  `options` varchar(255) NOT NULL,
  `deleted` int(1) NOT NULL,
  PRIMARY KEY  (`id`)
) ENGINE=MyISAM AUTO_INCREMENT=221 DEFAULT CHARSET=latin1;

LOCK TABLES `content_datasets` WRITE;
/*!40000 ALTER TABLE `content_datasets` DISABLE KEYS */;
INSERT INTO `content_datasets` (`id`,`contentid`,`name`,`dataset`,`time`,`quant`,`unit`,`multiplier`,`options`,`deleted`)
VALUES
	(1,1,'Branches','HSBC_branches',1,1,'',1000,'',0),
	(11,1,'Volume','HSBC_volume',0,1,'US D',1000,'',0),
	(12,1,'Participation','HSBC_participation',0,0,'',0,'',0),
	(14,1,'Maturity','HSBC_maturity',0,0,'',0,'',0),
	(102,15,'Density','Coca Cola_Density',0,1,'US D',1,'',0),
	(16,1,'Data','HSBC_data',0,1,'US D',1,'',0),
	(104,15,'Falafel','Coca Cola_Falafel',0,1,'US D',1,'',0),
	(132,66,'Scale','New Brand_Scale',1,1,'US D',1,'',0),
	(42,15,'Better Than Pepsi','Coca Cola_better',0,0,'',0,'',0),
	(92,52,'Ford Focus','Ford_Ford_Focus',0,1,'None',1,'',0),
	(32,12,'Penetration','Baileys_penetration',0,0,'',0,'',0),
	(31,12,'Frequency','Baileys_frequency',0,0,'',0,'',0),
	(30,12,'Volume','Baileys_volume',1,1,'None',1,'',0),
	(36,13,'Frequency','BMW_frequency',0,0,'',0,'',0),
	(37,12,'Models','Baileys_model',0,0,'',0,'',0),
	(98,46,'Perception','JWT_Perception',0,0,'',0,'',0),
	(131,65,'Scale','New B_Scale',1,1,'US D',1,'',0),
	(40,1,'Attitudes to tolerance','HSBC_attitudes',0,1,'None',1,'',0),
	(43,15,'Volume','Coca Cola_another',1,1,'US D',1,'',0),
	(56,3,'Revenue','Mountain Dew_revenue',1,1,'US D',1,'',0),
	(66,3,'Penetration','Mountain Dew_penetration',0,0,'',0,'',0),
	(65,3,'Frequency','Mountain Dew_frequency',0,0,'',0,'',0),
	(64,3,'Volume','Mountain Dew_volume',1,1,'US D',1,'',0),
	(67,3,'Datar','Mountain Dew_data',1,1,'Perc',1,'',0),
	(105,55,'Mobile population','Nokia_Mobile_population',0,1,'None',1,'',0),
	(90,46,'Cannes 2009 points','JWT_cannes_2009',0,1,'None',1,'',0),
	(133,61,'Number of Networks','Vodafone exco_Leading_mobile_network',0,1,'None',1,'',0),
	(128,61,'7. Power Distance Index','Vodafone exco_Power',0,1,'None',1,'',0),
	(97,46,'WWCC 5+','JWT_creative',0,1,'None',1,'',0),
	(118,46,'WWCC % of entries 5+','JWT_WWCC_%_of_entries_5+',0,1,'Perc',1,'',0),
	(129,61,'PDI Groups','Vodafone exco_Idea_groups',0,0,'',0,'',0),
	(89,46,'Cannes 2008 points','JWT_cannes_2008',0,1,'None',1,'',0),
	(106,55,'Customer marketing dominance','Nokia_Customer_marketing_dominance',0,0,'',0,'',0),
	(107,55,'Market maturity','Nokia_Market_maturity',0,0,'',0,'',0),
	(108,55,'Total market ad spend (2008)','Nokia_Total_market_ad_spend_(2008)',0,1,'US D',1000000000,'',0),
	(112,57,'Branches','HSBC 14_Branches',0,1,'None',1,'',0),
	(111,57,'Brand Age','HSBC 14_Brand_Age',0,1,'None',1,'',0),
	(113,57,'Premier customers','HSBC 14_Premier_customers',0,1,'None',1,'',0),
	(114,57,'Revenue index','HSBC 14_Revenue_index',0,1,'None',1,'',0),
	(115,57,'SOV','HSBC 14_SOV',0,1,'Perc',1,'',0),
	(116,57,'Strategic task','HSBC 14_Strategic_task',0,0,'',0,'',0),
	(117,57,'Participation','HSBC 14_Participation',0,0,'',0,'',0),
	(119,46,'WWCC digital entries','JWT_WWCC_digital_entries',0,1,'None',1,'',0),
	(120,58,'Going to the Cinema','Eddie_Going_to_the_Cinema',1,1,'None',1,'',0),
	(121,46,'Volume groups','JWT_Volume_groups',0,0,'',0,'',0),
	(124,46,'WWCC Category','JWT_WWCC_Category',0,0,'',0,'',0),
	(206,84,'m','Test C_m',1,1,'None',1,'',0),
	(134,61,'3. ARPU','Vodafone exco_ARPU',0,1,'None',1,'',0),
	(174,61,'1. Market Pen 2009','Vodafone_Market_penetration_2009',0,1,'Perc',1,'',0),
	(205,46,'JWT Revenue','JWT_JWT_Revenue',0,1,'None',1,'',0),
	(137,70,'Market Share','Santander_Market_Share',0,1,'Perc',1,'',0),
	(138,70,'Branches','Santander_Branches',0,1,'US D',1,'',0),
	(139,70,'Customers','Santander_Customers',0,1,'None',1,'',0),
	(140,72,'fake','william_fake',0,1,'Perc',1,'',0),
	(141,12,'anxiety','Baileys_anxiety',0,1,'Perc',1,'',0),
	(142,67,'Branches','HSBC Ian_Branches',0,1,'None',1,'',0),
	(143,73,'Business','Lux_Business',0,1,'Euro',1000000,'',0),
	(144,73,'Loyalty/Conviction','Lux_Loyalty/Conviction',0,1,'Perc',1,'',0),
	(146,74,'Business size','Lux test_Business_size',0,1,'Euro',1000000,'',0),
	(147,75,'LTO','LTO_LTO',0,1,'None',1,'',0),
	(148,74,'Market share','Lux test_Market_share',0,1,'Perc',1,'',0),
	(149,74,'Bar % share of business','Lux test_Bar_%_share_of_business',0,1,'Perc',1,'',0),
	(150,74,'Liquid % share of business','Lux test_Liquid_%_share_of_business',0,1,'Perc',1,'',0),
	(152,74,'Conviction','Lux test_Conviction',0,1,'Perc',1,'',0),
	(153,74,'Gender gap index','Lux test_Gender_gap_index',0,1,'None',1,'',0),
	(154,74,'Economic participation index','Lux test_Economic_participation_index',0,1,'None',1,'',0),
	(156,74,'Female 15+ literacy','Lux test_Female_15+_literacy',0,1,'None',1000000,'',0),
	(157,74,'Women\\\'s average daily work hours','Lux_Women\\\'s_average_daily_work_hours',0,1,'None',1,'',0),
	(158,55,'preference','Nokia_preference',0,1,'Perc',1,'',0),
	(159,55,'CM clusters','Nokia_CM_clusters',0,0,'',0,'',0),
	(204,46,'JWT Population','JWT_JWT_Population',0,1,'None',1,'',0),
	(161,77,'Total Revenue 2008','Lizzie C_Total_Revenue_2008',1,1,'US D',1000,'',0),
	(162,77,'The office context','Lizzie C_The_office_context',0,1,'US D',1000,'',0),
	(163,77,'HSBC','Lizzie C_HSBC',1,1,'US D',1000,'',0),
	(175,61,'2. Market Pen CAGR 08-12','Vodafone_Market_Pen_CAGR_2008-2012',0,1,'Perc',1,'',0),
	(169,46,'2: 8s and 9s, 2005 and 2006','JWT_2:_8s_and_9s,_2005_and_2006',0,1,'Perc',1,'',0),
	(168,46,'1: WWCC % 5+ All Time','JWT_1:_WWCC_%_6+_all_time',0,1,'Perc',1,'',0),
	(170,46,'3: 8s and 9s, 2008 and 2009','JWT_3:_8s_and_9s,_2008_and_2009',0,1,'Perc',1,'',0),
	(171,1,'Eddie\\\'s Data ','HSBC_Eddie\\\'s_Data_',0,1,'US D',1,'',0),
	(173,46,'Offices Worldwide','JWT_Offices_Worldwide',0,1,'None',1,'',0),
	(177,61,'5. \\\'Meets Your Needs\\\'','Vodafone_Meets_Your_Needs',0,1,'Perc',1,'',0),
	(178,61,'6. Non-User Consideration','Vodafone_Non-User_Consideration',0,1,'Perc',1,'',0),
	(179,61,'Market Pen Groups','Vodafone_Market_Pen_Groups',0,0,'',0,'',0),
	(180,61,'4. Net Additions','Vodafone_Net_Additions',0,1,'Perc',1,'',0),
	(181,61,'\\\"Blank\\\"','Vodafone_\\\"Blank\\\"',0,1,'None',1,'',0),
	(182,79,'8. Power Distance Index','Vodafone 09/2009_8._Power_Distance_Index',0,1,'None',1,'',0),
	(183,80,'1. Market Penetration','Vodafone 2009_1._Market_Penetration',0,1,'Perc',1,'',0),
	(184,61,'dsdas','Vodafone 2_dsdas',0,1,'US D',1,'',0),
	(185,61,'ARPU','Vodafone 2_ARPU',0,1,'None',1,'',0),
	(187,81,'1. Market Penetration','Vodafone 2009_ARPU',0,1,'US D',1,'',0),
	(188,81,'8. Power Distance Index','Vodafone 2009_Power_Distance_Incex',0,1,'None',1,'',0),
	(189,81,'2. Market Pen CAGR 2008-12','Vodafone 2009_2._Market_Pen_CAGR_2008-12',0,1,'Perc',1,'',0),
	(190,82,'a Market Penetration','Vodafone Q3 2009_Market_Penetration',0,1,'Perc',1,'',0),
	(191,82,'g PDI Groups','Vodafone Q3 2009_g_PDI_Groups',0,0,'',0,'',0),
	(192,82,'b Market Pen CAGR 08-12','Vodafone Q3 2009_b_Market_Pen_CAGR_08-12',0,1,'Perc',1,'',0),
	(193,82,'c ARPU','Vodafone Q3 2009_c_ARPU',0,1,'US D',1,'',0),
	(194,82,'d Net Additions','Vodafone Q3 2009_d_Net_Additions',0,1,'Perc',1,'',0),
	(195,82,'e Meets Your Needs','Vodafone Q3 2009_e_Meets_Your_Needs',0,1,'Perc',1,'',0),
	(196,82,'f Power Distance Index','Vodafone Q3 2009_f_Power_Distance_Index',0,1,'None',1,'',0),
	(197,82,'h Uniqueness','Vodafone Q3 2009_h_Uniqueness',0,1,'Perc',1,'',0),
	(198,83,'2009 100 Most Valuable Brands','BrandZ 100 Most Valuable_2009_100_Most_Valuable_Brands',0,1,'None',1,'',0),
	(199,12,'Test','Baileys_Test',0,0,'',0,'',0),
	(200,12,'khkkgk','Baileys_khkkgk',1,0,'',0,'',0),
	(207,84,'test test','Test C_test_test',1,1,'None',1,'',0),
	(202,69,'Volume','Tiger_Volume',1,1,'US D',1000000,'',0),
	(203,69,'Market Growth','Tiger_Market_Growth',0,1,'Perc',1,'',0),
	(208,46,'Industry stats','JWT_Industry_stats',1,1,'None',1,'',0),
	(209,46,'JWT Global Network','JWT_JWT_Global_Network',0,1,'None',1,'',0),
	(210,46,'JWT Digital Hubs','JWT_JWT_Digital_Hubs',0,1,'None',1,'',0),
	(211,77,'Channels','Lizzie C_Channels',1,1,'None',1,'',0),
	(212,66,'J&J Baby Data','New Brand_J&J_Baby_Data',1,1,'None',1,'',0),
	(213,66,'J&J Baby Data 2','New Brand_J&J_Baby_Data_2',1,1,'None',1,'',0),
	(216,86,'Gum market size by value','Cadbury _Gum_market_size_by_value',0,1,'US D',1000000,'',0),
	(217,86,'Gum growth','Cadbury _Gum_growth',0,1,'Perc',1,'',0),
	(218,86,'Orlando\\\'s cluster','Cadbury _Orlando\\\'s_cluster',0,0,'',0,'',0);

/*!40000 ALTER TABLE `content_datasets` ENABLE KEYS */;
UNLOCK TABLES;


# Dump of table content_media
# ------------------------------------------------------------

DROP TABLE IF EXISTS `content_media`;

CREATE TABLE `content_media` (
  `id` int(11) NOT NULL auto_increment,
  `contentid` int(11) NOT NULL,
  `mediaid` int(11) NOT NULL,
  `usage_type` varchar(255) NOT NULL,
  `createdby` int(11) NOT NULL,
  `createdate` bigint(20) NOT NULL,
  `displayorder` int(4) NOT NULL,
  PRIMARY KEY  (`id`),
  KEY `contentid` (`contentid`),
  KEY `mediaid` (`mediaid`)
) ENGINE=MyISAM AUTO_INCREMENT=54 DEFAULT CHARSET=latin1;

LOCK TABLES `content_media` WRITE;
/*!40000 ALTER TABLE `content_media` DISABLE KEYS */;
INSERT INTO `content_media` (`id`,`contentid`,`mediaid`,`usage_type`,`createdby`,`createdate`,`displayorder`)
VALUES
	(1,1,257,'',0,0,0),
	(2,12,254,'',0,0,0),
	(3,2,255,'',0,0,0),
	(4,3,294,'',0,0,0),
	(5,15,0,'0',0,0,0),
	(6,39,0,'',0,0,0),
	(7,40,0,'',0,0,0),
	(8,41,0,'',0,0,0),
	(9,42,0,'',0,0,0),
	(10,43,0,'',0,0,0),
	(11,44,0,'',0,0,0),
	(12,45,0,'',0,0,0),
	(13,46,0,'',0,0,0),
	(14,47,0,'',0,0,0),
	(15,48,0,'',0,0,0),
	(16,49,0,'',0,0,0),
	(17,50,0,'',0,0,0),
	(18,51,0,'',0,0,0),
	(19,52,0,'',0,0,0),
	(20,54,0,'',0,0,0),
	(21,55,0,'',0,0,0),
	(22,56,0,'',0,0,0),
	(23,57,0,'',0,0,0),
	(24,58,0,'',0,0,0),
	(25,59,0,'',0,0,0),
	(26,60,0,'',0,0,0),
	(27,61,0,'',0,0,0),
	(28,62,0,'',0,0,0),
	(29,63,313,'',0,0,0),
	(30,64,0,'',0,0,0),
	(31,65,0,'',0,0,0),
	(32,66,0,'',0,0,0),
	(33,67,0,'',0,0,0),
	(34,68,0,'',0,0,0),
	(35,69,0,'',0,0,0),
	(36,70,0,'',0,0,0),
	(37,71,0,'',0,0,0),
	(38,72,0,'',0,0,0),
	(39,73,0,'',0,0,0),
	(40,74,0,'',0,0,0),
	(41,75,0,'',0,0,0),
	(42,77,0,'',0,0,0),
	(43,78,0,'',0,0,0),
	(44,79,0,'',0,0,0),
	(45,80,0,'',0,0,0),
	(46,81,0,'',0,0,0),
	(47,82,0,'',0,0,0),
	(48,83,0,'',0,0,0),
	(49,84,0,'',0,0,0),
	(50,85,0,'',0,0,0),
	(51,86,319,'',0,0,0),
	(52,87,0,'',0,0,0),
	(53,88,0,'',0,0,0);

/*!40000 ALTER TABLE `content_media` ENABLE KEYS */;
UNLOCK TABLES;


# Dump of table content_tags
# ------------------------------------------------------------

DROP TABLE IF EXISTS `content_tags`;

CREATE TABLE `content_tags` (
  `id` int(11) NOT NULL auto_increment,
  `contentid` int(11) NOT NULL,
  `tagid` int(11) NOT NULL,
  PRIMARY KEY  (`id`),
  KEY `contentid` (`contentid`,`tagid`),
  KEY `tagid` (`tagid`)
) ENGINE=MyISAM AUTO_INCREMENT=5 DEFAULT CHARSET=latin1;

LOCK TABLES `content_tags` WRITE;
/*!40000 ALTER TABLE `content_tags` DISABLE KEYS */;
INSERT INTO `content_tags` (`id`,`contentid`,`tagid`)
VALUES
	(1,1,1),
	(2,1,2),
	(3,2,1),
	(4,2,2);

/*!40000 ALTER TABLE `content_tags` ENABLE KEYS */;
UNLOCK TABLES;


# Dump of table continents
# ------------------------------------------------------------

DROP TABLE IF EXISTS `continents`;

CREATE TABLE `continents` (
  `id` int(11) NOT NULL auto_increment,
  `name` varchar(255) NOT NULL,
  `color` int(11) NOT NULL,
  PRIMARY KEY  (`id`)
) ENGINE=MyISAM AUTO_INCREMENT=6 DEFAULT CHARSET=latin1;

LOCK TABLES `continents` WRITE;
/*!40000 ALTER TABLE `continents` DISABLE KEYS */;
INSERT INTO `continents` (`id`,`name`,`color`)
VALUES
	(1,'Africa',15338892),
	(2,'North America',16755200),
	(3,'Asia',42911),
	(4,'Europe',697116),
	(5,'South America',13828351);

/*!40000 ALTER TABLE `continents` ENABLE KEYS */;
UNLOCK TABLES;


# Dump of table countries
# ------------------------------------------------------------

DROP TABLE IF EXISTS `countries`;

CREATE TABLE `countries` (
  `id` int(11) NOT NULL auto_increment,
  `continentid` int(11) NOT NULL,
  `name` varchar(255) NOT NULL,
  `abbreviation` varchar(4) NOT NULL,
  `xCoord` float NOT NULL,
  `yCoord` float NOT NULL,
  `info` mediumtext NOT NULL,
  `GDP` varchar(255) NOT NULL,
  `GDPgrowth` varchar(255) NOT NULL,
  `GDPhead` varchar(255) NOT NULL,
  `population` varchar(255) NOT NULL,
  PRIMARY KEY  (`id`)
) ENGINE=MyISAM AUTO_INCREMENT=218 DEFAULT CHARSET=latin1;

LOCK TABLES `countries` WRITE;
/*!40000 ALTER TABLE `countries` DISABLE KEYS */;
INSERT INTO `countries` (`id`,`continentid`,`name`,`abbreviation`,`xCoord`,`yCoord`,`info`,`GDP`,`GDPgrowth`,`GDPhead`,`population`)
VALUES
	(1,1,'Tanzania, United Republic Of','TZA',519.374,250.113,'','','','',''),
	(2,5,'Peru','PER',257.254,257.328,'','','','',''),
	(3,5,'Bolivia','BOL',282.874,275.113,'','','','',''),
	(4,2,'Mexico','MEX',194.124,179.863,'','$959bn','0.9%','$8,620','111.2m'),
	(5,2,'Belize','BLZ',226.637,194.479,'','','','',''),
	(6,5,'Brazil','BRA',314.291,262.363,'','','','',''),
	(7,5,'Venezuela','VEN',280.374,217.639,'','','','',''),
	(8,5,'Colombia','COL',262.874,225.613,'','','','',''),
	(9,2,'Guatemala','GTM',223.251,198.36,'','','','',''),
	(10,5,'Suriname','SUR',304.448,226.271,'','','','',''),
	(11,5,'Argentina','ARG',280.374,321.113,'','','','',''),
	(12,5,'Uruguay','URY',304.055,314.363,'','','','',''),
	(13,5,'Paraguay','PRY',297.882,291.613,'','','','',''),
	(14,5,'Chile','CHL',268.573,317.164,'','','','',''),
	(15,5,'Ecuador','ECU',250.874,238.348,'','','','',''),
	(17,4,'France','FRA',443.116,123.105,'','','','',''),
	(18,5,'Falkland Islands (Malvinas)','FLK',320.541,368.114,'','','','',''),
	(19,5,'Guyana','GUY',297.291,224.364,'','','','',''),
	(20,2,'Panama','PAN',246.172,214.815,'','','','',''),
	(21,2,'Costa Rica','CRI',238.207,211.53,'','','','',''),
	(22,2,'Nicaragua','NIC',235.457,204.197,'','','','',''),
	(23,2,'Honduras','HND',231.29,199.864,'','','','',''),
	(24,2,'Cuba','CUB',250.955,182.782,'','','','',''),
	(25,2,'Dominican Republic','DOM',269.554,189.418,'','','','',''),
	(27,2,'Haiti','HTI',265.918,189.408,'','','','',''),
	(28,2,'Bahamas','BHS',256.856,178.583,'','','','',''),
	(29,2,'Jamaica','JAM',253.624,191.863,'','','','',''),
	(30,2,'United States','USA',196.124,138.864,'','$14,839bn','-0.2%','$48,400','306.6m'),
	(31,2,'Canada','CAN',190.035,91.62,'','','','',''),
	(32,2,'Greenland','GRL',337.708,56.864,'','','','',''),
	(33,4,'Iceland','ISL',393.624,79.863,'','','','',''),
	(34,4,'Norway','NOR',470.874,61.113,'','','','',''),
	(35,4,'Sweden','SWE',474.708,82.53,'','','','',''),
	(36,4,'Finland','FIN',501.958,80.363,'','','','',''),
	(37,4,'Estonia','EST',498.481,94.173,'','','','',''),
	(38,4,'Latvia','LVA',497.514,98.28,'','','','',''),
	(39,4,'Lithuania','LTU',493.821,102.447,'','','','',''),
	(40,4,'Belarus','BLR',502.436,106.697,'','','','',''),
	(41,4,'Russian Federation','RUS',638.624,88.863,'','','','',''),
	(42,4,'Poland','POL',483.542,110.405,'','','','',''),
	(43,4,'UKB','ua',510.167,116.613,'','','','',''),
	(44,4,'Moldova, Republic Of','MDA',504.583,121.572,'','','','',''),
	(45,4,'Romania','ROM',495.792,125.28,'','','','',''),
	(46,4,'Hungary','HUN',482.735,122.445,'','','','',''),
	(47,4,'Slovakia (Slovak Republic)','SVK',482.805,118.212,'','','','',''),
	(48,4,'Czech Republic','CZE',473.333,115.905,'','','','',''),
	(49,4,'Austria','AUT',472.042,121.072,'','','','',''),
	(50,4,'Slovenia','SVN',472.292,124.655,'','','','',''),
	(51,3,'Croatia (local name: Hrvatska)','HRV',475.875,125.53,'','','','',''),
	(52,4,'Bosnia And Herzegowina','BIH',479,129.447,'','','','',''),
	(53,4,'Serbia','SRB',486.125,129.78,'','','','',''),
	(54,4,'Montenegro','MNE',482.375,132.78,'','','','',''),
	(55,4,'Bulgaria','BGR',495.792,132.905,'','','','',''),
	(56,4,'Macedonia, The Former Yugoslav Republic Of','MKD',488.249,135.697,'','','','',''),
	(57,4,'Greece','GRC',494.083,141.03,'','','','',''),
	(58,4,'Albania','ALB',484.333,136.572,'','','','',''),
	(59,4,'Italy','ITA',465.97,131.748,'','','','',''),
	(60,4,'Germany','DEU',461.222,112.849,'','','','',''),
	(61,4,'Switzerland','CHE',456.541,122.572,'','','','',''),
	(62,4,'Belgium','BEL',447.827,113.453,'','','','',''),
	(63,4,'Netherlands','NLD',450.682,109.738,'','','','',''),
	(64,4,'United Kingdom','GBR',426.749,104.645,'','$2,442bn','-1.0%','$39,470','61.9m'),
	(65,4,'Ireland','IRL',418.124,107.53,'','','','',''),
	(66,4,'Portugal','PRT',417.207,140.863,'','','','',''),
	(67,1,'Morocco','MAR',421.186,159.676,'','','','',''),
	(68,1,'Algeria','DZA',444.249,168.301,'','','','',''),
	(69,1,'Tunisia','TUN',458.999,153.801,'','','','',''),
	(70,1,'Libyan Arab Jamahiriya','LBY',478.936,172.051,'','','','',''),
	(71,1,'Egypt','EGY',507.186,172.488,'','','','',''),
	(72,1,'Sudan','SDN',506.821,203.363,'','','','',''),
	(73,1,'Chad','TDC',480.749,198.488,'','','','',''),
	(74,1,'Niger','NER',458.686,192.613,'','','','',''),
	(75,1,'Mali','MLI',429.186,195.738,'','','','',''),
	(76,1,'Mauritania','MRT',411.561,187.363,'','','','',''),
	(78,1,'Senegal','SEN',404.061,200.551,'','','','',''),
	(79,1,'Guinea','GIN',412.624,210.113,'','','','',''),
	(80,1,'Guinea-Bissau','GNB',402.686,206.426,'','','','',''),
	(81,1,'Sierra Leone','SLE',409.186,214.926,'','','','',''),
	(82,1,'Liberia','LBR',414.999,220.426,'','','','',''),
	(83,1,'Cote D\'Ivoire','CIV',423.811,216.613,'','','','',''),
	(84,1,'Burkina Faso','BFA',433.874,205.988,'','','','',''),
	(85,1,'Ghana','GHA',434.311,216.801,'','','','',''),
	(86,1,'Togo','TGO',439.821,215.238,'','','','',''),
	(87,1,'Benin','BEN',442.124,213.238,'','','','',''),
	(88,1,'Nigeria','NGA',454.874,213.926,'','','','',''),
	(89,1,'Cameroon','CMR',466.936,223.301,'','','','',''),
	(90,1,'Central African Republic','CAF',483.936,219.301,'','','','',''),
	(91,1,'Equatorial Guinea','GNQ',459.499,229.238,'','','','',''),
	(92,1,'Gabon','GAB',465.186,236.488,'','','','',''),
	(93,1,'Congo (Republic)','COG',473.936,237.926,'','','','',''),
	(94,1,'Congo (Democratic Republic)','COD',491.821,242.447,'','','','',''),
	(95,1,'Angola','AGO',479.077,265.191,'','','','',''),
	(96,1,'Zambia','ZMB',503.899,269.775,'','','','',''),
	(97,1,'Namibia','NAM',477.624,288.613,'','','','',''),
	(98,1,'Botswana','BWA',493.561,288.613,'','','','',''),
	(99,1,'South Africa','ZAF',496.499,304.488,'','','','',''),
	(100,1,'Lesotho','LSO',503.561,306.613,'','','','',''),
	(101,1,'Swaziland','SWZ',511.811,299.238,'','','','',''),
	(102,1,'Zimbabwe','ZWE',508.624,282.301,'','','','',''),
	(103,1,'Mozambique','MOZ',520.92,278.598,'','','','',''),
	(104,1,'Malawi','MWI',516.936,267.801,'','','','',''),
	(105,1,'Uganda','UGA',513.249,232.238,'','','','',''),
	(106,1,'Kenya','KEN',525.874,234.28,'','','','',''),
	(107,1,'Ethiopia','ETH',530.458,214.697,'','','','',''),
	(108,1,'Somalia','SOM',545.374,225.113,'','','','',''),
	(109,1,'Madagascar','MDG',546.833,283.697,'','','','',''),
	(110,1,'Rwanda','RWA',507.458,240.03,'','','','',''),
	(111,1,'Burundi','BDI',507.874,243.447,'','','','',''),
	(112,1,'Eritrea','ERI',529.354,198.883,'','','','',''),
	(113,1,'Mauritius','MUS',573.458,284.322,'','','','',''),
	(114,1,'Yemen','YEM',550.374,197.551,'','','','',''),
	(115,1,'Oman','OMN',570.124,187.613,'','','','',''),
	(116,1,'United Arab Emirates','ARE',565.499,178.676,'','','','',''),
	(117,1,'Saudi Arabia','SAU',541.817,176.556,'','','','',''),
	(118,1,'Iraq','IRQ',539.124,155.676,'','','','',''),
	(119,1,'Jordan','JOR',523.528,160.333,'','','','',''),
	(120,1,'Israel','ISR',520.629,156.858,'','','','',''),
	(121,1,'Lebanon','LBN',522.53,153.395,'','','','',''),
	(122,1,'Syrian Arab Republic','SYR',527.905,151.801,'','','','',''),
	(123,3,'Turkey','TUR',518.821,142.447,'','','','',''),
	(124,3,'Azerbaijan','AZE',547.999,139.363,'','','','',''),
	(125,4,'Armenia','ARM',543.333,138.363,'','','','',''),
	(126,4,'Iran (Islamic Republic Of)','IRN',565.79,157.904,'','','','',''),
	(127,3,'Georgia','GEO',539.821,134.447,'','','','',''),
	(128,3,'Turkmenistan','TKM',577.186,140.363,'','','','',''),
	(129,3,'Uzbekistan','UZB',589.686,136.426,'','','','',''),
	(130,3,'Tajikistan','TJK',605.993,142.169,'','','','',''),
	(131,3,'Afghanistan','AFG',595.452,151.816,'','','','',''),
	(132,3,'Pakistan','PAK',604.086,161.713,'','','','',''),
	(133,3,'Kyrgyzstan','KGZ',613.561,135.801,'','','','',''),
	(134,3,'India','IND',637.999,180.197,'','','','',''),
	(135,3,'Bangladesh','BGD',649.454,176.863,'','','','',''),
	(136,3,'Myanmar','MNR',664.624,182.238,'','','','',''),
	(137,3,'Nepal','NPL',636.374,167.803,'','','','',''),
	(138,3,'China','CHN',687.561,151.426,'','','','',''),
	(139,3,'Thailand','THA',675.624,198.738,'','','','',''),
	(140,3,'Lao People\'s Democratic Republic','LAO',685.624,192.488,'','','','',''),
	(141,3,'Cambodia','KHM',685.124,204.363,'','','','',''),
	(142,3,'Viet Nam','VNM',686.272,188.59,'','','','',''),
	(143,3,'Malaysia','MYS',694.374,227.613,'','','','',''),
	(144,3,'Indonesia','IDN',714.249,243.863,'','','','',''),
	(145,3,'Philippines','PHL',727.743,206.027,'','','','',''),
	(146,3,'Sri Lanka','LKA',628.389,217.962,'','','','',''),
	(148,3,'Australia','AUS',755.374,294.364,'','','','',''),
	(149,3,'New Zealand','NZL',847.434,336.553,'','','','',''),
	(150,3,'Fiji','FJI',860.04,276.777,'','','','',''),
	(151,3,'New Caledonia','NCL',827.79,286.566,'','','','',''),
	(152,3,'Vanuatu','VUT',834.471,276.493,'','','','',''),
	(153,3,'Solomon Islands','SLB',812.583,255.654,'','','','',''),
	(154,3,'Papua New Guinea','PNG',784.875,251.736,'','','','',''),
	(155,3,'Singapore','SGP',683.28,232.301,'','','','',''),
	(156,3,'Guam','GUM',780.208,203.322,'','','','',''),
	(157,4,'Isle of Man','IMN',426.352,105.041,'','','','',''),
	(158,4,'Vatican City State (Holy See)','VAT',466.253,134.814,'','','','',''),
	(159,4,'Guernsey','GGY',430.952,116.41,'','','','',''),
	(161,2,'Anguilla','AIA',285.999,191.176,'','','','',''),
	(162,4,'Jersey','JEY',431.941,117.113,'','','','',''),
	(163,2,'Virgin Islands (British)','VIR',282.879,191.333,'','','','',''),
	(164,4,'Liechtenstein','LIE',459.793,122.221,'','','','',''),
	(165,5,'Aruba','ABW',270.999,205.52,'','','','',''),
	(166,5,'Marshall Islands','MHL',823.026,222.611,'','','','',''),
	(167,5,'American Samoa','ASM',885.815,269.986,'','','','',''),
	(168,5,'Wallis And Futuna Islands','WLF',874.317,268.073,'','','','',''),
	(169,2,'St. Pierre And Miquelon','SPM',303.342,122.77,'','','','',''),
	(170,2,'Niue','NIU',877.827,279.988,'','','','',''),
	(172,2,'Montserrat','MSR',290.01,196.474,'','','','',''),
	(173,2,'Saint Kitts And Nevis','KNA',288.051,194.798,'','','','',''),
	(174,2,'Cayman Islands','CYM',244.077,189.113,'','','','',''),
	(175,1,'Malta','MTL',471.514,149.301,'','','','',''),
	(176,2,'Virgin Islands (U.S.)','VIR',282.733,192.426,'','','','',''),
	(177,1,'Mayotte','MYT',544.295,266.348,'','','','',''),
	(178,2,'Saint Lucia','LCA',292.545,202.395,'','','','',''),
	(179,2,'Saint Vincent And The Grenadines','VCT',291.92,203.957,'','','','',''),
	(180,2,'Turks And Caicos Islands','TCA',266.645,183.301,'','','','',''),
	(181,2,'Barbados','BRB',295.865,204.08,'','','','',''),
	(182,2,'Antigua And Barbuda','ATG',290.733,193.863,'','','','',''),
	(183,2,'Palau','PLW',756.118,216.876,'','','','',''),
	(184,2,'Northern Mariana Islands','MNP',782.452,199.395,'','','','',''),
	(185,4,'Andorra','AND',440.43,133.191,'','','','',''),
	(186,4,'Bahrain','BHR',556.702,172.613,'','','','',''),
	(187,4,'Micronesia, Federated States Of','FSM',812.311,219.285,'','','','',''),
	(188,4,'Kiribati','KIR',849.75,230.905,'','','','',''),
	(189,4,'Tonga','TON',875.014,286.848,'','','','',''),
	(190,2,'Dominica','DMA',291.702,197.988,'','','','',''),
	(191,2,'Netherlands Antilles','ANT',276.499,200.113,'','','','',''),
	(192,1,'Sao Tome And Principe','STP',453.311,232.551,'','','','',''),
	(193,4,'Faroe Islands','FRO',420.545,86.395,'','','','',''),
	(194,1,'Comoros','COM',540.881,264.23,'','','','',''),
	(195,4,'Luxembourg','LUX',451.59,116.097,'','','','',''),
	(196,4,'Samoa','WSM',882.409,268.771,'','','','',''),
	(197,4,'Brunei Darussalam','BRN',709.061,223.754,'','','','',''),
	(199,4,'Cyprus','CYP',515.967,151.316,'','','','',''),
	(200,4,'Qatar','QAT',558.327,174.691,'','','','',''),
	(201,1,'Gambia','GMB',399.987,203.001,'','','','',''),
	(202,1,'Kuwait','KWT',549.178,164.446,'','','','',''),
	(203,1,'Bhutan','BTN',651.877,169.729,'','','','',''),
	(204,3,'Mongolia','MNG',679.999,124.238,'','','','',''),
	(205,3,'Kazakhstan','KAZ',596.874,118.238,'','','','',''),
	(207,3,'Korea, Republic Of','KOR',740.624,147.738,'','','','',''),
	(208,1,'Djibouti','DJI',537.676,206.896,'','','','',''),
	(209,2,'El Salvador','SLV',225.946,202.374,'','','','',''),
	(210,4,'Denmark','DNK',462.305,100.882,'','','','',''),
	(211,3,'Taiwan','ROC',723.588,178.356,'','','','',''),
	(212,3,'Japan','JPN',766.958,147.363,'','','','',''),
	(213,4,'Spain','ESP',427.624,138.613,'','','','',''),
	(214,4,'Nauru','NRU',827.885,230.741,'','','','',''),
	(215,4,'Tuvalu','TUV',859.624,255.613,'','','','',''),
	(216,2,'Bermuda','BMU',283.42,157.941,'','','','',''),
	(217,4,'San Marino','SMR',466.896,130.305,'','','','','');

/*!40000 ALTER TABLE `countries` ENABLE KEYS */;
UNLOCK TABLES;


# Dump of table countries_groups
# ------------------------------------------------------------

DROP TABLE IF EXISTS `countries_groups`;

CREATE TABLE `countries_groups` (
  `id` int(11) NOT NULL auto_increment,
  `countryid` int(11) NOT NULL,
  `groupid` int(11) NOT NULL,
  PRIMARY KEY  (`id`),
  KEY `countryid` (`countryid`,`groupid`),
  KEY `groupid` (`groupid`)
) ENGINE=MyISAM AUTO_INCREMENT=3 DEFAULT CHARSET=latin1;

LOCK TABLES `countries_groups` WRITE;
/*!40000 ALTER TABLE `countries_groups` DISABLE KEYS */;
INSERT INTO `countries_groups` (`id`,`countryid`,`groupid`)
VALUES
	(1,1,1),
	(2,1,2);

/*!40000 ALTER TABLE `countries_groups` ENABLE KEYS */;
UNLOCK TABLES;


# Dump of table countries_media
# ------------------------------------------------------------

DROP TABLE IF EXISTS `countries_media`;

CREATE TABLE `countries_media` (
  `id` int(11) NOT NULL auto_increment,
  `countryid` int(11) NOT NULL,
  `mediaid` int(11) NOT NULL,
  `usage_type` varchar(255) NOT NULL,
  `createdby` int(11) NOT NULL,
  `createdate` bigint(20) NOT NULL,
  `displayorder` int(4) NOT NULL,
  PRIMARY KEY  (`id`),
  KEY `contentid` (`countryid`),
  KEY `mediaid` (`mediaid`)
) ENGINE=MyISAM AUTO_INCREMENT=205 DEFAULT CHARSET=latin1;

LOCK TABLES `countries_media` WRITE;
/*!40000 ALTER TABLE `countries_media` DISABLE KEYS */;
INSERT INTO `countries_media` (`id`,`countryid`,`mediaid`,`usage_type`,`createdby`,`createdate`,`displayorder`)
VALUES
	(1,64,5,'flag',0,0,0),
	(2,30,64,'flag',0,0,0),
	(3,116,4,'flag',0,0,0),
	(4,17,69,'flag',0,0,0),
	(5,31,52,'flag',0,0,0),
	(17,11,136,'flag',0,0,0),
	(7,1,117,'flag',0,0,0),
	(8,2,97,'flag',0,0,0),
	(9,3,192,'flag',0,0,0),
	(10,4,166,'flag',0,0,0),
	(11,5,189,'flag',0,0,0),
	(12,6,182,'flag',0,0,0),
	(13,7,132,'flag',0,0,0),
	(14,8,199,'flag',0,0,0),
	(15,9,138,'flag',0,0,0),
	(16,10,114,'flag',0,0,0),
	(18,12,131,'flag',0,0,0),
	(19,13,160,'flag',0,0,0),
	(20,14,198,'flag',0,0,0),
	(21,15,57,'flag',0,0,0),
	(22,19,153,'flag',0,0,0),
	(23,20,96,'flag',0,0,0),
	(24,21,149,'flag',0,0,0),
	(25,22,159,'flag',0,0,0),
	(26,23,42,'flag',0,0,0),
	(27,24,54,'flag',0,0,0),
	(28,25,142,'flag',0,0,0),
	(29,27,154,'flag',0,0,0),
	(30,28,14,'flag',0,0,0),
	(31,29,44,'flag',0,0,0),
	(32,33,179,'flag',0,0,0),
	(33,34,178,'flag',0,0,0),
	(34,35,141,'flag',0,0,0),
	(35,36,144,'flag',0,0,0),
	(36,37,137,'flag',0,0,0),
	(37,38,24,'flag',0,0,0),
	(38,39,157,'flag',0,0,0),
	(39,40,49,'flag',0,0,0),
	(40,41,100,'flag',0,0,0),
	(41,42,140,'flag',0,0,0),
	(42,43,130,'flag',0,0,0),
	(43,44,27,'flag',0,0,0),
	(44,45,99,'flag',0,0,0),
	(45,46,74,'flag',0,0,0),
	(46,47,109,'flag',0,0,0),
	(47,48,120,'flag',0,0,0),
	(48,49,187,'flag',0,0,0),
	(49,50,20,'flag',0,0,0),
	(50,51,53,'flag',0,0,0),
	(51,52,50,'flag',0,0,0),
	(52,53,106,'flag',0,0,0),
	(53,54,29,'flag',0,0,0),
	(54,55,147,'flag',0,0,0),
	(55,56,25,'flag',0,0,0),
	(56,57,72,'flag',0,0,0),
	(57,58,180,'flag',0,0,0),
	(58,59,78,'flag',0,0,0),
	(59,60,151,'flag',0,0,0),
	(60,61,167,'flag',0,0,0),
	(61,62,169,'flag',0,0,0),
	(62,63,122,'flag',0,0,0),
	(63,65,43,'flag',0,0,0),
	(64,66,98,'flag',0,0,0),
	(65,67,92,'flag',0,0,0),
	(66,68,184,'flag',0,0,0),
	(67,69,126,'flag',0,0,0),
	(68,71,67,'flag',0,0,0),
	(69,72,15,'flag',0,0,0),
	(70,73,197,'flag',0,0,0),
	(71,74,170,'flag',0,0,0),
	(72,75,88,'flag',0,0,0),
	(73,76,90,'flag',0,0,0),
	(74,78,105,'flag',0,0,0),
	(75,79,73,'flag',0,0,0),
	(76,80,41,'flag',0,0,0),
	(77,81,107,'flag',0,0,0),
	(78,82,62,'flag',0,0,0),
	(79,32,172,'flag',0,0,0),
	(80,83,65,'flag',0,0,0),
	(81,84,194,'flag',0,0,0),
	(82,85,71,'flag',0,0,0),
	(83,86,143,'flag',0,0,0),
	(84,87,190,'flag',0,0,0),
	(85,88,32,'flag',0,0,0),
	(86,89,196,'flag',0,0,0),
	(87,90,119,'flag',0,0,0),
	(88,91,68,'flag',0,0,0),
	(89,92,173,'flag',0,0,0),
	(90,93,125,'flag',0,0,0),
	(91,94,176,'flag',0,0,0),
	(92,95,185,'flag',0,0,0),
	(93,96,135,'flag',0,0,0),
	(94,97,94,'flag',0,0,0),
	(95,99,111,'flag',0,0,0),
	(96,100,84,'flag',0,0,0),
	(97,101,115,'flag',0,0,0),
	(98,102,10,'flag',0,0,0),
	(99,103,93,'flag',0,0,0),
	(100,104,86,'flag',0,0,0),
	(101,105,129,'flag',0,0,0),
	(102,106,80,'flag',0,0,0),
	(103,107,39,'flag',0,0,0),
	(104,108,110,'flag',0,0,0),
	(105,109,85,'flag',0,0,0),
	(106,110,101,'flag',0,0,0),
	(107,111,148,'flag',0,0,0),
	(108,112,38,'flag',0,0,0),
	(109,113,91,'flag',0,0,0),
	(110,114,134,'flag',0,0,0),
	(111,115,34,'flag',0,0,0),
	(112,117,104,'flag',0,0,0),
	(113,118,77,'flag',0,0,0),
	(114,119,45,'flag',0,0,0),
	(115,120,177,'flag',0,0,0),
	(116,121,83,'flag',0,0,0),
	(117,122,116,'flag',0,0,0),
	(118,123,127,'f;ag',0,0,0),
	(119,124,48,'flag',0,0,0),
	(120,125,46,'flag',0,0,0),
	(121,126,165,'flag',0,0,0),
	(122,127,70,'flag',0,0,0),
	(123,128,128,'flag',0,0,0),
	(124,129,8,'flag',0,0,0),
	(125,130,16,'flag',0,0,0),
	(126,131,183,'flag',0,0,0),
	(127,132,95,'flag',0,0,0),
	(128,133,36,'flag',0,0,0),
	(129,134,75,'flag',0,0,0),
	(130,135,146,'flag',0,0,0),
	(131,136,60,'flag',0,0,0),
	(132,137,12,'flag',0,0,0),
	(133,138,123,'flag',0,0,0),
	(134,139,118,'flag',0,0,0),
	(135,141,195,'flag',0,0,0),
	(136,142,133,'flag',0,0,0),
	(137,143,26,'flag',0,0,0),
	(138,144,76,'flag',0,0,0),
	(139,145,13,'flag',0,0,0),
	(140,146,22,'flag',0,0,0),
	(141,148,47,'flag',0,0,0),
	(142,149,31,'flag',0,0,0),
	(143,150,40,'flag',0,0,0),
	(144,15,163,'flag',0,0,0),
	(145,153,3,'flag',0,0,0),
	(146,154,174,'flag',0,0,0),
	(147,155,108,'flag',0,0,0),
	(148,158,168,'flag',0,0,0),
	(149,163,5,'flag',0,0,0),
	(150,164,156,'flag',0,0,0),
	(151,166,63,'flag',0,0,0),
	(152,167,18,'flag',0,0,0),
	(153,189,6,'flag',0,0,0),
	(154,200,11,'flag',0,0,0),
	(155,178,17,'flag',0,0,0),
	(156,192,19,'flag',0,0,0),
	(157,140,82,'flag',0,0,0),
	(158,173,102,'flag',0,0,0),
	(159,173,102,'flag',0,0,0),
	(160,176,64,'flag',0,0,0),
	(161,179,103,'flag',0,0,0),
	(162,181,188,'flag',0,0,0),
	(163,182,186,'flag',0,0,0),
	(164,183,139,'flag',0,0,0),
	(165,185,181,'flag',0,0,0),
	(166,186,145,'flag',0,0,0),
	(167,188,37,'flag',0,0,0),
	(168,190,55,'flag',0,0,0),
	(169,197,51,'flag',0,0,0),
	(170,199,150,'flag',0,0,0),
	(171,201,121,'flag',0,0,0),
	(172,202,23,'flag',0,0,0),
	(173,203,191,'flag',0,0,0),
	(174,204,28,'flag',0,0,0),
	(175,207,33,'flag',0,0,0),
	(176,208,66,'flag',0,0,0),
	(177,209,59,'flag',0,0,0),
	(178,212,79,'flag',0,0,0),
	(179,213,113,'flag',0,0,0),
	(180,217,175,'flag',0,0,0),
	(181,187,61,'flag',0,0,0),
	(182,194,161,'flag',0,0,0),
	(183,195,158,'flag',0,0,0),
	(184,210,172,'flag',0,0,0),
	(185,214,30,'flag',0,0,0),
	(186,215,7,'flag',0,0,0),
	(187,211,124,'flag',0,0,0),
	(188,168,69,'flag',0,0,0),
	(189,177,69,'flag',0,0,0),
	(190,191,305,'flag',0,0,0),
	(191,196,309,'flag',0,0,0),
	(192,205,303,'flag',0,0,0),
	(193,216,311,'flag',0,0,0),
	(194,156,299,'flag',0,0,0),
	(195,157,301,'flag',0,0,0),
	(196,162,302,'flag',0,0,0),
	(197,169,308,'flag',0,0,0),
	(198,170,306,'flag',0,0,0),
	(199,172,304,'flag',0,0,0),
	(200,174,296,'flag',0,0,0),
	(201,161,295,'flag',0,0,0),
	(202,180,310,'flag',0,0,0),
	(203,184,307,'flag',0,0,0),
	(204,193,298,'flag',0,0,0);

/*!40000 ALTER TABLE `countries_media` ENABLE KEYS */;
UNLOCK TABLES;


# Dump of table customfields
# ------------------------------------------------------------

DROP TABLE IF EXISTS `customfields`;

CREATE TABLE `customfields` (
  `id` int(4) NOT NULL auto_increment,
  `typeid` int(11) NOT NULL,
  `fieldname` varchar(255) NOT NULL,
  UNIQUE KEY `customfieldid` (`id`)
) ENGINE=MyISAM DEFAULT CHARSET=latin1;



# Dump of table dataset_types
# ------------------------------------------------------------

DROP TABLE IF EXISTS `dataset_types`;

CREATE TABLE `dataset_types` (
  `id` int(11) NOT NULL auto_increment,
  `name` varchar(255) NOT NULL,
  PRIMARY KEY  (`id`)
) ENGINE=MyISAM DEFAULT CHARSET=latin1;



# Dump of table Eddie_Going_to_the_Cinema
# ------------------------------------------------------------

DROP TABLE IF EXISTS `Eddie_Going_to_the_Cinema`;

CREATE TABLE `Eddie_Going_to_the_Cinema` (
  `id` int(11) NOT NULL auto_increment,
  `countryid` int(11) NOT NULL,
  `y2008` int(11) NOT NULL,
  `y2009` int(11) NOT NULL,
  PRIMARY KEY  (`id`)
) ENGINE=MyISAM AUTO_INCREMENT=65 DEFAULT CHARSET=latin1;

LOCK TABLES `Eddie_Going_to_the_Cinema` WRITE;
/*!40000 ALTER TABLE `Eddie_Going_to_the_Cinema` DISABLE KEYS */;
INSERT INTO `Eddie_Going_to_the_Cinema` (`id`,`countryid`,`y2008`,`y2009`)
VALUES
	(1,115,0,0),
	(2,177,0,0),
	(3,70,0,0),
	(4,68,0,0),
	(5,175,0,0),
	(6,113,0,0),
	(7,194,0,0),
	(8,74,0,0),
	(9,71,0,0),
	(10,97,0,0),
	(11,118,0,0),
	(12,119,0,0),
	(13,106,0,0),
	(14,103,0,0),
	(15,202,0,0),
	(16,69,0,0),
	(17,105,0,0),
	(18,100,0,0),
	(19,79,0,0),
	(20,122,0,0),
	(21,102,0,0),
	(22,208,0,0),
	(23,108,0,0),
	(24,101,0,0),
	(25,93,0,0),
	(26,90,0,0),
	(27,112,0,0),
	(28,99,0,0),
	(29,116,0,0),
	(30,73,0,0),
	(31,81,0,0),
	(32,84,0,0),
	(33,88,0,0),
	(34,104,0,0),
	(35,98,0,0),
	(36,80,0,0),
	(37,95,0,0),
	(38,201,0,0),
	(39,120,0,0),
	(40,117,0,0),
	(41,111,0,0),
	(42,94,0,0),
	(43,109,0,0),
	(44,92,0,0),
	(45,83,0,0),
	(46,75,0,0),
	(47,192,0,0),
	(48,96,0,0),
	(49,89,0,0),
	(50,114,0,0),
	(51,91,0,0),
	(52,76,0,0),
	(53,121,0,0),
	(54,203,0,0),
	(55,78,0,0),
	(56,107,0,0),
	(57,72,0,0),
	(58,110,0,0),
	(59,1,0,0),
	(60,82,0,0),
	(61,87,0,0),
	(62,86,0,0),
	(63,85,0,0),
	(64,67,0,0);

/*!40000 ALTER TABLE `Eddie_Going_to_the_Cinema` ENABLE KEYS */;
UNLOCK TABLES;


# Dump of table Ford_Ford_Focus
# ------------------------------------------------------------

DROP TABLE IF EXISTS `Ford_Ford_Focus`;

CREATE TABLE `Ford_Ford_Focus` (
  `id` int(11) NOT NULL auto_increment,
  `countryid` int(11) NOT NULL,
  `value` int(11) NOT NULL,
  PRIMARY KEY  (`id`)
) ENGINE=MyISAM AUTO_INCREMENT=58 DEFAULT CHARSET=latin1;

LOCK TABLES `Ford_Ford_Focus` WRITE;
/*!40000 ALTER TABLE `Ford_Ford_Focus` DISABLE KEYS */;
INSERT INTO `Ford_Ford_Focus` (`id`,`countryid`,`value`)
VALUES
	(1,58,0),
	(2,185,0),
	(3,125,0),
	(4,49,0),
	(5,186,0),
	(6,40,0),
	(7,62,0),
	(8,52,0),
	(9,197,0),
	(10,55,0),
	(11,199,0),
	(12,48,0),
	(13,210,0),
	(14,37,0),
	(15,193,0),
	(16,36,0),
	(17,17,0),
	(18,60,0),
	(19,57,0),
	(20,159,0),
	(21,46,0),
	(22,33,0),
	(23,126,0),
	(24,65,0),
	(25,157,0),
	(26,59,0),
	(27,162,0),
	(28,188,0),
	(29,38,0),
	(30,164,0),
	(31,39,0),
	(32,195,0),
	(33,56,0),
	(34,187,0),
	(35,44,0),
	(36,54,0),
	(37,214,0),
	(38,63,0),
	(39,34,0),
	(40,42,0),
	(41,66,0),
	(42,200,0),
	(43,45,0),
	(44,41,0),
	(45,196,0),
	(46,217,0),
	(47,53,0),
	(48,47,0),
	(49,50,0),
	(50,213,0),
	(51,35,0),
	(52,61,0),
	(53,189,0),
	(54,215,0),
	(55,43,0),
	(56,64,0),
	(57,158,0);

/*!40000 ALTER TABLE `Ford_Ford_Focus` ENABLE KEYS */;
UNLOCK TABLES;


# Dump of table groupings
# ------------------------------------------------------------

DROP TABLE IF EXISTS `groupings`;

CREATE TABLE `groupings` (
  `id` int(11) NOT NULL auto_increment,
  `name` varchar(255) NOT NULL,
  `color` int(11) NOT NULL,
  PRIMARY KEY  (`id`)
) ENGINE=MyISAM AUTO_INCREMENT=3 DEFAULT CHARSET=latin1;

LOCK TABLES `groupings` WRITE;
/*!40000 ALTER TABLE `groupings` DISABLE KEYS */;
INSERT INTO `groupings` (`id`,`name`,`color`)
VALUES
	(1,'EMEA',0),
	(2,'NAFTA',0);

/*!40000 ALTER TABLE `groupings` ENABLE KEYS */;
UNLOCK TABLES;


# Dump of table HSBC 14_Branches
# ------------------------------------------------------------

DROP TABLE IF EXISTS `HSBC 14_Branches`;

CREATE TABLE `HSBC 14_Branches` (
  `id` int(11) NOT NULL auto_increment,
  `countryid` int(11) NOT NULL,
  `value` int(11) NOT NULL,
  PRIMARY KEY  (`id`)
) ENGINE=MyISAM AUTO_INCREMENT=14 DEFAULT CHARSET=latin1;

LOCK TABLES `HSBC 14_Branches` WRITE;
/*!40000 ALTER TABLE `HSBC 14_Branches` DISABLE KEYS */;
INSERT INTO `HSBC 14_Branches` (`id`,`countryid`,`value`)
VALUES
	(1,6,1899),
	(2,31,292),
	(3,138,461),
	(4,17,454),
	(5,134,155),
	(6,143,49),
	(7,4,1265),
	(8,155,27),
	(9,211,43),
	(10,123,229),
	(11,30,425),
	(12,64,1618),
	(13,116,33);

/*!40000 ALTER TABLE `HSBC 14_Branches` ENABLE KEYS */;
UNLOCK TABLES;


# Dump of table HSBC 14_Brand_Age
# ------------------------------------------------------------

DROP TABLE IF EXISTS `HSBC 14_Brand_Age`;

CREATE TABLE `HSBC 14_Brand_Age` (
  `id` int(11) NOT NULL auto_increment,
  `countryid` int(11) NOT NULL,
  `value` int(11) NOT NULL,
  PRIMARY KEY  (`id`)
) ENGINE=MyISAM AUTO_INCREMENT=14 DEFAULT CHARSET=latin1;

LOCK TABLES `HSBC 14_Brand_Age` WRITE;
/*!40000 ALTER TABLE `HSBC 14_Brand_Age` DISABLE KEYS */;
INSERT INTO `HSBC 14_Brand_Age` (`id`,`countryid`,`value`)
VALUES
	(1,6,10),
	(2,31,10),
	(3,138,144),
	(4,17,4),
	(5,134,142),
	(6,143,109),
	(7,4,7),
	(8,155,132),
	(9,211,25),
	(10,123,19),
	(11,30,10),
	(12,64,10),
	(13,116,10);

/*!40000 ALTER TABLE `HSBC 14_Brand_Age` ENABLE KEYS */;
UNLOCK TABLES;


# Dump of table HSBC 14_Participation
# ------------------------------------------------------------

DROP TABLE IF EXISTS `HSBC 14_Participation`;

CREATE TABLE `HSBC 14_Participation` (
  `id` int(11) NOT NULL auto_increment,
  `countryid` int(11) NOT NULL,
  `value` varchar(255) NOT NULL,
  PRIMARY KEY  (`id`)
) ENGINE=MyISAM AUTO_INCREMENT=14 DEFAULT CHARSET=latin1;

LOCK TABLES `HSBC 14_Participation` WRITE;
/*!40000 ALTER TABLE `HSBC 14_Participation` DISABLE KEYS */;
INSERT INTO `HSBC 14_Participation` (`id`,`countryid`,`value`)
VALUES
	(1,6,'Full'),
	(2,138,'Full'),
	(3,134,'Selective'),
	(4,4,'Full'),
	(5,211,'Selective'),
	(6,30,'Selective'),
	(7,31,'Selective'),
	(8,116,'Selective'),
	(9,64,'Full'),
	(10,123,'Selective'),
	(11,155,'Selective'),
	(12,143,'Selective'),
	(13,17,'Selective');

/*!40000 ALTER TABLE `HSBC 14_Participation` ENABLE KEYS */;
UNLOCK TABLES;


# Dump of table HSBC 14_Premier_customers
# ------------------------------------------------------------

DROP TABLE IF EXISTS `HSBC 14_Premier_customers`;

CREATE TABLE `HSBC 14_Premier_customers` (
  `id` int(11) NOT NULL auto_increment,
  `countryid` int(11) NOT NULL,
  `value` int(11) NOT NULL,
  PRIMARY KEY  (`id`)
) ENGINE=MyISAM AUTO_INCREMENT=14 DEFAULT CHARSET=latin1;

LOCK TABLES `HSBC 14_Premier_customers` WRITE;
/*!40000 ALTER TABLE `HSBC 14_Premier_customers` DISABLE KEYS */;
INSERT INTO `HSBC 14_Premier_customers` (`id`,`countryid`,`value`)
VALUES
	(1,6,83),
	(2,31,32),
	(3,138,121),
	(4,17,74),
	(5,134,37),
	(6,143,12),
	(7,4,54),
	(8,155,16),
	(9,211,10),
	(10,123,14),
	(11,30,81),
	(12,64,191),
	(13,116,8);

/*!40000 ALTER TABLE `HSBC 14_Premier_customers` ENABLE KEYS */;
UNLOCK TABLES;


# Dump of table HSBC 14_Revenue_index
# ------------------------------------------------------------

DROP TABLE IF EXISTS `HSBC 14_Revenue_index`;

CREATE TABLE `HSBC 14_Revenue_index` (
  `id` int(11) NOT NULL auto_increment,
  `countryid` int(11) NOT NULL,
  `value` int(11) NOT NULL,
  PRIMARY KEY  (`id`)
) ENGINE=MyISAM AUTO_INCREMENT=14 DEFAULT CHARSET=latin1;

LOCK TABLES `HSBC 14_Revenue_index` WRITE;
/*!40000 ALTER TABLE `HSBC 14_Revenue_index` DISABLE KEYS */;
INSERT INTO `HSBC 14_Revenue_index` (`id`,`countryid`,`value`)
VALUES
	(1,6,90),
	(2,31,17),
	(3,138,102),
	(4,17,31),
	(5,134,14),
	(6,143,10),
	(7,4,82),
	(8,155,9),
	(9,211,6),
	(10,123,20),
	(11,30,35),
	(12,64,203),
	(13,116,17);

/*!40000 ALTER TABLE `HSBC 14_Revenue_index` ENABLE KEYS */;
UNLOCK TABLES;


# Dump of table HSBC 14_SOV
# ------------------------------------------------------------

DROP TABLE IF EXISTS `HSBC 14_SOV`;

CREATE TABLE `HSBC 14_SOV` (
  `id` int(11) NOT NULL auto_increment,
  `countryid` int(11) NOT NULL,
  `value` int(11) NOT NULL,
  PRIMARY KEY  (`id`)
) ENGINE=MyISAM AUTO_INCREMENT=14 DEFAULT CHARSET=latin1;

LOCK TABLES `HSBC 14_SOV` WRITE;
/*!40000 ALTER TABLE `HSBC 14_SOV` DISABLE KEYS */;
INSERT INTO `HSBC 14_SOV` (`id`,`countryid`,`value`)
VALUES
	(1,6,15),
	(2,31,4),
	(3,138,1),
	(4,17,1),
	(5,134,5),
	(6,143,11),
	(7,4,7),
	(8,155,21),
	(9,211,10),
	(10,123,5),
	(11,30,12),
	(12,64,16),
	(13,116,12);

/*!40000 ALTER TABLE `HSBC 14_SOV` ENABLE KEYS */;
UNLOCK TABLES;


# Dump of table HSBC 14_Strategic_task
# ------------------------------------------------------------

DROP TABLE IF EXISTS `HSBC 14_Strategic_task`;

CREATE TABLE `HSBC 14_Strategic_task` (
  `id` int(11) NOT NULL auto_increment,
  `countryid` int(11) NOT NULL,
  `value` varchar(255) NOT NULL,
  PRIMARY KEY  (`id`)
) ENGINE=MyISAM AUTO_INCREMENT=14 DEFAULT CHARSET=latin1;

LOCK TABLES `HSBC 14_Strategic_task` WRITE;
/*!40000 ALTER TABLE `HSBC 14_Strategic_task` DISABLE KEYS */;
INSERT INTO `HSBC 14_Strategic_task` (`id`,`countryid`,`value`)
VALUES
	(1,6,'Differentiate'),
	(2,138,'Leadership'),
	(3,134,'Differentiate'),
	(4,4,'Improve service'),
	(5,211,'Shout'),
	(6,30,'Differentiate'),
	(7,31,'Shout'),
	(8,116,'Improve service'),
	(9,64,'Leadership'),
	(10,123,'Differentiate'),
	(11,155,'Shout'),
	(12,143,'Improve service'),
	(13,17,'Shout');

/*!40000 ALTER TABLE `HSBC 14_Strategic_task` ENABLE KEYS */;
UNLOCK TABLES;


# Dump of table HSBC Ian_Branches
# ------------------------------------------------------------

DROP TABLE IF EXISTS `HSBC Ian_Branches`;

CREATE TABLE `HSBC Ian_Branches` (
  `id` int(11) NOT NULL auto_increment,
  `countryid` int(11) NOT NULL,
  `value` int(11) NOT NULL,
  PRIMARY KEY  (`id`)
) ENGINE=MyISAM AUTO_INCREMENT=146 DEFAULT CHARSET=latin1;

LOCK TABLES `HSBC Ian_Branches` WRITE;
/*!40000 ALTER TABLE `HSBC Ian_Branches` DISABLE KEYS */;
INSERT INTO `HSBC Ian_Branches` (`id`,`countryid`,`value`)
VALUES
	(1,51,0),
	(2,128,0),
	(3,124,0),
	(4,130,0),
	(5,134,0),
	(6,132,0),
	(7,136,0),
	(8,138,0),
	(9,140,0),
	(10,142,0),
	(11,144,0),
	(12,129,0),
	(13,131,0),
	(14,133,0),
	(15,207,0),
	(16,137,0),
	(17,212,0),
	(18,143,0),
	(19,145,0),
	(20,141,0),
	(21,33,0),
	(22,148,0),
	(23,150,0),
	(24,152,0),
	(25,154,0),
	(26,123,0),
	(27,156,0),
	(28,146,0),
	(29,149,0),
	(30,151,0),
	(31,153,0),
	(32,155,0),
	(33,204,0),
	(34,135,0),
	(35,35,0),
	(36,37,0),
	(37,39,0),
	(38,205,0),
	(39,139,0),
	(40,41,0),
	(41,46,0),
	(42,49,0),
	(43,43,0),
	(44,54,0),
	(45,193,0),
	(46,61,0),
	(47,60,0),
	(48,62,0),
	(49,45,0),
	(50,56,0),
	(51,199,0),
	(52,36,0),
	(53,127,0),
	(54,34,0),
	(55,42,0),
	(56,211,0),
	(57,17,0),
	(58,44,0),
	(59,38,0),
	(60,40,0),
	(61,66,0),
	(62,48,0),
	(63,50,0),
	(64,185,0),
	(65,55,0),
	(66,53,0),
	(67,59,0),
	(68,57,0),
	(69,187,0),
	(70,52,0),
	(71,189,0),
	(72,210,0),
	(73,126,0),
	(74,64,0),
	(75,63,0),
	(76,162,0),
	(77,11,0),
	(78,15,0),
	(79,19,0),
	(80,168,0),
	(81,65,0),
	(82,13,0),
	(83,166,0),
	(84,159,0),
	(85,164,0),
	(86,186,0),
	(87,58,0),
	(88,158,0),
	(89,197,0),
	(90,188,0),
	(91,125,0),
	(92,157,0),
	(93,200,0),
	(94,47,0),
	(95,213,0),
	(96,214,0),
	(97,14,0),
	(98,18,0),
	(99,215,0),
	(100,165,0),
	(101,2,0),
	(102,196,0),
	(103,7,0),
	(104,10,0),
	(105,12,0),
	(106,8,0),
	(107,217,0),
	(108,6,0),
	(109,167,0),
	(110,3,0),
	(111,195,0),
	(112,9,0),
	(113,5,0),
	(114,21,0),
	(115,4,0),
	(116,23,0),
	(117,25,0),
	(118,28,0),
	(119,30,0),
	(120,32,0),
	(121,163,0),
	(122,170,0),
	(123,173,0),
	(124,176,0),
	(125,179,0),
	(126,181,0),
	(127,183,0),
	(128,190,0),
	(129,209,0),
	(130,20,0),
	(131,22,0),
	(132,24,0),
	(133,27,0),
	(134,29,0),
	(135,31,0),
	(136,161,0),
	(137,216,0),
	(138,169,0),
	(139,174,0),
	(140,178,0),
	(141,180,0),
	(142,182,0),
	(143,184,0),
	(144,191,0),
	(145,172,0);

/*!40000 ALTER TABLE `HSBC Ian_Branches` ENABLE KEYS */;
UNLOCK TABLES;


# Dump of table HSBC_attitudes
# ------------------------------------------------------------

DROP TABLE IF EXISTS `HSBC_attitudes`;

CREATE TABLE `HSBC_attitudes` (
  `id` int(11) NOT NULL auto_increment,
  `countryid` int(11) NOT NULL,
  `value` int(11) NOT NULL,
  PRIMARY KEY  (`id`)
) ENGINE=MyISAM AUTO_INCREMENT=84 DEFAULT CHARSET=latin1;

LOCK TABLES `HSBC_attitudes` WRITE;
/*!40000 ALTER TABLE `HSBC_attitudes` DISABLE KEYS */;
INSERT INTO `HSBC_attitudes` (`id`,`countryid`,`value`)
VALUES
	(1,8,0),
	(2,139,0),
	(3,59,300),
	(4,138,100),
	(5,142,23),
	(6,211,0),
	(7,21,100),
	(8,213,300),
	(9,9,200),
	(10,41,412),
	(11,143,12),
	(12,4,656),
	(13,149,32),
	(14,209,69),
	(15,22,89),
	(16,207,54),
	(17,71,52),
	(18,20,25),
	(19,145,30),
	(20,23,23),
	(21,155,12),
	(22,144,200),
	(23,148,5),
	(24,146,36),
	(25,212,92),
	(26,136,12),
	(27,5,312),
	(28,121,94),
	(29,69,16),
	(30,197,19),
	(31,6,22),
	(32,68,23),
	(33,186,32),
	(34,174,21),
	(35,125,0),
	(36,62,100),
	(37,48,210),
	(38,11,300),
	(39,28,100),
	(40,14,20),
	(41,135,200),
	(42,216,200),
	(43,199,32),
	(44,163,35),
	(45,38,21),
	(46,115,20),
	(47,130,0),
	(48,106,32),
	(49,10,30),
	(50,79,0),
	(51,35,23),
	(52,208,0),
	(53,195,40),
	(54,46,100),
	(55,96,65),
	(56,102,0),
	(57,188,2),
	(58,114,0),
	(59,137,50),
	(60,29,30),
	(61,36,0),
	(62,7,0),
	(63,162,3),
	(64,189,0),
	(65,202,300),
	(66,54,19),
	(67,200,500),
	(68,39,28),
	(69,33,210),
	(70,154,23),
	(71,134,230),
	(72,129,0),
	(73,205,0),
	(74,105,0),
	(75,60,0),
	(76,30,0),
	(77,65,0),
	(78,64,0),
	(79,210,0),
	(80,31,350),
	(81,17,0);

/*!40000 ALTER TABLE `HSBC_attitudes` ENABLE KEYS */;
UNLOCK TABLES;


# Dump of table HSBC_branches
# ------------------------------------------------------------

DROP TABLE IF EXISTS `HSBC_branches`;

CREATE TABLE `HSBC_branches` (
  `id` int(11) NOT NULL auto_increment,
  `countryid` int(11) NOT NULL,
  `y2006` int(11) NOT NULL,
  `y2005` int(11) NOT NULL,
  `y2004` int(11) NOT NULL,
  `y2003` int(11) NOT NULL,
  `y2002` int(11) NOT NULL,
  `y2001` int(11) NOT NULL,
  `y2000` int(11) NOT NULL,
  `y1999` int(11) NOT NULL,
  `y1998` int(11) NOT NULL,
  `y1997` int(11) NOT NULL,
  PRIMARY KEY  (`id`)
) ENGINE=MyISAM AUTO_INCREMENT=116 DEFAULT CHARSET=latin1;

LOCK TABLES `HSBC_branches` WRITE;
/*!40000 ALTER TABLE `HSBC_branches` DISABLE KEYS */;
INSERT INTO `HSBC_branches` (`id`,`countryid`,`y2006`,`y2005`,`y2004`,`y2003`,`y2002`,`y2001`,`y2000`,`y1999`,`y1998`,`y1997`)
VALUES
	(1,8,32,0,0,0,0,0,0,0,0,0),
	(2,139,1,0,0,0,0,0,0,0,0,0),
	(3,59,2,0,0,0,0,0,0,0,0,0),
	(4,138,136,0,0,0,0,0,0,0,0,0),
	(5,211,43,0,0,0,0,0,0,0,0,0),
	(6,142,4,0,0,0,0,0,0,0,0,0),
	(7,64,1618,0,0,0,0,0,0,0,0,0),
	(8,21,46,0,0,0,0,0,0,0,0,0),
	(9,213,4,0,0,0,0,0,0,0,0,0),
	(10,9,0,0,0,0,0,0,0,0,0,0),
	(11,31,292,0,0,0,0,0,0,0,0,0),
	(12,41,12,0,0,0,0,0,0,0,0,0),
	(13,143,49,0,0,0,0,0,0,0,0,0),
	(14,4,1265,0,0,0,0,0,0,0,0,0),
	(15,210,0,0,0,0,0,0,0,0,0,0),
	(16,149,11,0,0,0,0,0,0,0,0,0),
	(17,209,90,0,0,0,0,0,0,0,0,0),
	(18,30,1584,0,0,0,0,0,0,0,0,0),
	(19,22,23,0,0,0,0,0,0,0,0,0),
	(20,207,15,0,0,0,0,0,0,0,0,0),
	(21,71,76,0,0,0,0,0,0,0,0,0),
	(22,20,83,0,0,0,0,0,0,0,0,0),
	(23,145,27,0,0,0,0,0,0,0,0,0),
	(24,23,87,0,0,0,0,0,0,0,0,0),
	(25,60,13,0,0,0,0,0,0,0,0,0),
	(26,65,7,0,0,0,0,0,0,0,0,0),
	(27,155,27,0,0,0,0,0,0,0,0,0),
	(28,144,114,0,0,0,0,0,0,0,0,0),
	(29,148,34,0,0,0,0,0,0,0,0,0),
	(30,146,43,0,0,0,0,0,0,0,0,0),
	(31,17,454,0,0,0,0,0,0,0,0,0),
	(32,212,14,0,0,0,0,0,0,0,0,0),
	(33,136,0,0,0,0,0,0,0,0,0,0),
	(34,5,0,0,0,0,0,0,0,0,0,0),
	(35,121,7,0,0,0,0,0,0,0,0,0),
	(36,69,0,0,0,0,0,0,0,0,0,0),
	(37,197,12,0,0,0,0,0,0,0,0,0),
	(38,6,1889,0,0,0,0,0,0,0,0,0),
	(39,68,2,0,0,0,0,0,0,0,0,0),
	(40,186,9,0,0,0,0,0,0,0,0,0),
	(41,174,13,0,0,0,0,0,0,0,0,0),
	(42,125,10,0,0,0,0,0,0,0,0,0),
	(43,62,2,0,0,0,0,0,0,0,0,0),
	(44,48,7,0,0,0,0,0,0,0,0,0),
	(45,11,226,0,0,0,0,0,0,0,0,0),
	(46,28,8,0,0,0,0,0,0,0,0,0),
	(47,14,2,0,0,0,0,0,0,0,0,0),
	(48,135,10,0,0,0,0,0,0,0,0,0),
	(49,216,15,0,0,0,0,0,0,0,0,0),
	(50,199,1,0,0,0,0,0,0,0,0,0),
	(51,163,3,0,0,0,0,0,0,0,0,0),
	(52,38,0,0,0,0,0,0,0,0,0,0),
	(54,79,0,0,0,0,0,0,0,0,0,0),
	(55,35,0,0,0,0,0,0,0,0,0,0),
	(56,10,0,0,0,0,0,0,0,0,0,0),
	(57,130,0,0,0,0,0,0,0,0,0,0),
	(58,106,0,0,0,0,0,0,0,0,0,0),
	(84,39,0,0,0,0,0,0,0,0,0,0),
	(62,115,0,0,0,0,0,0,0,0,0,0),
	(78,137,0,0,0,0,0,0,0,0,0,0),
	(79,29,0,0,0,0,0,0,0,0,0,0),
	(77,114,0,0,0,0,0,0,0,0,0,0),
	(80,36,0,0,0,0,0,0,0,0,0,0),
	(76,188,0,0,0,0,0,0,0,0,0,0),
	(70,195,0,0,0,0,0,0,0,0,0,0),
	(71,208,0,0,0,0,0,0,0,0,0,0),
	(72,195,0,0,0,0,0,0,0,0,0,0),
	(73,46,11,0,0,0,0,0,0,0,0,0),
	(74,96,0,0,0,0,0,0,0,0,0,0),
	(75,102,0,0,0,0,0,0,0,0,0,0),
	(91,54,0,0,0,0,0,0,0,0,0,0),
	(97,7,0,0,0,0,0,0,0,0,0,0),
	(98,154,0,0,0,0,0,0,0,0,0,0),
	(100,33,0,0,0,0,0,0,0,0,0,0),
	(104,205,0,0,0,0,0,0,0,0,0,0),
	(105,162,0,0,0,0,0,0,0,0,0,0),
	(106,129,0,0,0,0,0,0,0,0,0,0),
	(108,134,155,0,0,0,0,0,0,0,0,0),
	(112,202,0,0,0,0,0,0,0,0,0,0),
	(113,200,0,0,0,0,0,0,0,0,0,0),
	(114,105,0,0,0,0,0,0,0,0,0,0);

/*!40000 ALTER TABLE `HSBC_branches` ENABLE KEYS */;
UNLOCK TABLES;


# Dump of table HSBC_data
# ------------------------------------------------------------

DROP TABLE IF EXISTS `HSBC_data`;

CREATE TABLE `HSBC_data` (
  `id` int(11) NOT NULL auto_increment,
  `countryid` int(11) NOT NULL,
  `value` int(11) NOT NULL,
  PRIMARY KEY  (`id`)
) ENGINE=MyISAM AUTO_INCREMENT=82 DEFAULT CHARSET=latin1;

LOCK TABLES `HSBC_data` WRITE;
/*!40000 ALTER TABLE `HSBC_data` DISABLE KEYS */;
INSERT INTO `HSBC_data` (`id`,`countryid`,`value`)
VALUES
	(1,8,100),
	(2,139,34),
	(3,59,123),
	(4,138,22),
	(5,64,1345),
	(6,142,23),
	(7,211,56),
	(8,21,54),
	(9,213,234),
	(10,9,23),
	(11,31,0),
	(12,41,63),
	(13,143,200),
	(14,4,47),
	(15,210,360),
	(16,149,0),
	(17,209,0),
	(18,30,0),
	(19,22,0),
	(20,207,0),
	(21,71,0),
	(22,20,0),
	(23,145,0),
	(24,23,0),
	(25,60,0),
	(26,65,0),
	(27,155,200),
	(28,144,0),
	(29,148,0),
	(30,146,0),
	(31,17,0),
	(32,212,0),
	(33,136,0),
	(34,5,0),
	(35,121,0),
	(36,69,0),
	(37,197,0),
	(38,6,0),
	(39,68,30),
	(40,186,100),
	(41,174,0),
	(42,125,0),
	(43,62,0),
	(44,48,0),
	(45,11,0),
	(46,28,0),
	(47,14,0),
	(48,135,0),
	(49,216,0),
	(50,199,0),
	(51,163,0),
	(52,38,0),
	(53,115,0),
	(54,130,98),
	(55,106,0),
	(56,10,0),
	(57,79,0),
	(58,35,63),
	(59,208,0),
	(60,195,0),
	(61,46,0),
	(62,96,0),
	(63,102,0),
	(64,188,0),
	(65,114,0),
	(66,137,0),
	(67,29,0),
	(68,36,0),
	(69,7,0),
	(70,162,0),
	(71,189,0),
	(72,202,0),
	(73,54,0),
	(74,200,0),
	(75,39,0),
	(76,33,0),
	(77,154,0),
	(78,134,0),
	(79,129,52),
	(80,205,0),
	(81,105,0);

/*!40000 ALTER TABLE `HSBC_data` ENABLE KEYS */;
UNLOCK TABLES;


# Dump of table HSBC_high
# ------------------------------------------------------------

DROP TABLE IF EXISTS `HSBC_high`;

CREATE TABLE `HSBC_high` (
  `id` int(11) NOT NULL auto_increment,
  `countryid` int(11) NOT NULL,
  `y1997` int(11) NOT NULL,
  `y1998` int(11) NOT NULL,
  `y1999` int(11) NOT NULL,
  `y2000` int(11) NOT NULL,
  `y2001` int(11) NOT NULL,
  `y2002` int(11) NOT NULL,
  `y2003` int(11) NOT NULL,
  `y2004` int(11) NOT NULL,
  `y2005` int(11) NOT NULL,
  `y2006` int(11) NOT NULL,
  PRIMARY KEY  (`id`)
) ENGINE=MyISAM DEFAULT CHARSET=latin1;



# Dump of table HSBC_maturity
# ------------------------------------------------------------

DROP TABLE IF EXISTS `HSBC_maturity`;

CREATE TABLE `HSBC_maturity` (
  `id` int(11) NOT NULL auto_increment,
  `countryid` int(11) NOT NULL,
  `value` varchar(255) NOT NULL,
  PRIMARY KEY  (`id`)
) ENGINE=MyISAM AUTO_INCREMENT=82 DEFAULT CHARSET=latin1;

LOCK TABLES `HSBC_maturity` WRITE;
/*!40000 ALTER TABLE `HSBC_maturity` DISABLE KEYS */;
INSERT INTO `HSBC_maturity` (`id`,`countryid`,`value`)
VALUES
	(1,68,'emerging'),
	(2,11,'maturity'),
	(3,125,'emerging'),
	(4,148,'maturity'),
	(5,28,'emerging'),
	(6,186,'maturity'),
	(7,135,'emerging'),
	(8,62,'emerging'),
	(9,5,'emerging'),
	(10,216,'emerging'),
	(11,6,'emerging'),
	(12,197,'emerging'),
	(13,31,'maturity'),
	(14,174,'emerging'),
	(15,14,'maturity'),
	(16,138,'emerging'),
	(17,8,'maturity'),
	(18,21,'emerging'),
	(19,199,'maturity'),
	(20,48,'emerging'),
	(21,210,'emerging'),
	(22,208,'maturity'),
	(23,71,'maturity'),
	(24,209,'emerging'),
	(25,36,'maturity'),
	(26,17,'emerging'),
	(27,60,'maturity'),
	(28,9,'emerging'),
	(29,79,'maturity'),
	(30,23,'maturity'),
	(31,46,'maturity'),
	(32,33,'maturity'),
	(33,134,'emerging'),
	(34,144,'maturity'),
	(35,65,'emerging'),
	(36,59,'emerging'),
	(37,29,'emerging'),
	(38,212,'maturity'),
	(39,162,'maturity'),
	(40,205,'emerging'),
	(41,106,'emerging'),
	(42,188,'emerging'),
	(43,207,'maturity'),
	(44,202,'maturity'),
	(45,38,'emerging'),
	(46,121,'emerging'),
	(47,39,'emerging'),
	(48,195,'emerging'),
	(49,143,'emerging'),
	(50,4,'emerging'),
	(51,54,'emerging'),
	(52,136,'emerging'),
	(53,137,'emerging'),
	(54,149,'maturity'),
	(55,22,'maturity'),
	(56,115,'emerging'),
	(57,20,'emerging'),
	(58,154,'emerging'),
	(59,145,'emerging'),
	(60,200,'maturity'),
	(61,41,'maturity'),
	(62,155,'emerging'),
	(63,213,'maturity'),
	(64,146,'emerging'),
	(65,10,'emerging'),
	(66,35,'maturity'),
	(67,211,'maturity'),
	(68,130,'emerging'),
	(69,139,'emerging'),
	(70,189,'emerging'),
	(71,69,'emerging'),
	(72,105,'emerging'),
	(73,64,'maturity'),
	(74,30,'maturity'),
	(75,129,'emerging'),
	(76,7,'emerging'),
	(77,142,'emerging'),
	(78,163,'maturity'),
	(79,114,'emerging'),
	(80,96,'emerging'),
	(81,102,'emerging');

/*!40000 ALTER TABLE `HSBC_maturity` ENABLE KEYS */;
UNLOCK TABLES;


# Dump of table HSBC_participation
# ------------------------------------------------------------

DROP TABLE IF EXISTS `HSBC_participation`;

CREATE TABLE `HSBC_participation` (
  `id` int(11) NOT NULL auto_increment,
  `countryid` int(11) NOT NULL,
  `value` varchar(255) NOT NULL,
  PRIMARY KEY  (`id`)
) ENGINE=MyISAM AUTO_INCREMENT=82 DEFAULT CHARSET=latin1;

LOCK TABLES `HSBC_participation` WRITE;
/*!40000 ALTER TABLE `HSBC_participation` DISABLE KEYS */;
INSERT INTO `HSBC_participation` (`id`,`countryid`,`value`)
VALUES
	(1,8,'full'),
	(2,139,'selective'),
	(3,59,'network'),
	(4,138,'network'),
	(5,64,'full'),
	(6,142,'network'),
	(7,211,'full'),
	(8,21,'full'),
	(9,213,'network'),
	(10,9,'full'),
	(11,31,'network'),
	(12,41,'selective'),
	(13,143,'full'),
	(14,4,'network'),
	(15,210,'full'),
	(16,149,'selective'),
	(17,209,'full'),
	(18,30,'selective'),
	(19,22,'full'),
	(20,207,'network'),
	(21,71,'full'),
	(22,20,'selective'),
	(23,145,'full'),
	(24,23,'full'),
	(25,60,'full'),
	(26,65,'full'),
	(27,155,'network'),
	(28,144,'selective'),
	(29,148,'full'),
	(30,146,'full'),
	(31,17,'network'),
	(32,212,'full'),
	(33,136,'network'),
	(34,5,'full'),
	(35,121,'selective'),
	(36,69,'selective'),
	(37,197,'network'),
	(38,6,'network'),
	(39,68,'full'),
	(40,186,'full'),
	(41,174,'full'),
	(42,125,'full'),
	(43,62,'network'),
	(44,48,'network'),
	(45,11,'network'),
	(46,28,'selective'),
	(47,14,'network'),
	(48,135,'selective'),
	(49,216,'selective'),
	(50,199,'selective'),
	(51,163,'selective'),
	(52,38,'selective'),
	(53,115,'network'),
	(54,130,'network'),
	(55,106,'full'),
	(56,10,'network'),
	(57,79,'selective'),
	(58,35,'network'),
	(59,208,'selective'),
	(60,195,'network'),
	(61,46,'full'),
	(62,96,'full'),
	(63,102,'full'),
	(64,188,'full'),
	(65,114,'network'),
	(66,137,'network'),
	(67,29,'network'),
	(68,36,'network'),
	(69,7,'full'),
	(70,162,'full'),
	(71,189,'full'),
	(72,202,'full'),
	(73,54,'selective'),
	(74,200,'selective'),
	(75,39,'selective'),
	(76,33,'selective'),
	(77,154,'selective'),
	(78,134,'selective'),
	(79,129,'selective'),
	(80,205,'network'),
	(81,105,'full');

/*!40000 ALTER TABLE `HSBC_participation` ENABLE KEYS */;
UNLOCK TABLES;


# Dump of table HSBC_volume
# ------------------------------------------------------------

DROP TABLE IF EXISTS `HSBC_volume`;

CREATE TABLE `HSBC_volume` (
  `id` int(11) NOT NULL auto_increment,
  `countryid` int(11) NOT NULL,
  `value` int(11) NOT NULL,
  PRIMARY KEY  (`id`)
) ENGINE=MyISAM AUTO_INCREMENT=82 DEFAULT CHARSET=latin1;

LOCK TABLES `HSBC_volume` WRITE;
/*!40000 ALTER TABLE `HSBC_volume` DISABLE KEYS */;
INSERT INTO `HSBC_volume` (`id`,`countryid`,`value`)
VALUES
	(1,8,100),
	(2,139,100),
	(3,59,300),
	(4,138,40),
	(5,64,50),
	(6,142,65),
	(7,211,42),
	(8,21,90),
	(9,213,78),
	(10,9,0),
	(11,31,0),
	(12,41,34),
	(13,143,0),
	(14,4,600),
	(15,210,100),
	(16,149,13),
	(17,209,33),
	(18,30,232),
	(19,22,0),
	(20,207,0),
	(21,71,0),
	(22,20,0),
	(23,145,0),
	(24,23,0),
	(25,60,0),
	(26,65,0),
	(27,155,200),
	(28,144,0),
	(29,148,0),
	(30,146,200),
	(31,17,0),
	(32,212,0),
	(33,136,34),
	(34,5,22),
	(35,121,21),
	(36,69,21),
	(37,197,292),
	(38,6,32),
	(39,68,32),
	(40,186,21),
	(41,174,100),
	(42,125,100),
	(43,62,0),
	(44,48,0),
	(45,11,0),
	(46,28,0),
	(47,14,0),
	(48,135,0),
	(49,216,0),
	(50,199,0),
	(51,163,0),
	(52,38,0),
	(53,115,0),
	(54,130,200),
	(55,106,0),
	(56,10,200),
	(57,79,0),
	(58,35,200),
	(59,208,0),
	(60,195,0),
	(61,46,0),
	(62,96,0),
	(63,102,0),
	(64,188,0),
	(65,114,0),
	(66,137,0),
	(67,29,0),
	(68,36,0),
	(69,7,150),
	(70,162,0),
	(71,189,200),
	(72,202,0),
	(73,54,100),
	(74,200,100),
	(75,39,0),
	(76,33,100),
	(77,154,0),
	(78,134,0),
	(79,129,150),
	(80,205,0),
	(81,105,200);

/*!40000 ALTER TABLE `HSBC_volume` ENABLE KEYS */;
UNLOCK TABLES;


# Dump of table JWT_1:_WWCC_%_6+_all_time
# ------------------------------------------------------------

DROP TABLE IF EXISTS `JWT_1:_WWCC_%_6+_all_time`;

CREATE TABLE `JWT_1:_WWCC_%_6+_all_time` (
  `id` int(11) NOT NULL auto_increment,
  `countryid` int(11) NOT NULL,
  `value` int(11) NOT NULL,
  PRIMARY KEY  (`id`)
) ENGINE=MyISAM AUTO_INCREMENT=210 DEFAULT CHARSET=latin1;

LOCK TABLES `JWT_1:_WWCC_%_6+_all_time` WRITE;
/*!40000 ALTER TABLE `JWT_1:_WWCC_%_6+_all_time` DISABLE KEYS */;
INSERT INTO `JWT_1:_WWCC_%_6+_all_time` (`id`,`countryid`,`value`)
VALUES
	(1,67,0),
	(2,69,0),
	(3,71,9),
	(26,120,17),
	(27,116,35),
	(50,99,28),
	(60,117,8),
	(67,4,32),
	(68,9,28),
	(74,31,29),
	(80,30,26),
	(95,123,0),
	(98,51,0),
	(106,132,0),
	(108,135,0),
	(109,134,26),
	(110,137,0),
	(111,139,50),
	(112,141,0),
	(113,143,53),
	(114,148,17),
	(209,145,0),
	(121,211,35),
	(122,17,37),
	(125,34,0),
	(126,138,38),
	(127,36,0),
	(128,142,12),
	(129,144,36),
	(130,146,0),
	(131,149,14),
	(134,155,52),
	(136,207,0),
	(137,212,22),
	(139,35,0),
	(140,38,0),
	(143,42,23),
	(144,48,0),
	(145,46,0),
	(147,53,0),
	(148,55,0),
	(149,57,6),
	(150,61,0),
	(151,59,20),
	(152,63,39),
	(153,65,4),
	(159,45,3),
	(161,49,0),
	(166,60,14),
	(167,62,12),
	(168,64,39),
	(169,66,19),
	(180,199,0),
	(184,195,0),
	(186,200,0),
	(187,210,0),
	(190,3,0),
	(191,7,43),
	(193,12,35),
	(194,14,37),
	(198,213,5),
	(200,2,24),
	(201,6,51),
	(202,8,33),
	(203,11,45),
	(204,13,0),
	(205,15,0);

/*!40000 ALTER TABLE `JWT_1:_WWCC_%_6+_all_time` ENABLE KEYS */;
UNLOCK TABLES;


# Dump of table JWT_2:_8s_and_9s,_2005_and_2006
# ------------------------------------------------------------

DROP TABLE IF EXISTS `JWT_2:_8s_and_9s,_2005_and_2006`;

CREATE TABLE `JWT_2:_8s_and_9s,_2005_and_2006` (
  `id` int(11) NOT NULL auto_increment,
  `countryid` int(11) NOT NULL,
  `value` int(11) NOT NULL,
  PRIMARY KEY  (`id`)
) ENGINE=MyISAM AUTO_INCREMENT=209 DEFAULT CHARSET=latin1;

LOCK TABLES `JWT_2:_8s_and_9s,_2005_and_2006` WRITE;
/*!40000 ALTER TABLE `JWT_2:_8s_and_9s,_2005_and_2006` DISABLE KEYS */;
INSERT INTO `JWT_2:_8s_and_9s,_2005_and_2006` (`id`,`countryid`,`value`)
VALUES
	(1,67,0),
	(2,69,0),
	(3,71,0),
	(4,73,0),
	(5,75,0),
	(6,78,0),
	(7,80,0),
	(8,82,0),
	(9,84,0),
	(10,86,0),
	(11,88,0),
	(12,90,0),
	(13,92,0),
	(14,94,0),
	(15,96,0),
	(16,98,0),
	(17,100,0),
	(18,102,0),
	(19,104,0),
	(20,106,0),
	(21,108,0),
	(22,110,0),
	(23,112,0),
	(24,114,0),
	(25,118,0),
	(26,120,0),
	(27,116,0),
	(28,122,0),
	(29,177,0),
	(30,202,0),
	(31,194,0),
	(32,208,0),
	(33,70,0),
	(34,5,0),
	(35,68,0),
	(36,20,0),
	(37,72,0),
	(38,22,0),
	(39,74,0),
	(40,76,0),
	(41,79,0),
	(42,83,0),
	(43,81,0),
	(44,85,0),
	(45,89,0),
	(46,87,0),
	(47,91,0),
	(48,93,0),
	(49,95,0),
	(50,99,0),
	(51,97,0),
	(52,101,0),
	(53,103,0),
	(54,107,0),
	(55,105,0),
	(56,109,0),
	(57,111,0),
	(58,115,0),
	(59,113,0),
	(60,117,1),
	(61,119,0),
	(62,121,0),
	(63,175,0),
	(64,201,0),
	(65,192,0),
	(66,203,0),
	(67,4,0),
	(68,9,0),
	(69,21,0),
	(70,24,0),
	(71,23,0),
	(72,27,0),
	(73,29,0),
	(74,31,1),
	(75,161,0),
	(76,25,0),
	(77,169,0),
	(78,174,0),
	(79,172,0),
	(80,30,8),
	(81,28,0),
	(82,32,0),
	(83,163,0),
	(84,170,0),
	(85,173,0),
	(86,176,0),
	(87,178,0),
	(88,182,0),
	(89,180,0),
	(90,184,0),
	(91,179,0),
	(92,216,0),
	(93,191,0),
	(94,181,0),
	(95,123,0),
	(96,209,0),
	(97,183,0),
	(98,51,0),
	(99,190,0),
	(100,127,0),
	(101,124,0),
	(102,129,0),
	(103,128,0),
	(104,131,0),
	(105,130,0),
	(106,132,0),
	(107,133,0),
	(108,135,0),
	(109,134,1),
	(110,137,0),
	(111,139,2),
	(112,141,0),
	(113,143,4),
	(114,148,0),
	(115,145,0),
	(116,150,0),
	(117,154,0),
	(118,152,0),
	(119,156,0),
	(120,205,0),
	(121,211,0),
	(122,17,1),
	(123,140,0),
	(124,136,0),
	(125,34,0),
	(126,138,0),
	(127,36,0),
	(128,142,0),
	(129,144,0),
	(130,146,0),
	(131,149,0),
	(132,153,0),
	(133,151,0),
	(134,155,2),
	(135,204,0),
	(136,207,0),
	(137,212,0),
	(138,33,0),
	(139,35,0),
	(140,38,0),
	(141,40,0),
	(142,44,0),
	(143,42,0),
	(144,48,0),
	(145,46,0),
	(146,50,0),
	(147,53,0),
	(148,55,0),
	(149,57,0),
	(150,61,0),
	(151,59,0),
	(152,63,0),
	(153,65,0),
	(154,37,0),
	(155,125,0),
	(156,41,0),
	(157,39,0),
	(158,43,0),
	(159,45,0),
	(160,47,0),
	(161,49,0),
	(162,52,0),
	(163,54,0),
	(164,56,0),
	(165,58,0),
	(166,60,0),
	(167,62,0),
	(168,64,3),
	(169,66,0),
	(170,157,0),
	(171,126,0),
	(172,159,0),
	(173,158,0),
	(174,164,0),
	(175,162,0),
	(176,186,0),
	(177,188,0),
	(178,193,0),
	(179,196,0),
	(180,199,0),
	(181,185,0),
	(182,187,0),
	(183,189,0),
	(184,195,0),
	(185,197,0),
	(186,200,0),
	(187,210,0),
	(188,214,0),
	(189,217,0),
	(190,3,0),
	(191,7,0),
	(192,10,0),
	(193,12,0),
	(194,14,0),
	(195,18,0),
	(196,165,0),
	(197,167,0),
	(198,213,0),
	(199,215,0),
	(200,2,0),
	(201,6,0),
	(202,8,0),
	(203,11,6),
	(204,13,0),
	(205,15,0),
	(206,19,0),
	(207,168,0),
	(208,166,0);

/*!40000 ALTER TABLE `JWT_2:_8s_and_9s,_2005_and_2006` ENABLE KEYS */;
UNLOCK TABLES;


# Dump of table JWT_3:_8s_and_9s,_2008_and_2009
# ------------------------------------------------------------

DROP TABLE IF EXISTS `JWT_3:_8s_and_9s,_2008_and_2009`;

CREATE TABLE `JWT_3:_8s_and_9s,_2008_and_2009` (
  `id` int(11) NOT NULL auto_increment,
  `countryid` int(11) NOT NULL,
  `value` int(11) NOT NULL,
  PRIMARY KEY  (`id`)
) ENGINE=MyISAM AUTO_INCREMENT=209 DEFAULT CHARSET=latin1;

LOCK TABLES `JWT_3:_8s_and_9s,_2008_and_2009` WRITE;
/*!40000 ALTER TABLE `JWT_3:_8s_and_9s,_2008_and_2009` DISABLE KEYS */;
INSERT INTO `JWT_3:_8s_and_9s,_2008_and_2009` (`id`,`countryid`,`value`)
VALUES
	(1,67,0),
	(2,69,0),
	(3,71,1),
	(4,73,0),
	(5,75,0),
	(6,78,0),
	(7,80,0),
	(8,82,0),
	(9,84,0),
	(10,86,0),
	(11,88,0),
	(12,90,0),
	(13,92,0),
	(14,94,0),
	(15,96,0),
	(16,98,0),
	(17,100,0),
	(18,102,0),
	(19,104,0),
	(20,106,0),
	(21,108,0),
	(22,110,0),
	(23,112,0),
	(24,114,0),
	(25,118,0),
	(26,120,0),
	(27,116,0),
	(28,122,0),
	(29,177,0),
	(30,202,0),
	(31,194,0),
	(32,208,0),
	(33,70,0),
	(34,5,0),
	(35,68,0),
	(36,20,0),
	(37,72,0),
	(38,22,0),
	(39,74,0),
	(40,76,0),
	(41,79,0),
	(42,83,0),
	(43,81,0),
	(44,85,2),
	(45,89,0),
	(46,87,0),
	(47,91,0),
	(48,93,0),
	(49,95,0),
	(50,99,0),
	(51,97,0),
	(52,101,0),
	(53,103,0),
	(54,107,0),
	(55,105,0),
	(56,109,0),
	(57,111,0),
	(58,115,0),
	(59,113,0),
	(60,117,1),
	(61,119,0),
	(62,121,0),
	(63,175,0),
	(64,201,0),
	(65,192,0),
	(66,203,0),
	(67,4,0),
	(68,9,0),
	(69,21,0),
	(70,24,0),
	(71,23,0),
	(72,27,0),
	(73,29,0),
	(74,31,0),
	(75,161,0),
	(76,25,0),
	(77,169,0),
	(78,174,0),
	(79,172,0),
	(80,30,12),
	(81,28,0),
	(82,32,0),
	(83,163,0),
	(84,170,0),
	(85,173,0),
	(86,176,0),
	(87,178,0),
	(88,182,0),
	(89,180,0),
	(90,184,0),
	(91,179,0),
	(92,216,0),
	(93,191,0),
	(94,181,0),
	(95,123,1),
	(96,209,0),
	(97,183,0),
	(98,51,0),
	(99,190,0),
	(100,127,0),
	(101,124,0),
	(102,129,0),
	(103,128,0),
	(104,131,0),
	(105,130,0),
	(106,132,0),
	(107,133,0),
	(108,135,0),
	(109,134,2),
	(110,137,0),
	(111,139,0),
	(112,141,0),
	(113,143,0),
	(114,148,0),
	(115,145,0),
	(116,150,0),
	(117,154,0),
	(118,152,0),
	(119,156,0),
	(120,205,0),
	(121,211,0),
	(122,17,2),
	(123,140,0),
	(124,136,0),
	(125,34,0),
	(126,138,5),
	(127,36,0),
	(128,142,0),
	(129,144,0),
	(130,146,0),
	(131,149,0),
	(132,153,0),
	(133,151,0),
	(134,155,3),
	(135,204,0),
	(136,207,0),
	(137,212,2),
	(138,33,0),
	(139,35,0),
	(140,38,0),
	(141,40,0),
	(142,44,0),
	(143,42,1),
	(144,48,0),
	(145,46,0),
	(146,50,0),
	(147,53,0),
	(148,55,0),
	(149,57,1),
	(150,61,0),
	(151,59,1),
	(152,63,1),
	(153,65,0),
	(154,37,0),
	(155,125,0),
	(156,41,1),
	(157,39,0),
	(158,43,0),
	(159,45,1),
	(160,47,0),
	(161,49,0),
	(162,52,0),
	(163,54,0),
	(164,56,0),
	(165,58,0),
	(166,60,0),
	(167,62,0),
	(168,64,3),
	(169,66,0),
	(170,157,0),
	(171,126,0),
	(172,159,0),
	(173,158,0),
	(174,164,0),
	(175,162,0),
	(176,186,0),
	(177,188,0),
	(178,193,0),
	(179,196,0),
	(180,199,0),
	(181,185,0),
	(182,187,0),
	(183,189,0),
	(184,195,0),
	(185,197,0),
	(186,200,0),
	(187,210,0),
	(188,214,0),
	(189,217,0),
	(190,3,0),
	(191,7,0),
	(192,10,0),
	(193,12,0),
	(194,14,3),
	(195,18,0),
	(196,165,0),
	(197,167,0),
	(198,213,3),
	(199,215,0),
	(200,2,0),
	(201,6,8),
	(202,8,0),
	(203,11,6),
	(204,13,0),
	(205,15,0),
	(206,19,0),
	(207,168,0),
	(208,166,0);

/*!40000 ALTER TABLE `JWT_3:_8s_and_9s,_2008_and_2009` ENABLE KEYS */;
UNLOCK TABLES;


# Dump of table JWT_cannes_2008
# ------------------------------------------------------------

DROP TABLE IF EXISTS `JWT_cannes_2008`;

CREATE TABLE `JWT_cannes_2008` (
  `id` int(11) NOT NULL auto_increment,
  `countryid` int(11) NOT NULL,
  `value` int(11) NOT NULL,
  PRIMARY KEY  (`id`)
) ENGINE=MyISAM AUTO_INCREMENT=210 DEFAULT CHARSET=latin1;

LOCK TABLES `JWT_cannes_2008` WRITE;
/*!40000 ALTER TABLE `JWT_cannes_2008` DISABLE KEYS */;
INSERT INTO `JWT_cannes_2008` (`id`,`countryid`,`value`)
VALUES
	(1,67,0),
	(3,69,0),
	(4,71,0),
	(5,73,0),
	(6,75,0),
	(7,78,0),
	(8,80,0),
	(9,82,0),
	(10,84,0),
	(11,86,0),
	(12,88,0),
	(13,90,0),
	(14,92,0),
	(15,94,0),
	(16,96,0),
	(17,98,0),
	(18,100,0),
	(19,102,0),
	(20,104,0),
	(21,106,0),
	(22,108,0),
	(23,110,0),
	(24,112,0),
	(25,114,0),
	(26,118,0),
	(27,120,0),
	(28,116,6),
	(29,122,0),
	(30,177,0),
	(31,202,0),
	(32,194,0),
	(33,208,0),
	(34,70,0),
	(35,5,0),
	(36,68,0),
	(37,20,0),
	(38,72,0),
	(39,22,0),
	(40,74,0),
	(41,76,0),
	(42,79,0),
	(43,83,0),
	(44,81,0),
	(45,85,0),
	(46,89,0),
	(47,87,0),
	(48,91,0),
	(49,93,0),
	(50,95,0),
	(51,99,0),
	(52,97,0),
	(53,101,0),
	(54,103,0),
	(55,107,0),
	(56,105,0),
	(57,109,0),
	(58,111,0),
	(59,115,0),
	(60,113,0),
	(61,117,0),
	(62,119,0),
	(63,121,0),
	(64,175,0),
	(65,201,0),
	(66,192,0),
	(67,203,0),
	(68,4,9),
	(69,9,0),
	(70,21,22),
	(71,24,0),
	(72,23,0),
	(73,27,0),
	(74,29,0),
	(75,31,0),
	(76,161,0),
	(77,25,0),
	(78,169,0),
	(79,174,0),
	(80,172,0),
	(81,30,3),
	(82,28,0),
	(83,32,0),
	(84,163,0),
	(85,170,0),
	(86,173,0),
	(87,176,0),
	(88,178,0),
	(89,182,0),
	(90,180,0),
	(91,184,0),
	(92,179,0),
	(93,216,0),
	(94,191,0),
	(95,181,0),
	(96,123,0),
	(97,209,0),
	(98,183,0),
	(99,51,0),
	(100,190,0),
	(101,127,0),
	(102,124,0),
	(103,129,0),
	(104,128,0),
	(105,131,0),
	(106,130,0),
	(107,132,0),
	(108,133,0),
	(109,135,0),
	(110,134,64),
	(111,137,0),
	(112,139,0),
	(113,141,0),
	(114,143,0),
	(115,148,34),
	(116,145,0),
	(117,150,0),
	(118,154,0),
	(119,152,0),
	(120,156,0),
	(121,205,0),
	(122,211,0),
	(123,17,4),
	(124,140,0),
	(125,136,0),
	(126,34,0),
	(127,138,12),
	(128,36,0),
	(129,142,0),
	(130,144,9),
	(131,146,0),
	(132,149,5),
	(133,153,0),
	(134,151,0),
	(135,155,16),
	(136,204,0),
	(137,207,0),
	(138,212,13),
	(139,33,0),
	(140,35,0),
	(141,38,0),
	(142,40,0),
	(143,44,0),
	(144,42,0),
	(145,48,0),
	(146,46,0),
	(147,50,0),
	(148,53,0),
	(149,55,0),
	(150,57,0),
	(151,61,0),
	(152,59,2),
	(153,63,0),
	(154,65,0),
	(155,37,0),
	(156,125,0),
	(157,41,0),
	(158,39,0),
	(159,43,0),
	(160,45,0),
	(161,47,0),
	(162,49,0),
	(163,52,0),
	(164,54,0),
	(165,56,0),
	(166,58,0),
	(167,60,0),
	(168,62,0),
	(169,64,18),
	(170,66,0),
	(171,157,0),
	(172,126,0),
	(173,159,0),
	(174,158,0),
	(175,164,0),
	(176,162,0),
	(177,186,0),
	(178,188,0),
	(179,193,0),
	(180,196,0),
	(181,199,0),
	(182,185,0),
	(183,187,0),
	(184,189,0),
	(185,195,0),
	(186,197,0),
	(187,200,0),
	(188,210,0),
	(189,214,0),
	(190,217,0),
	(191,3,0),
	(192,7,4),
	(193,10,0),
	(194,12,0),
	(195,14,2),
	(196,18,0),
	(197,165,0),
	(198,167,0),
	(199,213,22),
	(200,215,0),
	(201,2,0),
	(202,6,16),
	(203,8,0),
	(204,11,5),
	(205,13,0),
	(206,15,0),
	(207,19,0),
	(208,168,0),
	(209,166,0);

/*!40000 ALTER TABLE `JWT_cannes_2008` ENABLE KEYS */;
UNLOCK TABLES;


# Dump of table JWT_cannes_2009
# ------------------------------------------------------------

DROP TABLE IF EXISTS `JWT_cannes_2009`;

CREATE TABLE `JWT_cannes_2009` (
  `id` int(11) NOT NULL auto_increment,
  `countryid` int(11) NOT NULL,
  `value` int(11) NOT NULL,
  PRIMARY KEY  (`id`)
) ENGINE=MyISAM AUTO_INCREMENT=210 DEFAULT CHARSET=latin1;

LOCK TABLES `JWT_cannes_2009` WRITE;
/*!40000 ALTER TABLE `JWT_cannes_2009` DISABLE KEYS */;
INSERT INTO `JWT_cannes_2009` (`id`,`countryid`,`value`)
VALUES
	(1,67,0),
	(3,69,0),
	(4,71,0),
	(5,73,0),
	(6,75,0),
	(7,78,0),
	(8,80,0),
	(9,82,0),
	(10,84,0),
	(11,86,0),
	(12,88,0),
	(13,90,0),
	(14,92,0),
	(15,94,0),
	(16,96,0),
	(17,98,0),
	(18,100,0),
	(19,102,0),
	(20,104,0),
	(21,106,0),
	(22,108,0),
	(23,110,0),
	(24,112,0),
	(25,114,0),
	(26,118,0),
	(27,120,0),
	(28,116,0),
	(29,122,0),
	(30,177,0),
	(31,202,0),
	(32,194,0),
	(33,208,0),
	(34,70,0),
	(35,5,0),
	(36,68,0),
	(37,20,0),
	(38,72,0),
	(39,22,0),
	(40,74,0),
	(41,76,0),
	(42,79,0),
	(43,83,0),
	(44,81,0),
	(45,85,0),
	(46,89,0),
	(47,87,0),
	(48,91,0),
	(49,93,0),
	(50,95,0),
	(51,99,0),
	(52,97,0),
	(53,101,0),
	(54,103,0),
	(55,107,0),
	(56,105,0),
	(57,109,0),
	(58,111,0),
	(59,115,0),
	(60,113,0),
	(61,117,0),
	(62,119,0),
	(63,121,0),
	(64,175,0),
	(65,201,0),
	(66,192,0),
	(67,203,0),
	(68,4,0),
	(69,9,0),
	(70,21,4),
	(71,24,0),
	(72,23,0),
	(73,27,0),
	(74,29,0),
	(75,31,0),
	(76,161,0),
	(77,25,0),
	(78,169,0),
	(79,174,0),
	(80,172,0),
	(81,30,13),
	(82,28,0),
	(83,32,0),
	(84,163,0),
	(85,170,0),
	(86,173,0),
	(87,176,0),
	(88,178,0),
	(89,182,0),
	(90,180,0),
	(91,184,0),
	(92,179,0),
	(93,216,0),
	(94,191,0),
	(95,181,0),
	(96,123,0),
	(97,209,0),
	(98,183,0),
	(99,51,0),
	(100,190,0),
	(101,127,0),
	(102,124,0),
	(103,129,0),
	(104,128,0),
	(105,131,0),
	(106,130,0),
	(107,132,0),
	(108,133,0),
	(109,135,0),
	(110,134,24),
	(111,137,0),
	(112,139,0),
	(113,141,0),
	(114,143,0),
	(115,148,0),
	(116,145,0),
	(117,150,0),
	(118,154,0),
	(119,152,0),
	(120,156,0),
	(121,205,0),
	(122,211,0),
	(123,17,0),
	(124,140,0),
	(125,136,0),
	(126,34,0),
	(127,138,29),
	(128,36,0),
	(129,142,0),
	(130,144,0),
	(131,146,0),
	(132,149,0),
	(133,153,0),
	(134,151,0),
	(135,155,15),
	(136,204,0),
	(137,207,0),
	(138,212,13),
	(139,33,0),
	(140,35,0),
	(141,38,0),
	(142,40,0),
	(143,44,0),
	(144,42,0),
	(145,48,0),
	(146,46,0),
	(147,50,0),
	(148,53,0),
	(149,55,0),
	(150,57,0),
	(151,61,0),
	(152,59,6),
	(153,63,0),
	(154,65,0),
	(155,37,0),
	(156,125,0),
	(157,41,0),
	(158,39,0),
	(159,43,0),
	(160,45,0),
	(161,47,0),
	(162,49,0),
	(163,52,0),
	(164,54,0),
	(165,56,0),
	(166,58,0),
	(167,60,0),
	(168,62,0),
	(169,64,5),
	(170,66,0),
	(171,157,0),
	(172,126,0),
	(173,159,0),
	(174,158,0),
	(175,164,0),
	(176,162,0),
	(177,186,0),
	(178,188,0),
	(179,193,0),
	(180,196,0),
	(181,199,0),
	(182,185,0),
	(183,187,0),
	(184,189,0),
	(185,195,0),
	(186,197,0),
	(187,200,0),
	(188,210,0),
	(189,214,0),
	(190,217,0),
	(191,3,0),
	(192,7,0),
	(193,10,0),
	(194,12,0),
	(195,14,5),
	(196,18,0),
	(197,165,0),
	(198,167,0),
	(199,213,0),
	(200,215,0),
	(201,2,0),
	(202,6,5),
	(203,8,0),
	(204,11,5),
	(205,13,0),
	(206,15,0),
	(207,19,0),
	(208,168,0),
	(209,166,0);

/*!40000 ALTER TABLE `JWT_cannes_2009` ENABLE KEYS */;
UNLOCK TABLES;


# Dump of table JWT_creative
# ------------------------------------------------------------

DROP TABLE IF EXISTS `JWT_creative`;

CREATE TABLE `JWT_creative` (
  `id` int(11) NOT NULL auto_increment,
  `countryid` int(11) NOT NULL,
  `value` int(11) NOT NULL,
  PRIMARY KEY  (`id`)
) ENGINE=MyISAM AUTO_INCREMENT=210 DEFAULT CHARSET=latin1;

LOCK TABLES `JWT_creative` WRITE;
/*!40000 ALTER TABLE `JWT_creative` DISABLE KEYS */;
INSERT INTO `JWT_creative` (`id`,`countryid`,`value`)
VALUES
	(1,67,0),
	(3,69,0),
	(4,71,24),
	(5,73,0),
	(6,75,0),
	(7,78,0),
	(8,80,0),
	(9,82,0),
	(10,84,0),
	(11,86,0),
	(12,88,0),
	(13,90,0),
	(14,92,0),
	(15,94,0),
	(16,96,0),
	(17,98,0),
	(18,100,0),
	(19,102,0),
	(20,104,0),
	(21,106,0),
	(22,108,0),
	(23,110,0),
	(24,112,0),
	(25,114,0),
	(26,118,0),
	(27,120,27),
	(28,116,74),
	(29,122,0),
	(30,177,0),
	(31,202,15),
	(32,194,0),
	(33,208,0),
	(34,70,0),
	(35,5,0),
	(36,68,0),
	(37,20,0),
	(38,72,0),
	(39,22,0),
	(40,74,0),
	(41,76,0),
	(42,79,0),
	(43,83,0),
	(44,81,0),
	(45,85,0),
	(46,89,0),
	(47,87,0),
	(48,91,0),
	(49,93,0),
	(50,95,0),
	(51,99,130),
	(52,97,0),
	(53,101,0),
	(54,103,0),
	(55,107,0),
	(56,105,0),
	(57,109,0),
	(58,111,0),
	(59,115,0),
	(60,113,0),
	(61,117,4),
	(62,119,0),
	(63,121,26),
	(64,175,0),
	(65,201,0),
	(66,192,0),
	(67,203,0),
	(68,4,148),
	(69,9,51),
	(70,21,60),
	(71,24,0),
	(72,23,0),
	(73,27,0),
	(74,29,0),
	(75,31,82),
	(76,161,0),
	(77,25,17),
	(78,169,0),
	(79,174,0),
	(80,172,0),
	(81,30,384),
	(82,28,0),
	(83,32,0),
	(84,163,0),
	(85,170,0),
	(86,173,0),
	(87,176,0),
	(88,178,0),
	(89,182,0),
	(90,180,0),
	(91,184,0),
	(92,179,0),
	(93,216,0),
	(94,191,0),
	(95,181,0),
	(96,123,0),
	(97,209,0),
	(98,183,0),
	(99,51,0),
	(100,190,0),
	(101,127,0),
	(102,124,0),
	(103,129,0),
	(104,128,0),
	(105,131,0),
	(106,130,0),
	(107,132,0),
	(108,133,0),
	(109,135,0),
	(110,134,424),
	(111,137,0),
	(112,139,147),
	(113,141,0),
	(114,143,66),
	(115,148,151),
	(116,145,49),
	(117,150,0),
	(118,154,0),
	(119,152,0),
	(120,156,0),
	(121,205,0),
	(122,211,79),
	(123,17,109),
	(124,140,0),
	(125,136,0),
	(126,34,0),
	(127,138,209),
	(128,36,0),
	(129,142,18),
	(130,144,53),
	(131,146,0),
	(132,149,26),
	(133,153,0),
	(134,151,0),
	(135,155,133),
	(136,204,0),
	(137,207,0),
	(138,212,46),
	(139,33,0),
	(140,35,0),
	(141,38,0),
	(142,40,0),
	(143,44,0),
	(144,42,0),
	(145,48,0),
	(146,46,0),
	(147,50,0),
	(148,53,0),
	(149,55,0),
	(150,57,18),
	(151,61,0),
	(152,59,98),
	(153,63,78),
	(154,65,17),
	(155,37,0),
	(156,125,0),
	(157,41,0),
	(158,39,0),
	(159,43,0),
	(160,45,4),
	(161,47,0),
	(162,49,0),
	(163,52,0),
	(164,54,0),
	(165,56,0),
	(166,58,0),
	(167,60,36),
	(168,62,16),
	(169,64,389),
	(170,66,32),
	(171,157,0),
	(172,126,0),
	(173,159,0),
	(174,158,0),
	(175,164,0),
	(176,162,0),
	(177,186,28),
	(178,188,0),
	(179,193,0),
	(180,196,0),
	(181,199,0),
	(182,185,0),
	(183,187,0),
	(184,189,0),
	(185,195,0),
	(186,197,0),
	(187,200,0),
	(188,210,0),
	(189,214,0),
	(190,217,0),
	(191,3,0),
	(192,7,47),
	(193,10,0),
	(194,12,81),
	(195,14,54),
	(196,18,0),
	(197,165,0),
	(198,167,0),
	(199,213,166),
	(200,215,0),
	(201,2,30),
	(202,6,387),
	(203,8,47),
	(204,11,174),
	(205,13,0),
	(206,15,0),
	(207,19,0),
	(208,168,0),
	(209,166,0);

/*!40000 ALTER TABLE `JWT_creative` ENABLE KEYS */;
UNLOCK TABLES;


# Dump of table JWT_Industry_stats
# ------------------------------------------------------------

DROP TABLE IF EXISTS `JWT_Industry_stats`;

CREATE TABLE `JWT_Industry_stats` (
  `id` int(11) NOT NULL auto_increment,
  `countryid` int(11) NOT NULL,
  `y2009` int(11) NOT NULL,
  `y2010` int(11) NOT NULL,
  `y2011` int(11) NOT NULL,
  PRIMARY KEY  (`id`)
) ENGINE=MyISAM AUTO_INCREMENT=209 DEFAULT CHARSET=latin1;

LOCK TABLES `JWT_Industry_stats` WRITE;
/*!40000 ALTER TABLE `JWT_Industry_stats` DISABLE KEYS */;
INSERT INTO `JWT_Industry_stats` (`id`,`countryid`,`y2009`,`y2010`,`y2011`)
VALUES
	(1,67,0,0,0),
	(2,69,0,0,0),
	(3,71,0,0,0),
	(4,73,0,0,0),
	(5,75,0,0,0),
	(6,78,0,0,0),
	(7,80,0,0,0),
	(8,82,0,0,0),
	(9,84,0,0,0),
	(10,86,0,0,0),
	(11,88,0,0,0),
	(12,90,0,0,0),
	(13,92,0,0,0),
	(14,94,0,0,0),
	(15,96,0,0,0),
	(16,98,0,0,0),
	(17,100,0,0,0),
	(18,102,0,0,0),
	(19,104,0,0,0),
	(20,106,0,0,0),
	(21,108,0,0,0),
	(22,110,0,0,0),
	(23,112,0,0,0),
	(24,114,0,0,0),
	(25,118,0,0,0),
	(26,120,0,0,0),
	(27,116,0,0,0),
	(28,122,0,0,0),
	(29,177,0,0,0),
	(30,202,0,0,0),
	(31,194,0,0,0),
	(32,208,0,0,0),
	(33,70,0,0,0),
	(34,5,0,0,0),
	(35,68,0,0,0),
	(36,20,0,0,0),
	(37,72,0,0,0),
	(38,22,0,0,0),
	(39,74,0,0,0),
	(40,76,0,0,0),
	(41,79,0,0,0),
	(42,83,0,0,0),
	(43,81,0,0,0),
	(44,85,0,0,0),
	(45,89,0,0,0),
	(46,87,0,0,0),
	(47,91,0,0,0),
	(48,93,0,0,0),
	(49,95,0,0,0),
	(50,99,0,0,0),
	(51,97,0,0,0),
	(52,101,0,0,0),
	(53,103,0,0,0),
	(54,107,0,0,0),
	(55,105,0,0,0),
	(56,109,0,0,0),
	(57,111,0,0,0),
	(58,115,0,0,0),
	(59,113,0,0,0),
	(60,117,0,0,0),
	(61,119,0,0,0),
	(62,121,0,0,0),
	(63,175,0,0,0),
	(64,201,0,0,0),
	(65,192,0,0,0),
	(66,203,0,0,0),
	(67,4,0,0,0),
	(68,9,0,0,0),
	(69,21,0,0,0),
	(70,24,0,0,0),
	(71,23,0,0,0),
	(72,27,0,0,0),
	(73,29,0,0,0),
	(74,31,0,0,0),
	(75,161,0,0,0),
	(76,25,0,0,0),
	(77,169,0,0,0),
	(78,174,0,0,0),
	(79,172,0,0,0),
	(80,30,0,0,0),
	(81,28,0,0,0),
	(82,32,0,0,0),
	(83,163,0,0,0),
	(84,170,0,0,0),
	(85,173,0,0,0),
	(86,176,0,0,0),
	(87,178,0,0,0),
	(88,182,0,0,0),
	(89,180,0,0,0),
	(90,184,0,0,0),
	(91,179,0,0,0),
	(92,216,0,0,0),
	(93,191,0,0,0),
	(94,181,0,0,0),
	(95,123,0,0,0),
	(96,209,0,0,0),
	(97,183,0,0,0),
	(98,51,0,0,0),
	(99,190,0,0,0),
	(100,127,0,0,0),
	(101,124,0,0,0),
	(102,129,0,0,0),
	(103,128,0,0,0),
	(104,131,0,0,0),
	(105,130,0,0,0),
	(106,132,0,0,0),
	(107,133,0,0,0),
	(108,135,0,0,0),
	(109,134,0,0,0),
	(110,137,0,0,0),
	(111,139,0,0,0),
	(112,141,0,0,0),
	(113,143,0,0,0),
	(114,148,0,0,0),
	(115,145,0,0,0),
	(116,150,0,0,0),
	(117,154,0,0,0),
	(118,152,0,0,0),
	(119,156,0,0,0),
	(120,205,0,0,0),
	(121,211,0,0,0),
	(122,17,0,0,0),
	(123,140,0,0,0),
	(124,136,0,0,0),
	(125,34,0,0,0),
	(126,138,0,0,0),
	(127,36,0,0,0),
	(128,142,0,0,0),
	(129,144,0,0,0),
	(130,146,0,0,0),
	(131,149,0,0,0),
	(132,153,0,0,0),
	(133,151,0,0,0),
	(134,155,0,0,0),
	(135,204,0,0,0),
	(136,207,0,0,0),
	(137,212,0,0,0),
	(138,33,0,0,0),
	(139,35,0,0,0),
	(140,38,0,0,0),
	(141,40,0,0,0),
	(142,44,0,0,0),
	(143,42,0,0,0),
	(144,48,0,0,0),
	(145,46,0,0,0),
	(146,50,0,0,0),
	(147,53,0,0,0),
	(148,55,0,0,0),
	(149,57,0,0,0),
	(150,61,0,0,0),
	(151,59,0,0,0),
	(152,63,0,0,0),
	(153,65,0,0,0),
	(154,37,0,0,0),
	(155,125,0,0,0),
	(156,41,0,0,0),
	(157,39,0,0,0),
	(158,43,0,0,0),
	(159,45,0,0,0),
	(160,47,0,0,0),
	(161,49,0,0,0),
	(162,52,0,0,0),
	(163,54,0,0,0),
	(164,56,0,0,0),
	(165,58,0,0,0),
	(166,60,0,0,0),
	(167,62,0,0,0),
	(168,64,0,0,0),
	(169,66,0,0,0),
	(170,157,0,0,0),
	(171,126,0,0,0),
	(172,159,0,0,0),
	(173,158,0,0,0),
	(174,164,0,0,0),
	(175,162,0,0,0),
	(176,186,0,0,0),
	(177,188,0,0,0),
	(178,193,0,0,0),
	(179,196,0,0,0),
	(180,199,0,0,0),
	(181,185,0,0,0),
	(182,187,0,0,0),
	(183,189,0,0,0),
	(184,195,0,0,0),
	(185,197,0,0,0),
	(186,200,0,0,0),
	(187,210,0,0,0),
	(188,214,0,0,0),
	(189,217,0,0,0),
	(190,3,0,0,0),
	(191,7,0,0,0),
	(192,10,0,0,0),
	(193,12,0,0,0),
	(194,14,0,0,0),
	(195,18,0,0,0),
	(196,165,0,0,0),
	(197,167,0,0,0),
	(198,213,0,0,0),
	(199,215,0,0,0),
	(200,2,0,0,0),
	(201,6,0,0,0),
	(202,8,0,0,0),
	(203,11,0,0,0),
	(204,13,0,0,0),
	(205,15,0,0,0),
	(206,19,0,0,0),
	(207,168,0,0,0),
	(208,166,0,0,0);

/*!40000 ALTER TABLE `JWT_Industry_stats` ENABLE KEYS */;
UNLOCK TABLES;


# Dump of table JWT_JWT_Digital_Hubs
# ------------------------------------------------------------

DROP TABLE IF EXISTS `JWT_JWT_Digital_Hubs`;

CREATE TABLE `JWT_JWT_Digital_Hubs` (
  `id` int(11) NOT NULL auto_increment,
  `countryid` int(11) NOT NULL,
  `value` int(11) NOT NULL,
  PRIMARY KEY  (`id`)
) ENGINE=MyISAM AUTO_INCREMENT=209 DEFAULT CHARSET=latin1;

LOCK TABLES `JWT_JWT_Digital_Hubs` WRITE;
/*!40000 ALTER TABLE `JWT_JWT_Digital_Hubs` DISABLE KEYS */;
INSERT INTO `JWT_JWT_Digital_Hubs` (`id`,`countryid`,`value`)
VALUES
	(1,67,0),
	(2,69,0),
	(3,71,0),
	(4,73,0),
	(5,75,0),
	(6,78,0),
	(7,80,0),
	(8,82,0),
	(9,84,0),
	(10,86,0),
	(11,88,0),
	(12,90,0),
	(13,92,0),
	(14,94,0),
	(15,96,0),
	(16,98,0),
	(17,100,0),
	(18,102,0),
	(19,104,0),
	(20,106,0),
	(21,108,0),
	(22,110,0),
	(23,112,0),
	(24,114,0),
	(25,118,0),
	(26,120,0),
	(27,116,0),
	(28,122,0),
	(29,177,0),
	(30,202,0),
	(31,194,0),
	(32,208,0),
	(33,70,0),
	(34,5,0),
	(35,68,0),
	(36,20,0),
	(37,72,0),
	(38,22,0),
	(39,74,0),
	(40,76,0),
	(41,79,0),
	(42,83,0),
	(43,81,0),
	(44,85,0),
	(45,89,0),
	(46,87,0),
	(47,91,0),
	(48,93,0),
	(49,95,0),
	(50,99,0),
	(51,97,0),
	(52,101,0),
	(53,103,0),
	(54,107,0),
	(55,105,0),
	(56,109,0),
	(57,111,0),
	(58,115,0),
	(59,113,0),
	(60,117,0),
	(61,119,0),
	(62,121,0),
	(63,175,0),
	(64,201,0),
	(65,192,0),
	(66,203,0),
	(67,4,0),
	(68,9,0),
	(69,21,0),
	(70,24,0),
	(71,23,0),
	(72,27,0),
	(73,29,0),
	(74,31,0),
	(75,161,0),
	(76,25,0),
	(77,169,0),
	(78,174,0),
	(79,172,0),
	(80,30,0),
	(81,28,0),
	(82,32,0),
	(83,163,0),
	(84,170,0),
	(85,173,0),
	(86,176,0),
	(87,178,0),
	(88,182,0),
	(89,180,0),
	(90,184,0),
	(91,179,0),
	(92,216,0),
	(93,191,0),
	(94,181,0),
	(95,123,0),
	(96,209,0),
	(97,183,0),
	(98,51,0),
	(99,190,0),
	(100,127,0),
	(101,124,0),
	(102,129,0),
	(103,128,0),
	(104,131,0),
	(105,130,0),
	(106,132,0),
	(107,133,0),
	(108,135,0),
	(109,134,0),
	(110,137,0),
	(111,139,0),
	(112,141,0),
	(113,143,0),
	(114,148,0),
	(115,145,0),
	(116,150,0),
	(117,154,0),
	(118,152,0),
	(119,156,0),
	(120,205,0),
	(121,211,0),
	(122,17,0),
	(123,140,0),
	(124,136,0),
	(125,34,0),
	(126,138,0),
	(127,36,0),
	(128,142,0),
	(129,144,0),
	(130,146,0),
	(131,149,0),
	(132,153,0),
	(133,151,0),
	(134,155,0),
	(135,204,0),
	(136,207,0),
	(137,212,0),
	(138,33,0),
	(139,35,0),
	(140,38,0),
	(141,40,0),
	(142,44,0),
	(143,42,0),
	(144,48,0),
	(145,46,0),
	(146,50,0),
	(147,53,0),
	(148,55,0),
	(149,57,0),
	(150,61,0),
	(151,59,0),
	(152,63,0),
	(153,65,0),
	(154,37,0),
	(155,125,0),
	(156,41,0),
	(157,39,0),
	(158,43,0),
	(159,45,0),
	(160,47,0),
	(161,49,0),
	(162,52,0),
	(163,54,0),
	(164,56,0),
	(165,58,0),
	(166,60,0),
	(167,62,0),
	(168,64,0),
	(169,66,0),
	(170,157,0),
	(171,126,0),
	(172,159,0),
	(173,158,0),
	(174,164,0),
	(175,162,0),
	(176,186,0),
	(177,188,0),
	(178,193,0),
	(179,196,0),
	(180,199,0),
	(181,185,0),
	(182,187,0),
	(183,189,0),
	(184,195,0),
	(185,197,0),
	(186,200,0),
	(187,210,0),
	(188,214,0),
	(189,217,0),
	(190,3,0),
	(191,7,0),
	(192,10,0),
	(193,12,0),
	(194,14,0),
	(195,18,0),
	(196,165,0),
	(197,167,0),
	(198,213,0),
	(199,215,0),
	(200,2,0),
	(201,6,0),
	(202,8,0),
	(203,11,0),
	(204,13,0),
	(205,15,0),
	(206,19,0),
	(207,168,0),
	(208,166,0);

/*!40000 ALTER TABLE `JWT_JWT_Digital_Hubs` ENABLE KEYS */;
UNLOCK TABLES;


# Dump of table JWT_JWT_Global_Network
# ------------------------------------------------------------

DROP TABLE IF EXISTS `JWT_JWT_Global_Network`;

CREATE TABLE `JWT_JWT_Global_Network` (
  `id` int(11) NOT NULL auto_increment,
  `countryid` int(11) NOT NULL,
  `value` int(11) NOT NULL,
  PRIMARY KEY  (`id`)
) ENGINE=MyISAM AUTO_INCREMENT=209 DEFAULT CHARSET=latin1;

LOCK TABLES `JWT_JWT_Global_Network` WRITE;
/*!40000 ALTER TABLE `JWT_JWT_Global_Network` DISABLE KEYS */;
INSERT INTO `JWT_JWT_Global_Network` (`id`,`countryid`,`value`)
VALUES
	(1,67,0),
	(2,69,0),
	(3,71,0),
	(4,73,0),
	(5,75,0),
	(6,78,0),
	(7,80,0),
	(8,82,0),
	(9,84,0),
	(10,86,0),
	(11,88,0),
	(12,90,0),
	(13,92,0),
	(14,94,0),
	(15,96,0),
	(16,98,0),
	(17,100,0),
	(18,102,0),
	(19,104,0),
	(20,106,0),
	(21,108,0),
	(22,110,0),
	(23,112,0),
	(24,114,0),
	(25,118,0),
	(26,120,0),
	(27,116,0),
	(28,122,0),
	(29,177,0),
	(30,202,0),
	(31,194,0),
	(32,208,0),
	(33,70,0),
	(34,5,0),
	(35,68,0),
	(36,20,0),
	(37,72,0),
	(38,22,0),
	(39,74,0),
	(40,76,0),
	(41,79,0),
	(42,83,0),
	(43,81,0),
	(44,85,0),
	(45,89,0),
	(46,87,0),
	(47,91,0),
	(48,93,0),
	(49,95,0),
	(50,99,0),
	(51,97,0),
	(52,101,0),
	(53,103,0),
	(54,107,0),
	(55,105,0),
	(56,109,0),
	(57,111,0),
	(58,115,0),
	(59,113,0),
	(60,117,0),
	(61,119,0),
	(62,121,0),
	(63,175,0),
	(64,201,0),
	(65,192,0),
	(66,203,0),
	(67,4,0),
	(68,9,0),
	(69,21,0),
	(70,24,0),
	(71,23,0),
	(72,27,0),
	(73,29,0),
	(74,31,0),
	(75,161,0),
	(76,25,0),
	(77,169,0),
	(78,174,0),
	(79,172,0),
	(80,30,0),
	(81,28,0),
	(82,32,0),
	(83,163,0),
	(84,170,0),
	(85,173,0),
	(86,176,0),
	(87,178,0),
	(88,182,0),
	(89,180,0),
	(90,184,0),
	(91,179,0),
	(92,216,0),
	(93,191,0),
	(94,181,0),
	(95,123,0),
	(96,209,0),
	(97,183,0),
	(98,51,0),
	(99,190,0),
	(100,127,0),
	(101,124,0),
	(102,129,0),
	(103,128,0),
	(104,131,0),
	(105,130,0),
	(106,132,0),
	(107,133,0),
	(108,135,0),
	(109,134,0),
	(110,137,0),
	(111,139,0),
	(112,141,0),
	(113,143,0),
	(114,148,0),
	(115,145,0),
	(116,150,0),
	(117,154,0),
	(118,152,0),
	(119,156,0),
	(120,205,0),
	(121,211,0),
	(122,17,0),
	(123,140,0),
	(124,136,0),
	(125,34,0),
	(126,138,0),
	(127,36,0),
	(128,142,0),
	(129,144,0),
	(130,146,0),
	(131,149,0),
	(132,153,0),
	(133,151,0),
	(134,155,0),
	(135,204,0),
	(136,207,0),
	(137,212,0),
	(138,33,0),
	(139,35,0),
	(140,38,0),
	(141,40,0),
	(142,44,0),
	(143,42,0),
	(144,48,0),
	(145,46,0),
	(146,50,0),
	(147,53,0),
	(148,55,0),
	(149,57,0),
	(150,61,0),
	(151,59,0),
	(152,63,0),
	(153,65,0),
	(154,37,0),
	(155,125,0),
	(156,41,0),
	(157,39,0),
	(158,43,0),
	(159,45,0),
	(160,47,0),
	(161,49,0),
	(162,52,0),
	(163,54,0),
	(164,56,0),
	(165,58,0),
	(166,60,0),
	(167,62,0),
	(168,64,0),
	(169,66,0),
	(170,157,0),
	(171,126,0),
	(172,159,0),
	(173,158,0),
	(174,164,0),
	(175,162,0),
	(176,186,0),
	(177,188,0),
	(178,193,0),
	(179,196,0),
	(180,199,0),
	(181,185,0),
	(182,187,0),
	(183,189,0),
	(184,195,0),
	(185,197,0),
	(186,200,0),
	(187,210,0),
	(188,214,0),
	(189,217,0),
	(190,3,0),
	(191,7,0),
	(192,10,0),
	(193,12,0),
	(194,14,0),
	(195,18,0),
	(196,165,0),
	(197,167,0),
	(198,213,0),
	(199,215,0),
	(200,2,0),
	(201,6,0),
	(202,8,0),
	(203,11,0),
	(204,13,0),
	(205,15,0),
	(206,19,0),
	(207,168,0),
	(208,166,0);

/*!40000 ALTER TABLE `JWT_JWT_Global_Network` ENABLE KEYS */;
UNLOCK TABLES;


# Dump of table JWT_JWT_Population
# ------------------------------------------------------------

DROP TABLE IF EXISTS `JWT_JWT_Population`;

CREATE TABLE `JWT_JWT_Population` (
  `id` int(11) NOT NULL auto_increment,
  `countryid` int(11) NOT NULL,
  `value` int(11) NOT NULL,
  PRIMARY KEY  (`id`)
) ENGINE=MyISAM AUTO_INCREMENT=209 DEFAULT CHARSET=latin1;

LOCK TABLES `JWT_JWT_Population` WRITE;
/*!40000 ALTER TABLE `JWT_JWT_Population` DISABLE KEYS */;
INSERT INTO `JWT_JWT_Population` (`id`,`countryid`,`value`)
VALUES
	(1,67,40),
	(2,69,0),
	(3,71,173),
	(4,73,0),
	(5,75,0),
	(6,78,0),
	(7,80,0),
	(8,82,0),
	(9,84,0),
	(10,86,0),
	(11,88,0),
	(12,90,0),
	(13,92,0),
	(14,94,0),
	(15,96,0),
	(16,98,0),
	(17,100,0),
	(18,102,0),
	(19,104,0),
	(20,106,0),
	(21,108,0),
	(22,110,0),
	(23,112,0),
	(24,114,0),
	(25,118,0),
	(26,120,50),
	(27,116,0),
	(28,122,0),
	(29,177,0),
	(30,202,0),
	(31,194,0),
	(32,208,0),
	(33,70,0),
	(34,5,0),
	(35,68,42),
	(36,20,0),
	(37,72,0),
	(38,22,0),
	(39,74,0),
	(40,76,0),
	(41,79,0),
	(42,83,0),
	(43,81,0),
	(44,85,0),
	(45,89,0),
	(46,87,0),
	(47,91,0),
	(48,93,0),
	(49,95,0),
	(50,99,123),
	(51,97,0),
	(52,101,0),
	(53,103,0),
	(54,107,0),
	(55,105,0),
	(56,109,0),
	(57,111,0),
	(58,115,0),
	(59,113,0),
	(60,117,116),
	(61,119,0),
	(62,121,0),
	(63,175,0),
	(64,201,0),
	(65,192,0),
	(66,203,0),
	(67,4,204),
	(68,9,0),
	(69,21,26),
	(70,24,0),
	(71,23,0),
	(72,27,0),
	(73,29,0),
	(74,31,204),
	(75,161,0),
	(76,25,0),
	(77,169,0),
	(78,174,0),
	(79,172,0),
	(80,30,1284),
	(81,28,0),
	(82,32,0),
	(83,163,0),
	(84,170,0),
	(85,173,0),
	(86,176,0),
	(87,178,0),
	(88,182,0),
	(89,180,0),
	(90,184,0),
	(91,179,0),
	(92,216,0),
	(93,191,0),
	(94,181,0),
	(95,123,70),
	(96,209,0),
	(97,183,0),
	(98,51,0),
	(99,190,0),
	(100,127,0),
	(101,124,0),
	(102,129,0),
	(103,128,0),
	(104,131,0),
	(105,130,0),
	(106,132,125),
	(107,133,0),
	(108,135,0),
	(109,134,1151),
	(110,137,18),
	(111,139,128),
	(112,141,0),
	(113,143,49),
	(114,148,130),
	(115,145,45),
	(116,150,0),
	(117,154,0),
	(118,152,0),
	(119,156,0),
	(120,205,0),
	(121,211,86),
	(122,17,129),
	(123,140,0),
	(124,136,0),
	(125,34,0),
	(126,138,570),
	(127,36,25),
	(128,142,56),
	(129,144,60),
	(130,146,45),
	(131,149,28),
	(132,153,0),
	(133,151,0),
	(134,155,179),
	(135,204,0),
	(136,207,72),
	(137,212,114),
	(138,33,0),
	(139,35,0),
	(140,38,0),
	(141,40,0),
	(142,44,0),
	(143,42,38),
	(144,48,14),
	(145,46,19),
	(146,50,0),
	(147,53,0),
	(148,55,0),
	(149,57,148),
	(150,61,12),
	(151,59,127),
	(152,63,113),
	(153,65,0),
	(154,37,0),
	(155,125,0),
	(156,41,0),
	(157,39,0),
	(158,43,0),
	(159,45,0),
	(160,47,0),
	(161,49,32),
	(162,52,0),
	(163,54,0),
	(164,56,0),
	(165,58,0),
	(166,60,162),
	(167,62,33),
	(168,64,617),
	(169,66,45),
	(170,157,0),
	(171,126,0),
	(172,159,0),
	(173,158,0),
	(174,164,0),
	(175,162,0),
	(176,186,0),
	(177,188,0),
	(178,193,0),
	(179,196,0),
	(180,199,0),
	(181,185,0),
	(182,187,0),
	(183,189,0),
	(184,195,0),
	(185,197,0),
	(186,200,0),
	(187,210,40),
	(188,214,0),
	(189,217,0),
	(190,3,31),
	(191,7,43),
	(192,10,0),
	(193,12,0),
	(194,14,46),
	(195,18,0),
	(196,165,0),
	(197,167,0),
	(198,213,151),
	(199,215,0),
	(200,2,78),
	(201,6,585),
	(202,8,140),
	(203,11,153),
	(204,13,0),
	(205,15,0),
	(206,19,0),
	(207,168,0),
	(208,166,0);

/*!40000 ALTER TABLE `JWT_JWT_Population` ENABLE KEYS */;
UNLOCK TABLES;


# Dump of table JWT_JWT_Revenue
# ------------------------------------------------------------

DROP TABLE IF EXISTS `JWT_JWT_Revenue`;

CREATE TABLE `JWT_JWT_Revenue` (
  `id` int(11) NOT NULL auto_increment,
  `countryid` int(11) NOT NULL,
  `value` int(11) NOT NULL,
  PRIMARY KEY  (`id`)
) ENGINE=MyISAM AUTO_INCREMENT=209 DEFAULT CHARSET=latin1;

LOCK TABLES `JWT_JWT_Revenue` WRITE;
/*!40000 ALTER TABLE `JWT_JWT_Revenue` DISABLE KEYS */;
INSERT INTO `JWT_JWT_Revenue` (`id`,`countryid`,`value`)
VALUES
	(1,67,0),
	(2,69,0),
	(3,71,0),
	(4,73,0),
	(5,75,0),
	(6,78,0),
	(7,80,0),
	(8,82,0),
	(9,84,0),
	(10,86,0),
	(11,88,0),
	(12,90,0),
	(13,92,0),
	(14,94,0),
	(15,96,0),
	(16,98,0),
	(17,100,0),
	(18,102,0),
	(19,104,0),
	(20,106,0),
	(21,108,1),
	(22,110,0),
	(23,112,0),
	(24,114,0),
	(25,118,0),
	(26,120,63),
	(27,116,0),
	(28,122,0),
	(29,177,0),
	(30,202,0),
	(31,194,0),
	(32,208,0),
	(33,70,0),
	(34,5,0),
	(35,68,0),
	(36,20,0),
	(37,72,0),
	(38,22,0),
	(39,74,0),
	(40,76,0),
	(41,79,0),
	(42,83,0),
	(43,81,0),
	(44,85,0),
	(45,89,0),
	(46,87,0),
	(47,91,0),
	(48,93,0),
	(49,95,0),
	(50,99,1),
	(51,97,0),
	(52,101,0),
	(53,103,0),
	(54,107,0),
	(55,105,0),
	(56,109,0),
	(57,111,0),
	(58,115,0),
	(59,113,0),
	(60,117,883),
	(61,119,0),
	(62,121,0),
	(63,175,0),
	(64,201,0),
	(65,192,0),
	(66,203,0),
	(67,4,203),
	(68,9,0),
	(69,21,0),
	(70,24,0),
	(71,23,0),
	(72,27,0),
	(73,29,0),
	(74,31,426),
	(75,161,0),
	(76,25,4),
	(77,169,0),
	(78,174,0),
	(79,172,0),
	(80,30,6040),
	(81,28,0),
	(82,32,0),
	(83,163,0),
	(84,170,0),
	(85,173,0),
	(86,176,0),
	(87,178,0),
	(88,182,0),
	(89,180,0),
	(90,184,0),
	(91,179,0),
	(92,216,0),
	(93,191,0),
	(94,181,0),
	(95,123,0),
	(96,209,0),
	(97,183,0),
	(98,51,0),
	(99,190,0),
	(100,127,0),
	(101,124,0),
	(102,129,0),
	(103,128,0),
	(104,131,0),
	(105,130,0),
	(106,132,49),
	(107,133,0),
	(108,135,0),
	(109,134,749),
	(110,137,11),
	(111,139,155),
	(112,141,0),
	(113,143,49),
	(114,148,343),
	(115,145,36),
	(116,150,0),
	(117,154,0),
	(118,152,0),
	(119,156,0),
	(120,205,0),
	(121,211,0),
	(122,17,248),
	(123,140,0),
	(124,136,0),
	(125,34,0),
	(126,138,825),
	(127,36,56),
	(128,142,65),
	(129,144,47),
	(130,146,12),
	(131,149,50),
	(132,153,0),
	(133,151,0),
	(134,155,290),
	(135,204,0),
	(136,207,113),
	(137,212,307),
	(138,33,0),
	(139,35,0),
	(140,38,0),
	(141,40,0),
	(142,44,0),
	(143,42,49),
	(144,48,29),
	(145,46,23),
	(146,50,0),
	(147,53,0),
	(148,55,0),
	(149,57,343),
	(150,61,40),
	(151,59,263),
	(152,63,375),
	(153,65,0),
	(154,37,0),
	(155,125,0),
	(156,41,0),
	(157,39,0),
	(158,43,0),
	(159,45,0),
	(160,47,0),
	(161,49,67),
	(162,52,0),
	(163,54,0),
	(164,56,0),
	(165,58,0),
	(166,60,406),
	(167,62,90),
	(168,64,1492),
	(169,66,79),
	(170,157,0),
	(171,126,0),
	(172,159,0),
	(173,158,0),
	(174,164,0),
	(175,162,0),
	(176,186,0),
	(177,188,0),
	(178,193,0),
	(179,196,0),
	(180,199,0),
	(181,185,0),
	(182,187,0),
	(183,189,0),
	(184,195,0),
	(185,197,0),
	(186,200,0),
	(187,210,100),
	(188,214,0),
	(189,217,0),
	(190,3,10),
	(191,7,57),
	(192,10,0),
	(193,12,0),
	(194,14,44),
	(195,18,0),
	(196,165,0),
	(197,167,0),
	(198,213,476),
	(199,215,0),
	(200,2,78),
	(201,6,1178),
	(202,8,147),
	(203,11,146),
	(204,13,0),
	(205,15,0),
	(206,19,0),
	(207,168,0),
	(208,166,0);

/*!40000 ALTER TABLE `JWT_JWT_Revenue` ENABLE KEYS */;
UNLOCK TABLES;


# Dump of table JWT_Offices_Worldwide
# ------------------------------------------------------------

DROP TABLE IF EXISTS `JWT_Offices_Worldwide`;

CREATE TABLE `JWT_Offices_Worldwide` (
  `id` int(11) NOT NULL auto_increment,
  `countryid` int(11) NOT NULL,
  `value` int(11) NOT NULL,
  PRIMARY KEY  (`id`)
) ENGINE=MyISAM AUTO_INCREMENT=209 DEFAULT CHARSET=latin1;

LOCK TABLES `JWT_Offices_Worldwide` WRITE;
/*!40000 ALTER TABLE `JWT_Offices_Worldwide` DISABLE KEYS */;
INSERT INTO `JWT_Offices_Worldwide` (`id`,`countryid`,`value`)
VALUES
	(1,67,1),
	(2,69,1),
	(3,71,1),
	(4,73,0),
	(5,75,0),
	(6,78,0),
	(7,80,0),
	(8,82,0),
	(9,84,0),
	(10,86,0),
	(11,88,0),
	(12,90,0),
	(13,92,0),
	(14,94,0),
	(15,96,0),
	(16,98,0),
	(17,100,0),
	(18,102,0),
	(19,104,0),
	(20,106,0),
	(21,108,0),
	(22,110,0),
	(23,112,0),
	(24,114,0),
	(25,118,0),
	(26,120,1),
	(27,116,1),
	(28,122,0),
	(29,177,0),
	(30,202,0),
	(31,194,0),
	(32,208,0),
	(33,70,0),
	(34,5,0),
	(35,68,1),
	(36,20,1),
	(37,72,0),
	(38,22,0),
	(39,74,0),
	(40,76,0),
	(41,79,0),
	(42,83,1),
	(43,81,0),
	(44,85,0),
	(45,89,0),
	(46,87,0),
	(47,91,0),
	(48,93,0),
	(49,95,0),
	(50,99,2),
	(51,97,0),
	(52,101,0),
	(53,103,1),
	(54,107,0),
	(55,105,0),
	(56,109,0),
	(57,111,0),
	(58,115,0),
	(59,113,0),
	(60,117,1),
	(61,119,0),
	(62,121,1),
	(63,175,0),
	(64,201,0),
	(65,192,0),
	(66,203,0),
	(67,4,1),
	(68,9,1),
	(69,21,1),
	(70,24,0),
	(71,23,1),
	(72,27,0),
	(73,29,0),
	(74,31,0),
	(75,161,0),
	(76,25,1),
	(77,169,0),
	(78,174,0),
	(79,172,0),
	(80,30,11),
	(81,28,0),
	(82,32,0),
	(83,163,0),
	(84,170,0),
	(85,173,0),
	(86,176,0),
	(87,178,0),
	(88,182,0),
	(89,180,0),
	(90,184,0),
	(91,179,0),
	(92,216,0),
	(93,191,0),
	(94,181,0),
	(95,123,1),
	(96,209,1),
	(97,183,0),
	(98,51,1),
	(99,190,0),
	(100,127,0),
	(101,124,0),
	(102,129,0),
	(103,128,0),
	(104,131,0),
	(105,130,0),
	(106,132,0),
	(107,133,0),
	(108,135,1),
	(109,134,7),
	(110,137,0),
	(111,139,1),
	(112,141,0),
	(113,143,1),
	(114,148,2),
	(115,145,0),
	(116,150,1),
	(117,154,0),
	(118,152,0),
	(119,156,0),
	(120,205,0),
	(121,211,1),
	(122,17,1),
	(123,140,0),
	(124,136,0),
	(125,34,0),
	(126,138,1),
	(127,36,0),
	(128,142,1),
	(129,144,1),
	(130,146,1),
	(131,149,1),
	(132,153,0),
	(133,151,0),
	(134,155,1),
	(135,204,0),
	(136,207,1),
	(137,212,1),
	(138,33,0),
	(139,35,1),
	(140,38,0),
	(141,40,0),
	(142,44,0),
	(143,42,1),
	(144,48,1),
	(145,46,1),
	(146,50,1),
	(147,53,1),
	(148,55,1),
	(149,57,1),
	(150,61,1),
	(151,59,2),
	(152,63,1),
	(153,65,1),
	(154,37,1),
	(155,125,0),
	(156,41,1),
	(157,39,0),
	(158,43,0),
	(159,45,0),
	(160,47,0),
	(161,49,1),
	(162,52,1),
	(163,54,1),
	(164,56,0),
	(165,58,0),
	(166,60,2),
	(167,62,1),
	(168,64,2),
	(169,66,1),
	(170,157,0),
	(171,126,0),
	(172,159,0),
	(173,158,0),
	(174,164,0),
	(175,162,0),
	(176,186,1),
	(177,188,0),
	(178,193,0),
	(179,196,0),
	(180,199,1),
	(181,185,0),
	(182,187,0),
	(183,189,0),
	(184,195,0),
	(185,197,0),
	(186,200,0),
	(187,210,1),
	(188,214,0),
	(189,217,0),
	(190,3,1),
	(191,7,1),
	(192,10,0),
	(193,12,1),
	(194,14,1),
	(195,18,0),
	(196,165,0),
	(197,167,0),
	(198,213,2),
	(199,215,0),
	(200,2,0),
	(201,6,3),
	(202,8,1),
	(203,11,1),
	(204,13,1),
	(205,15,1),
	(206,19,0),
	(207,168,0),
	(208,166,0);

/*!40000 ALTER TABLE `JWT_Offices_Worldwide` ENABLE KEYS */;
UNLOCK TABLES;


# Dump of table JWT_Perception
# ------------------------------------------------------------

DROP TABLE IF EXISTS `JWT_Perception`;

CREATE TABLE `JWT_Perception` (
  `id` int(11) NOT NULL auto_increment,
  `countryid` int(11) NOT NULL,
  `value` varchar(255) NOT NULL,
  PRIMARY KEY  (`id`)
) ENGINE=MyISAM AUTO_INCREMENT=209 DEFAULT CHARSET=latin1;

LOCK TABLES `JWT_Perception` WRITE;
/*!40000 ALTER TABLE `JWT_Perception` DISABLE KEYS */;
INSERT INTO `JWT_Perception` (`id`,`countryid`,`value`)
VALUES
	(1,67,'good'),
	(2,69,'bad'),
	(3,71,'good'),
	(4,73,'bad'),
	(5,75,'good'),
	(6,78,'bad'),
	(7,80,'good'),
	(8,82,'mediocre'),
	(9,84,'mediocre'),
	(10,86,'bad'),
	(11,88,'mediocre'),
	(12,90,'bad'),
	(13,92,'good'),
	(14,94,'bad'),
	(15,96,'mediocre'),
	(16,98,'good'),
	(17,100,'mediocre'),
	(18,102,'bad'),
	(19,104,'mediocre'),
	(20,106,'good'),
	(21,108,'good'),
	(22,110,'bad'),
	(23,112,'mediocre'),
	(24,114,'bad'),
	(25,118,'bad'),
	(26,120,'bad'),
	(27,116,'bad'),
	(28,122,'bad'),
	(29,177,'bad'),
	(30,202,'bad'),
	(31,194,'bad'),
	(32,208,'bad'),
	(33,70,'bad'),
	(34,5,'good'),
	(35,68,'good'),
	(36,20,'bad'),
	(37,72,'mediocre'),
	(38,22,'mediocre'),
	(39,74,'mediocre'),
	(40,76,'mediocre'),
	(41,79,'mediocre'),
	(42,83,'mediocre'),
	(43,81,'mediocre'),
	(44,85,'mediocre'),
	(45,89,'mediocre'),
	(46,87,'mediocre'),
	(47,91,'mediocre'),
	(48,93,'good'),
	(49,95,'bad'),
	(50,99,'bad'),
	(51,97,'good'),
	(52,101,'good'),
	(53,103,'good'),
	(54,107,'good'),
	(55,105,'good'),
	(56,109,'good'),
	(57,111,'good'),
	(58,115,'good'),
	(59,113,'good'),
	(60,117,'good'),
	(61,119,'bad'),
	(62,121,'bad'),
	(63,175,'bad'),
	(64,201,'bad'),
	(65,192,'bad'),
	(66,203,'bad'),
	(67,4,'bad'),
	(68,9,'bad'),
	(69,21,'bad'),
	(70,24,'bad'),
	(71,23,'good'),
	(72,27,'mediocre'),
	(73,29,'bad'),
	(74,31,'bad'),
	(75,161,'bad'),
	(76,25,'bad'),
	(77,169,'bad'),
	(78,174,'bad'),
	(79,172,'bad'),
	(80,30,'bad'),
	(81,28,'mediocre'),
	(82,32,'mediocre'),
	(83,163,'mediocre'),
	(84,170,'mediocre'),
	(85,173,'mediocre'),
	(86,176,'mediocre'),
	(87,178,'mediocre'),
	(88,182,'mediocre'),
	(89,180,'mediocre'),
	(90,184,'mediocre'),
	(91,179,'mediocre'),
	(92,216,'mediocre'),
	(93,191,'mediocre'),
	(94,181,'mediocre'),
	(95,123,'mediocre'),
	(96,209,'mediocre'),
	(97,183,'mediocre'),
	(98,51,'mediocre'),
	(99,190,'mediocre'),
	(100,127,'mediocre'),
	(101,124,'mediocre'),
	(102,129,'mediocre'),
	(103,128,'good'),
	(104,131,'good'),
	(105,130,'good'),
	(106,132,'good'),
	(107,133,'good'),
	(108,135,'good'),
	(109,134,'good'),
	(110,137,'good'),
	(111,139,'good'),
	(112,141,'good'),
	(113,143,'bad'),
	(114,148,'bad'),
	(115,145,'bad'),
	(116,150,'bad'),
	(117,154,'bad'),
	(118,152,'bad'),
	(119,156,'bad'),
	(120,205,'bad'),
	(121,211,'bad'),
	(122,17,'bad'),
	(123,140,'bad'),
	(124,136,'good'),
	(125,34,'good'),
	(126,138,'good'),
	(127,36,'good'),
	(128,142,'good'),
	(129,144,'good'),
	(130,146,'good'),
	(131,149,'mediocre'),
	(132,153,'mediocre'),
	(133,151,'mediocre'),
	(134,155,'mediocre'),
	(135,204,'good'),
	(136,207,'good'),
	(137,212,'good'),
	(138,33,'good'),
	(139,35,'bad'),
	(140,38,'bad'),
	(141,40,'bad'),
	(142,44,'bad'),
	(143,42,'bad'),
	(144,48,'mediocre'),
	(145,46,''),
	(146,50,''),
	(147,53,''),
	(148,55,''),
	(149,57,''),
	(150,61,''),
	(151,59,''),
	(152,63,''),
	(153,65,''),
	(154,37,''),
	(155,125,''),
	(156,41,''),
	(157,39,''),
	(158,43,''),
	(159,45,''),
	(160,47,''),
	(161,49,''),
	(162,52,''),
	(163,54,''),
	(164,56,''),
	(165,58,''),
	(166,60,''),
	(167,62,''),
	(168,64,''),
	(169,66,''),
	(170,157,''),
	(171,126,''),
	(172,159,''),
	(173,158,''),
	(174,164,''),
	(175,162,''),
	(176,186,''),
	(177,188,''),
	(178,193,''),
	(179,196,''),
	(180,199,''),
	(181,185,''),
	(182,187,''),
	(183,189,''),
	(184,195,''),
	(185,197,''),
	(186,200,''),
	(187,210,''),
	(188,214,''),
	(189,217,''),
	(190,3,''),
	(191,7,''),
	(192,10,''),
	(193,12,''),
	(194,14,''),
	(195,18,''),
	(196,165,''),
	(197,167,''),
	(198,213,''),
	(199,215,''),
	(200,2,''),
	(201,6,''),
	(202,8,''),
	(203,11,''),
	(204,13,''),
	(205,15,''),
	(206,19,''),
	(207,168,''),
	(208,166,'');

/*!40000 ALTER TABLE `JWT_Perception` ENABLE KEYS */;
UNLOCK TABLES;


# Dump of table JWT_Volume_groups
# ------------------------------------------------------------

DROP TABLE IF EXISTS `JWT_Volume_groups`;

CREATE TABLE `JWT_Volume_groups` (
  `id` int(11) NOT NULL auto_increment,
  `countryid` int(11) NOT NULL,
  `value` varchar(255) NOT NULL,
  PRIMARY KEY  (`id`)
) ENGINE=MyISAM AUTO_INCREMENT=209 DEFAULT CHARSET=latin1;

LOCK TABLES `JWT_Volume_groups` WRITE;
/*!40000 ALTER TABLE `JWT_Volume_groups` DISABLE KEYS */;
INSERT INTO `JWT_Volume_groups` (`id`,`countryid`,`value`)
VALUES
	(1,67,''),
	(2,69,''),
	(3,71,'Middle'),
	(4,73,''),
	(5,75,''),
	(6,78,''),
	(7,80,''),
	(8,82,''),
	(9,84,''),
	(10,86,''),
	(11,88,''),
	(12,90,''),
	(13,92,''),
	(14,94,''),
	(15,96,''),
	(16,98,''),
	(17,100,''),
	(18,102,''),
	(19,104,''),
	(20,106,''),
	(21,108,''),
	(22,110,''),
	(23,112,''),
	(24,114,''),
	(25,118,''),
	(26,120,'Bottom'),
	(27,116,'Middle'),
	(28,122,''),
	(29,177,''),
	(30,202,'Bottom'),
	(31,194,''),
	(32,208,''),
	(33,70,''),
	(34,5,''),
	(35,68,''),
	(36,20,''),
	(37,72,''),
	(38,22,''),
	(39,74,''),
	(40,76,''),
	(41,79,''),
	(42,83,''),
	(43,81,''),
	(44,85,''),
	(45,89,''),
	(46,87,''),
	(47,91,''),
	(48,93,''),
	(49,95,''),
	(50,99,'Top'),
	(51,97,''),
	(52,101,''),
	(53,103,''),
	(54,107,''),
	(55,105,''),
	(56,109,''),
	(57,111,''),
	(58,115,''),
	(59,113,''),
	(60,117,'Bottom'),
	(61,119,''),
	(62,121,'Bottom'),
	(63,175,''),
	(64,201,''),
	(65,192,''),
	(66,203,''),
	(67,4,'Top'),
	(68,9,'Middle'),
	(69,21,'Middle'),
	(70,24,''),
	(71,23,''),
	(72,27,''),
	(73,29,''),
	(74,31,'Middle'),
	(75,161,''),
	(76,25,'Bottom'),
	(77,169,''),
	(78,174,''),
	(79,172,''),
	(80,30,'Top'),
	(81,28,''),
	(82,32,''),
	(83,163,''),
	(84,170,''),
	(85,173,''),
	(86,176,''),
	(87,178,''),
	(88,182,''),
	(89,180,''),
	(90,184,''),
	(91,179,''),
	(92,216,''),
	(93,191,''),
	(94,181,''),
	(95,123,''),
	(96,209,''),
	(97,183,''),
	(98,51,''),
	(99,190,''),
	(100,127,''),
	(101,124,''),
	(102,129,''),
	(103,128,''),
	(104,131,''),
	(105,130,''),
	(106,132,'Top'),
	(107,133,''),
	(108,135,''),
	(109,134,'Top'),
	(110,137,''),
	(111,139,'Middle'),
	(112,141,''),
	(113,143,'Bottom'),
	(114,148,'Top'),
	(115,145,'Bottom'),
	(116,150,''),
	(117,154,''),
	(118,152,''),
	(119,156,''),
	(120,205,''),
	(121,211,'Middle'),
	(122,17,'Middle'),
	(123,140,''),
	(124,136,''),
	(125,34,''),
	(126,138,'Top'),
	(127,36,''),
	(128,142,'Bottom'),
	(129,144,'Bottom'),
	(130,146,''),
	(131,149,'Middle'),
	(132,153,''),
	(133,151,''),
	(134,155,'Middle'),
	(135,204,''),
	(136,207,''),
	(137,212,'Middle'),
	(138,33,''),
	(139,35,''),
	(140,38,''),
	(141,40,''),
	(142,44,''),
	(143,42,''),
	(144,48,''),
	(145,46,''),
	(146,50,''),
	(147,53,''),
	(148,55,''),
	(149,57,'Top'),
	(150,61,''),
	(151,59,'Top'),
	(152,63,'Middle'),
	(153,65,'Top'),
	(154,37,''),
	(155,125,''),
	(156,41,''),
	(157,39,''),
	(158,43,''),
	(159,45,'Bottom'),
	(160,47,''),
	(161,49,''),
	(162,52,''),
	(163,54,''),
	(164,56,''),
	(165,58,''),
	(166,60,'Middle'),
	(167,62,'Bottom'),
	(168,64,'Top'),
	(169,66,'Bottom'),
	(170,157,''),
	(171,126,''),
	(172,159,''),
	(173,158,''),
	(174,164,''),
	(175,162,''),
	(176,186,'Middle'),
	(177,188,''),
	(178,193,''),
	(179,196,''),
	(180,199,''),
	(181,185,''),
	(182,187,''),
	(183,189,''),
	(184,195,''),
	(185,197,''),
	(186,200,''),
	(187,210,''),
	(188,214,''),
	(189,217,''),
	(190,3,''),
	(191,7,'Bottom'),
	(192,10,''),
	(193,12,'Middle'),
	(194,14,'Bottom'),
	(195,18,''),
	(196,165,''),
	(197,167,''),
	(198,213,'Top'),
	(199,215,''),
	(200,2,'Bottom'),
	(201,6,'Top'),
	(202,8,'Bottom'),
	(203,11,'Top'),
	(204,13,''),
	(205,15,''),
	(206,19,''),
	(207,168,''),
	(208,166,'');

/*!40000 ALTER TABLE `JWT_Volume_groups` ENABLE KEYS */;
UNLOCK TABLES;


# Dump of table JWT_WWCC_%_of_entries_5+
# ------------------------------------------------------------

DROP TABLE IF EXISTS `JWT_WWCC_%_of_entries_5+`;

CREATE TABLE `JWT_WWCC_%_of_entries_5+` (
  `id` int(11) NOT NULL auto_increment,
  `countryid` int(11) NOT NULL,
  `value` int(11) NOT NULL,
  PRIMARY KEY  (`id`)
) ENGINE=MyISAM AUTO_INCREMENT=209 DEFAULT CHARSET=latin1;

LOCK TABLES `JWT_WWCC_%_of_entries_5+` WRITE;
/*!40000 ALTER TABLE `JWT_WWCC_%_of_entries_5+` DISABLE KEYS */;
INSERT INTO `JWT_WWCC_%_of_entries_5+` (`id`,`countryid`,`value`)
VALUES
	(1,67,0),
	(2,69,0),
	(3,71,9),
	(4,73,0),
	(5,75,0),
	(6,78,0),
	(7,80,0),
	(8,82,0),
	(9,84,0),
	(10,86,0),
	(11,88,0),
	(12,90,0),
	(13,92,0),
	(14,94,0),
	(15,96,0),
	(16,98,0),
	(17,100,0),
	(18,102,0),
	(19,104,0),
	(20,106,0),
	(21,108,0),
	(22,110,0),
	(23,112,0),
	(24,114,0),
	(25,118,0),
	(26,120,15),
	(27,116,32),
	(28,122,0),
	(29,177,0),
	(30,202,9),
	(31,194,0),
	(32,208,0),
	(33,70,0),
	(34,5,0),
	(35,68,0),
	(36,20,0),
	(37,72,0),
	(38,22,0),
	(39,74,0),
	(40,76,0),
	(41,79,0),
	(42,83,0),
	(43,81,0),
	(44,85,0),
	(45,89,0),
	(46,87,0),
	(47,91,0),
	(48,93,0),
	(49,95,0),
	(50,99,27),
	(51,97,0),
	(52,101,0),
	(53,103,0),
	(54,107,0),
	(55,105,0),
	(56,109,0),
	(57,111,0),
	(58,115,0),
	(59,113,0),
	(60,117,3),
	(61,119,0),
	(62,121,20),
	(63,175,0),
	(64,201,0),
	(65,192,0),
	(66,203,0),
	(67,4,33),
	(68,9,27),
	(69,21,29),
	(70,24,0),
	(71,23,0),
	(72,27,0),
	(73,29,0),
	(74,31,31),
	(75,161,0),
	(76,25,15),
	(77,169,0),
	(78,174,0),
	(79,172,0),
	(80,30,25),
	(81,28,0),
	(82,32,0),
	(83,163,0),
	(84,170,0),
	(85,173,0),
	(86,176,0),
	(87,178,0),
	(88,182,0),
	(89,180,0),
	(90,184,0),
	(91,179,0),
	(92,216,0),
	(93,191,0),
	(94,181,0),
	(95,123,0),
	(96,209,0),
	(97,183,0),
	(98,51,0),
	(99,190,0),
	(100,127,18),
	(101,124,0),
	(102,129,0),
	(103,128,0),
	(104,131,0),
	(105,130,0),
	(106,132,0),
	(107,133,0),
	(108,135,0),
	(109,134,26),
	(110,137,0),
	(111,139,52),
	(112,141,0),
	(113,143,58),
	(114,148,17),
	(115,145,29),
	(116,150,0),
	(117,154,0),
	(118,152,0),
	(119,156,0),
	(120,205,0),
	(121,211,36),
	(122,17,38),
	(123,140,0),
	(124,136,0),
	(125,34,0),
	(126,138,38),
	(127,36,0),
	(128,142,12),
	(129,144,34),
	(130,146,0),
	(131,149,12),
	(132,153,0),
	(133,151,0),
	(134,155,51),
	(135,204,0),
	(136,207,0),
	(137,212,20),
	(138,33,0),
	(139,35,0),
	(140,38,0),
	(141,40,0),
	(142,44,0),
	(143,42,0),
	(144,48,0),
	(145,46,0),
	(146,50,0),
	(147,53,0),
	(148,55,0),
	(149,57,6),
	(150,61,0),
	(151,59,21),
	(152,63,38),
	(153,65,4),
	(154,37,0),
	(155,125,0),
	(156,41,0),
	(157,39,0),
	(158,43,0),
	(159,45,2),
	(160,47,0),
	(161,49,0),
	(162,52,0),
	(163,54,0),
	(164,56,0),
	(165,58,0),
	(166,60,0),
	(167,62,12),
	(168,64,39),
	(169,66,18),
	(170,157,0),
	(171,126,0),
	(172,159,0),
	(173,158,0),
	(174,164,0),
	(175,162,0),
	(176,186,12),
	(177,188,0),
	(178,193,0),
	(179,196,0),
	(180,199,0),
	(181,185,0),
	(182,187,0),
	(183,189,0),
	(184,195,0),
	(185,197,0),
	(186,200,0),
	(187,210,0),
	(188,214,0),
	(189,217,0),
	(190,3,0),
	(191,7,42),
	(192,10,0),
	(193,12,35),
	(194,14,37),
	(195,18,0),
	(196,165,0),
	(197,167,0),
	(198,213,47),
	(199,215,0),
	(200,2,22),
	(201,6,51),
	(202,8,37),
	(203,11,42),
	(204,13,0),
	(205,15,0),
	(206,19,0),
	(207,168,0),
	(208,166,0);

/*!40000 ALTER TABLE `JWT_WWCC_%_of_entries_5+` ENABLE KEYS */;
UNLOCK TABLES;


# Dump of table JWT_WWCC_Category
# ------------------------------------------------------------

DROP TABLE IF EXISTS `JWT_WWCC_Category`;

CREATE TABLE `JWT_WWCC_Category` (
  `id` int(11) NOT NULL auto_increment,
  `countryid` int(11) NOT NULL,
  `value` varchar(255) NOT NULL,
  PRIMARY KEY  (`id`)
) ENGINE=MyISAM AUTO_INCREMENT=209 DEFAULT CHARSET=latin1;

LOCK TABLES `JWT_WWCC_Category` WRITE;
/*!40000 ALTER TABLE `JWT_WWCC_Category` DISABLE KEYS */;
INSERT INTO `JWT_WWCC_Category` (`id`,`countryid`,`value`)
VALUES
	(1,67,''),
	(2,69,''),
	(3,71,'Improve'),
	(4,73,''),
	(5,75,''),
	(6,78,''),
	(7,80,''),
	(8,82,''),
	(9,84,''),
	(10,86,''),
	(11,88,''),
	(12,90,''),
	(13,92,''),
	(14,94,''),
	(15,96,''),
	(16,98,''),
	(17,100,''),
	(18,102,''),
	(19,104,''),
	(20,106,''),
	(21,108,''),
	(22,110,''),
	(23,112,''),
	(24,114,''),
	(25,118,''),
	(26,120,''),
	(27,116,'Star'),
	(28,122,''),
	(29,177,''),
	(30,202,'Review'),
	(31,194,''),
	(32,208,''),
	(33,70,''),
	(34,5,''),
	(35,68,''),
	(36,20,''),
	(37,72,''),
	(38,22,''),
	(39,74,''),
	(40,76,''),
	(41,79,''),
	(42,83,''),
	(43,81,''),
	(44,85,''),
	(45,89,''),
	(46,87,''),
	(47,91,''),
	(48,93,''),
	(49,95,''),
	(50,99,'Improve'),
	(51,97,''),
	(52,101,''),
	(53,103,''),
	(54,107,''),
	(55,105,''),
	(56,109,''),
	(57,111,''),
	(58,115,''),
	(59,113,''),
	(60,117,'Review'),
	(61,119,''),
	(62,121,'Review'),
	(63,175,''),
	(64,201,''),
	(65,192,''),
	(66,203,''),
	(67,4,'Power'),
	(68,9,'Improve'),
	(69,21,'Power'),
	(70,24,''),
	(71,23,''),
	(72,27,''),
	(73,29,''),
	(74,31,'Power'),
	(75,161,''),
	(76,25,'Review'),
	(77,169,''),
	(78,174,''),
	(79,172,''),
	(80,30,'Improve'),
	(81,28,''),
	(82,32,''),
	(83,163,''),
	(84,170,''),
	(85,173,''),
	(86,176,''),
	(87,178,''),
	(88,182,''),
	(89,180,''),
	(90,184,''),
	(91,179,''),
	(92,216,''),
	(93,191,''),
	(94,181,''),
	(95,123,'Banana'),
	(96,209,''),
	(97,183,''),
	(98,51,'Brankica Whoa!'),
	(99,190,''),
	(100,127,''),
	(101,124,''),
	(102,129,''),
	(103,128,''),
	(104,131,''),
	(105,130,''),
	(106,132,'Improve'),
	(107,133,''),
	(108,135,''),
	(109,134,'Improve'),
	(110,137,''),
	(111,139,'Star'),
	(112,141,''),
	(113,143,'Star'),
	(114,148,'Improve'),
	(115,145,'Review'),
	(116,150,''),
	(117,154,''),
	(118,152,''),
	(119,156,''),
	(120,205,''),
	(121,211,'Star'),
	(122,17,'Power'),
	(123,140,''),
	(124,136,''),
	(125,34,''),
	(126,138,'Power'),
	(127,36,''),
	(128,142,'Review'),
	(129,144,'Star'),
	(130,146,''),
	(131,149,'Review'),
	(132,153,''),
	(133,151,''),
	(134,155,'Star'),
	(135,204,''),
	(136,207,''),
	(137,212,'Review'),
	(138,33,''),
	(139,35,''),
	(140,38,''),
	(141,40,''),
	(142,44,''),
	(143,42,''),
	(144,48,''),
	(145,46,''),
	(146,50,''),
	(147,53,''),
	(148,55,''),
	(149,57,'Improve'),
	(150,61,''),
	(151,59,'Improve'),
	(152,63,'Star'),
	(153,65,'Improve'),
	(154,37,''),
	(155,125,''),
	(156,41,''),
	(157,39,''),
	(158,43,''),
	(159,45,'Review'),
	(160,47,''),
	(161,49,''),
	(162,52,''),
	(163,54,''),
	(164,56,''),
	(165,58,''),
	(166,60,'Improve'),
	(167,62,'Review'),
	(168,64,'Power'),
	(169,66,''),
	(170,157,''),
	(171,126,''),
	(172,159,''),
	(173,158,''),
	(174,164,''),
	(175,162,''),
	(176,186,'Improve'),
	(177,188,''),
	(178,193,''),
	(179,196,''),
	(180,199,''),
	(181,185,''),
	(182,187,''),
	(183,189,''),
	(184,195,''),
	(185,197,''),
	(186,200,''),
	(187,210,''),
	(188,214,''),
	(189,217,''),
	(190,3,''),
	(191,7,'Star'),
	(192,10,''),
	(193,12,'Star'),
	(194,14,'Star'),
	(195,18,''),
	(196,165,''),
	(197,167,''),
	(198,213,'Power'),
	(199,215,''),
	(200,2,'Review'),
	(201,6,'Power'),
	(202,8,'Star'),
	(203,11,'Power'),
	(204,13,''),
	(205,15,''),
	(206,19,''),
	(207,168,''),
	(208,166,'');

/*!40000 ALTER TABLE `JWT_WWCC_Category` ENABLE KEYS */;
UNLOCK TABLES;


# Dump of table JWT_WWCC_digital_entries
# ------------------------------------------------------------

DROP TABLE IF EXISTS `JWT_WWCC_digital_entries`;

CREATE TABLE `JWT_WWCC_digital_entries` (
  `id` int(11) NOT NULL auto_increment,
  `countryid` int(11) NOT NULL,
  `value` int(11) NOT NULL,
  PRIMARY KEY  (`id`)
) ENGINE=MyISAM AUTO_INCREMENT=209 DEFAULT CHARSET=latin1;

LOCK TABLES `JWT_WWCC_digital_entries` WRITE;
/*!40000 ALTER TABLE `JWT_WWCC_digital_entries` DISABLE KEYS */;
INSERT INTO `JWT_WWCC_digital_entries` (`id`,`countryid`,`value`)
VALUES
	(1,67,4),
	(2,69,0),
	(3,71,11),
	(4,73,0),
	(5,75,0),
	(6,78,0),
	(7,80,0),
	(8,82,0),
	(9,84,0),
	(10,86,0),
	(11,88,0),
	(12,90,0),
	(13,92,0),
	(14,94,0),
	(15,96,0),
	(16,98,0),
	(17,100,0),
	(18,102,0),
	(19,104,0),
	(20,106,0),
	(21,108,0),
	(22,110,0),
	(23,112,0),
	(24,114,0),
	(25,118,0),
	(26,120,0),
	(27,116,16),
	(28,122,0),
	(29,177,0),
	(30,202,10),
	(31,194,0),
	(32,208,0),
	(33,70,0),
	(34,5,0),
	(35,68,0),
	(36,20,0),
	(37,72,0),
	(38,22,1),
	(39,74,0),
	(40,76,0),
	(41,79,0),
	(42,83,0),
	(43,81,0),
	(44,85,0),
	(45,89,0),
	(46,87,0),
	(47,91,0),
	(48,93,0),
	(49,95,0),
	(50,99,32),
	(51,97,0),
	(52,101,0),
	(53,103,0),
	(54,107,0),
	(55,105,0),
	(56,109,0),
	(57,111,0),
	(58,115,0),
	(59,113,0),
	(60,117,4),
	(61,119,0),
	(62,121,15),
	(63,175,0),
	(64,201,0),
	(65,192,0),
	(66,203,0),
	(67,4,4),
	(68,9,18),
	(69,21,7),
	(70,24,0),
	(71,23,8),
	(72,27,0),
	(73,29,0),
	(74,31,16),
	(75,161,0),
	(76,25,11),
	(77,169,0),
	(78,174,0),
	(79,172,0),
	(80,30,180),
	(81,28,0),
	(82,32,0),
	(83,163,0),
	(84,170,0),
	(85,173,0),
	(86,176,0),
	(87,178,0),
	(88,182,0),
	(89,180,0),
	(90,184,0),
	(91,179,0),
	(92,216,0),
	(93,191,0),
	(94,181,0),
	(95,123,0),
	(96,209,0),
	(97,183,0),
	(98,51,0),
	(99,190,0),
	(100,127,0),
	(101,124,0),
	(102,129,0),
	(103,128,0),
	(104,131,0),
	(105,130,0),
	(106,132,0),
	(107,133,0),
	(108,135,0),
	(109,134,68),
	(110,137,0),
	(111,139,16),
	(112,141,0),
	(113,143,3),
	(114,148,40),
	(115,145,6),
	(116,150,0),
	(117,154,0),
	(118,152,0),
	(119,156,0),
	(120,205,0),
	(121,211,4),
	(122,17,31),
	(123,140,0),
	(124,136,0),
	(125,34,0),
	(126,138,51),
	(127,36,22),
	(128,142,13),
	(129,144,42),
	(130,146,2),
	(131,149,30),
	(132,153,0),
	(133,151,0),
	(134,155,34),
	(135,204,0),
	(136,207,5),
	(137,212,15),
	(138,33,0),
	(139,35,0),
	(140,38,0),
	(141,40,0),
	(142,44,0),
	(143,42,2),
	(144,48,18),
	(145,46,2),
	(146,50,0),
	(147,53,0),
	(148,55,1),
	(149,57,0),
	(150,61,2),
	(151,59,40),
	(152,63,15),
	(153,65,2),
	(154,37,0),
	(155,125,0),
	(156,41,1),
	(157,39,0),
	(158,43,0),
	(159,45,16),
	(160,47,0),
	(161,49,4),
	(162,52,0),
	(163,54,0),
	(164,56,0),
	(165,58,0),
	(166,60,18),
	(167,62,7),
	(168,64,82),
	(169,66,0),
	(170,157,0),
	(171,126,0),
	(172,159,0),
	(173,158,0),
	(174,164,0),
	(175,162,0),
	(176,186,9),
	(177,188,0),
	(178,193,0),
	(179,196,0),
	(180,199,0),
	(181,185,0),
	(182,187,0),
	(183,189,0),
	(184,195,0),
	(185,197,0),
	(186,200,0),
	(187,210,1),
	(188,214,0),
	(189,217,0),
	(190,3,0),
	(191,7,2),
	(192,10,0),
	(193,12,14),
	(194,14,1),
	(195,18,0),
	(196,165,0),
	(197,167,0),
	(198,213,31),
	(199,215,0),
	(200,2,1),
	(201,6,55),
	(202,8,2),
	(203,11,15),
	(204,13,0),
	(205,15,1),
	(206,19,0),
	(207,168,0),
	(208,166,0);

/*!40000 ALTER TABLE `JWT_WWCC_digital_entries` ENABLE KEYS */;
UNLOCK TABLES;


# Dump of table Lizzie C_Channels
# ------------------------------------------------------------

DROP TABLE IF EXISTS `Lizzie C_Channels`;

CREATE TABLE `Lizzie C_Channels` (
  `id` int(11) NOT NULL auto_increment,
  `countryid` int(11) NOT NULL,
  `y2004` int(11) NOT NULL,
  `y2005` int(11) NOT NULL,
  `y2006` int(11) NOT NULL,
  `y2007` int(11) NOT NULL,
  `y2008` int(11) NOT NULL,
  `y2009` int(11) NOT NULL,
  `y2010` int(11) NOT NULL,
  `y2011` int(11) NOT NULL,
  `y2012` int(11) NOT NULL,
  `y2013` int(11) NOT NULL,
  PRIMARY KEY  (`id`)
) ENGINE=MyISAM AUTO_INCREMENT=156 DEFAULT CHARSET=latin1;

LOCK TABLES `Lizzie C_Channels` WRITE;
/*!40000 ALTER TABLE `Lizzie C_Channels` DISABLE KEYS */;
INSERT INTO `Lizzie C_Channels` (`id`,`countryid`,`y2004`,`y2005`,`y2006`,`y2007`,`y2008`,`y2009`,`y2010`,`y2011`,`y2012`,`y2013`)
VALUES
	(1,17,12,12,13,13,13,11,11,11,12,12),
	(2,33,0,0,0,0,0,0,0,0,0,0),
	(3,34,2414,2658,2893,3171,3340,3060,3014,3037,3163,3344),
	(4,35,2620,2888,3249,3501,3561,32284,3290,3375,3537,3756),
	(5,36,1,1,1,1,1,1,1,1,1,1),
	(6,37,0,0,0,0,0,0,0,0,0,0),
	(7,38,0,0,0,0,0,0,0,0,0,0),
	(8,39,0,0,0,0,0,0,0,0,0,0),
	(9,40,0,0,0,0,0,0,0,0,0,0),
	(10,41,4569,5761,7333,6244,10801,8950,8542,8744,9741,10750),
	(11,43,0,0,0,0,0,0,0,0,0,0),
	(12,42,2083,2311,2634,3054,3344,3092,3106,3160,3428,3692),
	(13,44,0,0,0,0,0,0,0,0,0,0),
	(14,45,372,419,541,676,869,755,725,760,842,917),
	(15,46,1652,1877,1995,2008,2088,1818,1750,1758,1852,1945),
	(16,47,0,0,0,0,0,0,0,0,0,0),
	(17,49,1,1,2,2,2,2,2,2,2,2),
	(18,48,1506,1698,1933,2036,2123,1900,1853,1907,2027,2181),
	(19,50,0,0,0,0,0,0,0,0,0,0),
	(20,52,0,0,0,0,0,0,0,0,0,0),
	(21,53,0,0,0,0,0,0,0,0,0,0),
	(22,54,0,0,0,0,0,0,0,0,0,0),
	(23,55,0,0,0,0,0,0,0,0,0,0),
	(24,56,0,0,0,0,0,0,0,0,0,0),
	(25,58,0,0,0,0,0,0,0,0,0,0),
	(26,57,3021,3259,3553,4057,3914,3367,3137,3069,3145,3274),
	(27,59,16482,17012,17725,18334,17829,15356,14810,14926,15431,16088),
	(28,60,21078,21824,23734,25156,24195,21272,20414,20540,21152,22052),
	(29,61,3562,3650,3856,4221,4218,3843,3758,3827,3999,4220),
	(30,62,3,3,3,4,4,3,3,3,4,4),
	(31,63,4799,4989,5661,6067,6133,5547,5384,5454,5713,6068),
	(32,64,23652,24580,25172,26742,26359,21844,20588,20776,21965,23312),
	(33,65,1206,1354,1530,1686,1684,1452,1384,1411,1481,1575),
	(34,66,1519,1565,1561,1611,1615,1465,1415,1433,1497,1573),
	(35,126,0,0,0,0,0,0,0,0,0,0),
	(36,125,0,0,0,0,0,0,0,0,0,0),
	(37,157,0,0,0,0,0,0,0,0,0,0),
	(38,158,0,0,0,0,0,0,0,0,0,0),
	(39,159,0,0,0,0,0,0,0,0,0,0),
	(40,162,0,0,0,0,0,0,0,0,0,0),
	(41,164,0,0,0,0,0,0,0,0,0,0),
	(42,185,0,0,0,0,0,0,0,0,0,0),
	(43,187,0,0,0,0,0,0,0,0,0,0),
	(44,186,0,0,0,0,0,0,0,0,0,0),
	(45,189,0,0,0,0,0,0,0,0,0,0),
	(46,188,0,0,0,0,0,0,0,0,0,0),
	(47,195,0,0,0,0,0,0,0,0,0,0),
	(48,193,0,0,0,0,0,0,0,0,0,0),
	(49,196,0,0,0,0,0,0,0,0,0,0),
	(50,197,0,0,0,0,0,0,0,0,0,0),
	(51,199,0,0,0,0,0,0,0,0,0,0),
	(52,200,0,0,0,0,0,0,0,0,0,0),
	(53,210,1,1,1,2,2,1,1,1,1,2),
	(54,213,9292,10089,10913,11918,10597,9483,9089,9184,9629,10191),
	(55,214,0,0,0,0,0,0,0,0,0,0),
	(56,215,0,0,0,0,0,0,0,0,0,0),
	(57,1,0,0,0,0,0,0,0,0,0,0),
	(58,217,0,0,0,0,0,0,0,0,0,0),
	(59,67,0,0,0,0,0,0,0,0,0,0),
	(60,68,0,0,0,0,0,0,0,0,0,0),
	(61,69,0,0,0,0,0,0,0,0,0,0),
	(62,70,0,0,0,0,0,0,0,0,0,0),
	(63,72,0,0,0,0,0,0,0,0,0,0),
	(64,71,0,0,0,0,0,0,0,0,0,0),
	(65,73,0,0,0,0,0,0,0,0,0,0),
	(66,74,0,0,0,0,0,0,0,0,0,0),
	(67,76,0,0,0,0,0,0,0,0,0,0),
	(68,75,0,0,0,0,0,0,0,0,0,0),
	(69,79,0,0,0,0,0,0,0,0,0,0),
	(70,78,0,0,0,0,0,0,0,0,0,0),
	(71,81,0,0,0,0,0,0,0,0,0,0),
	(72,80,0,0,0,0,0,0,0,0,0,0),
	(73,82,0,0,0,0,0,0,0,0,0,0),
	(74,83,0,0,0,0,0,0,0,0,0,0),
	(75,85,0,0,0,0,0,0,0,0,0,0),
	(76,84,0,0,0,0,0,0,0,0,0,0),
	(77,87,0,0,0,0,0,0,0,0,0,0),
	(78,86,0,0,0,0,0,0,0,0,0,0),
	(79,88,0,0,0,0,0,0,0,0,0,0),
	(80,89,0,0,0,0,0,0,0,0,0,0),
	(81,90,0,0,0,0,0,0,0,0,0,0),
	(82,91,0,0,0,0,0,0,0,0,0,0),
	(83,92,0,0,0,0,0,0,0,0,0,0),
	(84,93,0,0,0,0,0,0,0,0,0,0),
	(85,94,0,0,0,0,0,0,0,0,0,0),
	(86,95,0,0,0,0,0,0,0,0,0,0),
	(87,96,0,0,0,0,0,0,0,0,0,0),
	(88,97,0,0,0,0,0,0,0,0,0,0),
	(89,98,0,0,0,0,0,0,0,0,0,0),
	(90,99,1546,1855,2187,2494,2642,2533,2637,2656,2856,3104),
	(91,101,0,0,0,0,0,0,0,0,0,0),
	(92,100,0,0,0,0,0,0,0,0,0,0),
	(93,102,0,0,0,0,0,0,0,0,0,0),
	(94,103,0,0,0,0,0,0,0,0,0,0),
	(95,104,0,0,0,0,0,0,0,0,0,0),
	(96,105,0,0,0,0,0,0,0,0,0,0),
	(97,106,0,0,0,0,0,0,0,0,0,0),
	(98,107,0,0,0,0,0,0,0,0,0,0),
	(99,108,0,0,0,0,0,0,0,0,0,0),
	(100,109,0,0,0,0,0,0,0,0,0,0),
	(101,111,0,0,0,0,0,0,0,0,0,0),
	(102,110,0,0,0,0,0,0,0,0,0,0),
	(103,112,0,0,0,0,0,0,0,0,0,0),
	(104,113,0,0,0,0,0,0,0,0,0,0),
	(105,114,0,0,0,0,0,0,0,0,0,0),
	(106,115,0,0,0,0,0,0,0,0,0,0),
	(107,116,0,0,0,0,0,0,0,0,0,0),
	(108,117,2102,2482,3103,4083,4314,4092,4023,4176,4635,5120),
	(109,119,0,0,0,0,0,0,0,0,0,0),
	(110,118,0,0,0,0,0,0,0,0,0,0),
	(111,120,892,939,939,1003,1011,945,937,952,983,1019),
	(112,121,0,0,0,0,0,0,0,0,0,0),
	(113,122,0,0,0,0,0,0,0,0,0,0),
	(114,175,0,0,0,0,0,0,0,0,0,0),
	(115,177,0,0,0,0,0,0,0,0,0,0),
	(116,192,0,0,0,0,0,0,0,0,0,0),
	(117,201,0,0,0,0,0,0,0,0,0,0),
	(118,194,0,0,0,0,0,0,0,0,0,0),
	(119,203,0,0,0,0,0,0,0,0,0,0),
	(120,202,0,0,0,0,0,0,0,0,0,0),
	(121,208,0,0,0,0,0,0,0,0,0,0),
	(122,4,0,0,0,0,0,0,0,0,0,0),
	(123,9,0,0,0,0,0,0,0,0,0,0),
	(124,5,0,0,0,0,0,0,0,0,0,0),
	(125,20,0,0,0,0,0,0,0,0,0,0),
	(126,21,0,0,0,0,0,0,0,0,0,0),
	(127,23,0,0,0,0,0,0,0,0,0,0),
	(128,22,0,0,0,0,0,0,0,0,0,0),
	(129,24,0,0,0,0,0,0,0,0,0,0),
	(130,25,0,0,0,0,0,0,0,0,0,0),
	(131,27,0,0,0,0,0,0,0,0,0,0),
	(132,28,0,0,0,0,0,0,0,0,0,0),
	(133,29,0,0,0,0,0,0,0,0,0,0),
	(134,30,183,189,198,198,189,161,155,156,165,173),
	(135,31,8,9,10,10,10,9,9,9,9,10),
	(136,32,0,0,0,0,0,0,0,0,0,0),
	(137,161,0,0,0,0,0,0,0,0,0,0),
	(138,163,0,0,0,0,0,0,0,0,0,0),
	(139,170,0,0,0,0,0,0,0,0,0,0),
	(140,169,0,0,0,0,0,0,0,0,0,0),
	(141,173,0,0,0,0,0,0,0,0,0,0),
	(142,172,0,0,0,0,0,0,0,0,0,0),
	(143,174,0,0,0,0,0,0,0,0,0,0),
	(144,176,0,0,0,0,0,0,0,0,0,0),
	(145,178,0,0,0,0,0,0,0,0,0,0),
	(146,179,0,0,0,0,0,0,0,0,0,0),
	(147,180,0,0,0,0,0,0,0,0,0,0),
	(148,181,0,0,0,0,0,0,0,0,0,0),
	(149,182,0,0,0,0,0,0,0,0,0,0),
	(150,183,0,0,0,0,0,0,0,0,0,0),
	(151,184,0,0,0,0,0,0,0,0,0,0),
	(152,190,0,0,0,0,0,0,0,0,0,0),
	(153,191,0,0,0,0,0,0,0,0,0,0),
	(154,209,0,0,0,0,0,0,0,0,0,0),
	(155,216,0,0,0,0,0,0,0,0,0,0);

/*!40000 ALTER TABLE `Lizzie C_Channels` ENABLE KEYS */;
UNLOCK TABLES;


# Dump of table Lizzie C_HSBC
# ------------------------------------------------------------

DROP TABLE IF EXISTS `Lizzie C_HSBC`;

CREATE TABLE `Lizzie C_HSBC` (
  `id` int(11) NOT NULL auto_increment,
  `countryid` int(11) NOT NULL,
  `y2008` int(11) NOT NULL,
  PRIMARY KEY  (`id`)
) ENGINE=MyISAM AUTO_INCREMENT=156 DEFAULT CHARSET=latin1;

LOCK TABLES `Lizzie C_HSBC` WRITE;
/*!40000 ALTER TABLE `Lizzie C_HSBC` DISABLE KEYS */;
INSERT INTO `Lizzie C_HSBC` (`id`,`countryid`,`y2008`)
VALUES
	(1,17,0),
	(2,33,0),
	(3,34,0),
	(4,35,0),
	(5,36,0),
	(6,37,0),
	(7,38,0),
	(8,39,0),
	(9,40,0),
	(10,41,0),
	(11,43,0),
	(12,42,0),
	(13,44,0),
	(14,45,0),
	(15,46,0),
	(16,47,0),
	(17,49,0),
	(18,48,0),
	(19,50,0),
	(20,52,0),
	(21,53,0),
	(22,54,0),
	(23,55,0),
	(24,56,0),
	(25,58,0),
	(26,57,0),
	(27,59,0),
	(28,60,0),
	(29,61,0),
	(30,62,0),
	(31,63,0),
	(32,64,0),
	(33,65,0),
	(34,66,0),
	(35,126,0),
	(36,125,0),
	(37,157,0),
	(38,158,0),
	(39,159,0),
	(40,162,0),
	(41,164,0),
	(42,185,0),
	(43,187,0),
	(44,186,0),
	(45,189,0),
	(46,188,0),
	(47,195,0),
	(48,193,0),
	(49,196,0),
	(50,197,0),
	(51,199,0),
	(52,200,0),
	(53,210,0),
	(54,213,0),
	(55,214,0),
	(56,215,0),
	(57,1,0),
	(58,217,0),
	(59,67,0),
	(60,68,0),
	(61,69,0),
	(62,70,0),
	(63,72,0),
	(64,71,0),
	(65,73,0),
	(66,74,0),
	(67,76,0),
	(68,75,0),
	(69,79,0),
	(70,78,0),
	(71,81,0),
	(72,80,0),
	(73,82,0),
	(74,83,0),
	(75,85,0),
	(76,84,0),
	(77,87,0),
	(78,86,0),
	(79,88,0),
	(80,89,0),
	(81,90,0),
	(82,91,0),
	(83,92,0),
	(84,93,0),
	(85,94,0),
	(86,95,0),
	(87,96,0),
	(88,97,0),
	(89,98,0),
	(90,99,0),
	(91,101,0),
	(92,100,0),
	(93,102,0),
	(94,103,0),
	(95,104,0),
	(96,105,0),
	(97,106,0),
	(98,107,0),
	(99,108,0),
	(100,109,0),
	(101,111,0),
	(102,110,0),
	(103,112,0),
	(104,113,0),
	(105,114,0),
	(106,115,0),
	(107,116,0),
	(108,117,0),
	(109,119,0),
	(110,118,0),
	(111,120,0),
	(112,121,0),
	(113,122,0),
	(114,175,0),
	(115,177,0),
	(116,192,0),
	(117,201,0),
	(118,194,0),
	(119,203,0),
	(120,202,0),
	(121,208,0),
	(122,4,0),
	(123,9,0),
	(124,5,0),
	(125,20,0),
	(126,21,0),
	(127,23,0),
	(128,22,0),
	(129,24,0),
	(130,25,0),
	(131,27,0),
	(132,28,0),
	(133,29,0),
	(134,30,0),
	(135,31,0),
	(136,32,0),
	(137,161,0),
	(138,163,0),
	(139,170,0),
	(140,169,0),
	(141,173,0),
	(142,172,0),
	(143,174,0),
	(144,176,0),
	(145,178,0),
	(146,179,0),
	(147,180,0),
	(148,181,0),
	(149,182,0),
	(150,183,0),
	(151,184,0),
	(152,190,0),
	(153,191,0),
	(154,209,0),
	(155,216,0);

/*!40000 ALTER TABLE `Lizzie C_HSBC` ENABLE KEYS */;
UNLOCK TABLES;


# Dump of table Lizzie C_The_office_context
# ------------------------------------------------------------

DROP TABLE IF EXISTS `Lizzie C_The_office_context`;

CREATE TABLE `Lizzie C_The_office_context` (
  `id` int(11) NOT NULL auto_increment,
  `countryid` int(11) NOT NULL,
  `value` int(11) NOT NULL,
  PRIMARY KEY  (`id`)
) ENGINE=MyISAM AUTO_INCREMENT=156 DEFAULT CHARSET=latin1;

LOCK TABLES `Lizzie C_The_office_context` WRITE;
/*!40000 ALTER TABLE `Lizzie C_The_office_context` DISABLE KEYS */;
INSERT INTO `Lizzie C_The_office_context` (`id`,`countryid`,`value`)
VALUES
	(1,17,24364),
	(2,33,0),
	(3,34,0),
	(4,35,0),
	(5,36,4199),
	(6,37,0),
	(7,38,0),
	(8,39,0),
	(9,40,0),
	(10,41,0),
	(11,43,0),
	(12,42,3280),
	(13,44,0),
	(14,45,0),
	(15,46,1477),
	(16,47,0),
	(17,49,4875),
	(18,48,1922),
	(19,50,0),
	(20,52,0),
	(21,53,0),
	(22,54,0),
	(23,55,0),
	(24,56,0),
	(25,58,0),
	(26,57,24467),
	(27,59,19401),
	(28,60,27208),
	(29,61,2886),
	(30,62,4738),
	(31,63,24572),
	(32,64,109921),
	(33,65,0),
	(34,66,5285),
	(35,126,0),
	(36,125,0),
	(37,157,0),
	(38,158,0),
	(39,159,0),
	(40,162,0),
	(41,164,0),
	(42,185,0),
	(43,187,0),
	(44,186,0),
	(45,189,0),
	(46,188,0),
	(47,195,0),
	(48,193,0),
	(49,196,0),
	(50,197,0),
	(51,199,0),
	(52,200,0),
	(53,210,8533),
	(54,213,32681),
	(55,214,0),
	(56,215,0),
	(57,1,0),
	(58,217,0),
	(59,67,0),
	(60,68,0),
	(61,69,0),
	(62,70,0),
	(63,72,0),
	(64,71,0),
	(65,73,0),
	(66,74,0),
	(67,76,0),
	(68,75,0),
	(69,79,0),
	(70,78,0),
	(71,81,0),
	(72,80,0),
	(73,82,0),
	(74,83,0),
	(75,85,0),
	(76,84,0),
	(77,87,0),
	(78,86,0),
	(79,88,0),
	(80,89,0),
	(81,90,0),
	(82,91,0),
	(83,92,0),
	(84,93,0),
	(85,94,0),
	(86,95,0),
	(87,96,0),
	(88,97,0),
	(89,98,0),
	(90,99,0),
	(91,101,0),
	(92,100,0),
	(93,102,0),
	(94,103,0),
	(95,104,0),
	(96,105,0),
	(97,106,0),
	(98,107,0),
	(99,108,0),
	(100,109,0),
	(101,111,0),
	(102,110,0),
	(103,112,0),
	(104,113,0),
	(105,114,0),
	(106,115,0),
	(107,116,0),
	(108,117,0),
	(109,119,0),
	(110,118,0),
	(111,120,4650),
	(112,121,0),
	(113,122,0),
	(114,175,0),
	(115,177,0),
	(116,192,0),
	(117,201,0),
	(118,194,0),
	(119,203,0),
	(120,202,0),
	(121,208,0),
	(122,4,0),
	(123,9,0),
	(124,5,0),
	(125,20,0),
	(126,21,0),
	(127,23,0),
	(128,22,0),
	(129,24,0),
	(130,25,0),
	(131,27,0),
	(132,28,0),
	(133,29,0),
	(134,30,0),
	(135,31,0),
	(136,32,0),
	(137,161,0),
	(138,163,0),
	(139,170,0),
	(140,169,0),
	(141,173,0),
	(142,172,0),
	(143,174,0),
	(144,176,0),
	(145,178,0),
	(146,179,0),
	(147,180,0),
	(148,181,0),
	(149,182,0),
	(150,183,0),
	(151,184,0),
	(152,190,0),
	(153,191,0),
	(154,209,0),
	(155,216,0);

/*!40000 ALTER TABLE `Lizzie C_The_office_context` ENABLE KEYS */;
UNLOCK TABLES;


# Dump of table Lizzie C_Total_Revenue_2008
# ------------------------------------------------------------

DROP TABLE IF EXISTS `Lizzie C_Total_Revenue_2008`;

CREATE TABLE `Lizzie C_Total_Revenue_2008` (
  `id` int(11) NOT NULL auto_increment,
  `countryid` int(11) NOT NULL,
  `y2007` int(11) NOT NULL,
  `y2008` int(11) NOT NULL,
  PRIMARY KEY  (`id`)
) ENGINE=MyISAM AUTO_INCREMENT=156 DEFAULT CHARSET=latin1;

LOCK TABLES `Lizzie C_Total_Revenue_2008` WRITE;
/*!40000 ALTER TABLE `Lizzie C_Total_Revenue_2008` DISABLE KEYS */;
INSERT INTO `Lizzie C_Total_Revenue_2008` (`id`,`countryid`,`y2007`,`y2008`)
VALUES
	(1,17,0,0),
	(2,33,0,0),
	(3,34,0,0),
	(4,35,0,0),
	(5,36,0,0),
	(6,37,0,0),
	(7,38,0,0),
	(8,39,0,0),
	(9,40,0,0),
	(10,41,0,0),
	(11,43,0,0),
	(12,42,0,0),
	(13,44,0,0),
	(14,45,0,0),
	(15,46,0,0),
	(16,47,0,0),
	(17,49,0,0),
	(18,48,0,0),
	(19,50,0,0),
	(20,52,0,0),
	(21,53,0,0),
	(22,54,0,0),
	(23,55,0,0),
	(24,56,0,0),
	(25,58,0,0),
	(26,57,0,0),
	(27,59,0,0),
	(28,60,0,0),
	(29,61,0,0),
	(30,62,0,0),
	(31,63,0,0),
	(32,64,0,0),
	(33,65,0,0),
	(34,66,0,0),
	(35,126,0,0),
	(36,125,0,0),
	(37,157,0,0),
	(38,158,0,0),
	(39,159,0,0),
	(40,162,0,0),
	(41,164,0,0),
	(42,185,0,0),
	(43,187,0,0),
	(44,186,0,0),
	(45,189,0,0),
	(46,188,0,0),
	(47,195,0,0),
	(48,193,0,0),
	(49,196,0,0),
	(50,197,0,0),
	(51,199,0,0),
	(52,200,0,0),
	(53,210,0,0),
	(54,213,0,0),
	(55,214,0,0),
	(56,215,0,0),
	(57,1,0,0),
	(58,217,0,0),
	(59,67,0,0),
	(60,68,0,0),
	(61,69,0,0),
	(62,70,0,0),
	(63,72,0,0),
	(64,71,0,0),
	(65,73,0,0),
	(66,74,0,0),
	(67,76,0,0),
	(68,75,0,0),
	(69,79,0,0),
	(70,78,0,0),
	(71,81,0,0),
	(72,80,0,0),
	(73,82,0,0),
	(74,83,0,0),
	(75,85,0,0),
	(76,84,0,0),
	(77,87,0,0),
	(78,86,0,0),
	(79,88,0,0),
	(80,89,0,0),
	(81,90,0,0),
	(82,91,0,0),
	(83,92,0,0),
	(84,93,0,0),
	(85,94,0,0),
	(86,95,0,0),
	(87,96,0,0),
	(88,97,0,0),
	(89,98,0,0),
	(90,99,0,0),
	(91,101,0,0),
	(92,100,0,0),
	(93,102,0,0),
	(94,103,0,0),
	(95,104,0,0),
	(96,105,0,0),
	(97,106,0,0),
	(98,107,0,0),
	(99,108,0,0),
	(100,109,0,0),
	(101,111,0,0),
	(102,110,0,0),
	(103,112,0,0),
	(104,113,0,0),
	(105,114,0,0),
	(106,115,0,0),
	(107,116,0,0),
	(108,117,0,0),
	(109,119,0,0),
	(110,118,0,0),
	(111,120,0,0),
	(112,121,0,0),
	(113,122,0,0),
	(114,175,0,0),
	(115,177,0,0),
	(116,192,0,0),
	(117,201,0,0),
	(118,194,0,0),
	(119,203,0,0),
	(120,202,0,0),
	(121,208,0,0),
	(122,4,0,0),
	(123,9,0,0),
	(124,5,0,0),
	(125,20,0,0),
	(126,21,0,0),
	(127,23,0,0),
	(128,22,0,0),
	(129,24,0,0),
	(130,25,0,0),
	(131,27,0,0),
	(132,28,0,0),
	(133,29,0,0),
	(134,30,0,0),
	(135,31,0,0),
	(136,32,0,0),
	(137,161,0,0),
	(138,163,0,0),
	(139,170,0,0),
	(140,169,0,0),
	(141,173,0,0),
	(142,172,0,0),
	(143,174,0,0),
	(144,176,0,0),
	(145,178,0,0),
	(146,179,0,0),
	(147,180,0,0),
	(148,181,0,0),
	(149,182,0,0),
	(150,183,0,0),
	(151,184,0,0),
	(152,190,0,0),
	(153,191,0,0),
	(154,209,0,0),
	(155,216,0,0);

/*!40000 ALTER TABLE `Lizzie C_Total_Revenue_2008` ENABLE KEYS */;
UNLOCK TABLES;


# Dump of table LTO_LTO
# ------------------------------------------------------------

DROP TABLE IF EXISTS `LTO_LTO`;

CREATE TABLE `LTO_LTO` (
  `id` int(11) NOT NULL auto_increment,
  `countryid` int(11) NOT NULL,
  `value` int(11) NOT NULL,
  PRIMARY KEY  (`id`)
) ENGINE=MyISAM AUTO_INCREMENT=33 DEFAULT CHARSET=latin1;

LOCK TABLES `LTO_LTO` WRITE;
/*!40000 ALTER TABLE `LTO_LTO` DISABLE KEYS */;
INSERT INTO `LTO_LTO` (`id`,`countryid`,`value`)
VALUES
	(1,148,31),
	(2,135,40),
	(3,6,65),
	(4,31,23),
	(5,138,118),
	(6,48,13),
	(7,107,25),
	(8,106,25),
	(9,1,25),
	(10,96,25),
	(11,60,31),
	(12,85,16),
	(13,46,50),
	(14,134,61),
	(15,212,80),
	(16,63,44),
	(17,149,30),
	(18,88,16),
	(19,34,20),
	(20,132,0),
	(21,145,19),
	(22,42,32),
	(23,81,16),
	(24,155,48),
	(25,47,38),
	(26,207,75),
	(27,35,33),
	(28,211,87),
	(29,139,56),
	(30,64,25),
	(31,30,29),
	(32,142,80);

/*!40000 ALTER TABLE `LTO_LTO` ENABLE KEYS */;
UNLOCK TABLES;


# Dump of table Lux test_Bar_%_share_of_business
# ------------------------------------------------------------

DROP TABLE IF EXISTS `Lux test_Bar_%_share_of_business`;

CREATE TABLE `Lux test_Bar_%_share_of_business` (
  `id` int(11) NOT NULL auto_increment,
  `countryid` int(11) NOT NULL,
  `value` int(11) NOT NULL,
  PRIMARY KEY  (`id`)
) ENGINE=MyISAM AUTO_INCREMENT=11 DEFAULT CHARSET=latin1;

LOCK TABLES `Lux test_Bar_%_share_of_business` WRITE;
/*!40000 ALTER TABLE `Lux test_Bar_%_share_of_business` DISABLE KEYS */;
INSERT INTO `Lux test_Bar_%_share_of_business` (`id`,`countryid`,`value`)
VALUES
	(1,134,99),
	(2,138,42),
	(3,11,0),
	(4,139,59),
	(5,117,92),
	(6,144,85),
	(7,30,56),
	(8,6,96),
	(9,132,0),
	(10,99,97);

/*!40000 ALTER TABLE `Lux test_Bar_%_share_of_business` ENABLE KEYS */;
UNLOCK TABLES;


# Dump of table Lux test_Business_size
# ------------------------------------------------------------

DROP TABLE IF EXISTS `Lux test_Business_size`;

CREATE TABLE `Lux test_Business_size` (
  `id` int(11) NOT NULL auto_increment,
  `countryid` int(11) NOT NULL,
  `value` int(11) NOT NULL,
  PRIMARY KEY  (`id`)
) ENGINE=MyISAM AUTO_INCREMENT=11 DEFAULT CHARSET=latin1;

LOCK TABLES `Lux test_Business_size` WRITE;
/*!40000 ALTER TABLE `Lux test_Business_size` DISABLE KEYS */;
INSERT INTO `Lux test_Business_size` (`id`,`countryid`,`value`)
VALUES
	(1,134,298),
	(2,138,145),
	(3,11,0),
	(4,139,29),
	(5,117,18),
	(6,144,68),
	(7,30,544),
	(8,6,188),
	(9,132,33),
	(10,99,35);

/*!40000 ALTER TABLE `Lux test_Business_size` ENABLE KEYS */;
UNLOCK TABLES;


# Dump of table Lux test_Conviction
# ------------------------------------------------------------

DROP TABLE IF EXISTS `Lux test_Conviction`;

CREATE TABLE `Lux test_Conviction` (
  `id` int(11) NOT NULL auto_increment,
  `countryid` int(11) NOT NULL,
  `value` int(11) NOT NULL,
  PRIMARY KEY  (`id`)
) ENGINE=MyISAM AUTO_INCREMENT=11 DEFAULT CHARSET=latin1;

LOCK TABLES `Lux test_Conviction` WRITE;
/*!40000 ALTER TABLE `Lux test_Conviction` DISABLE KEYS */;
INSERT INTO `Lux test_Conviction` (`id`,`countryid`,`value`)
VALUES
	(1,134,57),
	(2,138,15),
	(3,11,38),
	(4,139,73),
	(5,117,60),
	(6,144,44),
	(7,30,18),
	(8,6,17),
	(9,132,48),
	(10,99,49);

/*!40000 ALTER TABLE `Lux test_Conviction` ENABLE KEYS */;
UNLOCK TABLES;


# Dump of table Lux test_Economic_participation_index
# ------------------------------------------------------------

DROP TABLE IF EXISTS `Lux test_Economic_participation_index`;

CREATE TABLE `Lux test_Economic_participation_index` (
  `id` int(11) NOT NULL auto_increment,
  `countryid` int(11) NOT NULL,
  `value` int(11) NOT NULL,
  PRIMARY KEY  (`id`)
) ENGINE=MyISAM AUTO_INCREMENT=11 DEFAULT CHARSET=latin1;

LOCK TABLES `Lux test_Economic_participation_index` WRITE;
/*!40000 ALTER TABLE `Lux test_Economic_participation_index` DISABLE KEYS */;
INSERT INTO `Lux test_Economic_participation_index` (`id`,`countryid`,`value`)
VALUES
	(1,134,0),
	(2,138,0),
	(3,11,0),
	(4,139,0),
	(5,117,0),
	(6,144,0),
	(7,30,0),
	(8,6,0),
	(9,132,0),
	(10,99,0);

/*!40000 ALTER TABLE `Lux test_Economic_participation_index` ENABLE KEYS */;
UNLOCK TABLES;


# Dump of table Lux test_Female_15+_literacy
# ------------------------------------------------------------

DROP TABLE IF EXISTS `Lux test_Female_15+_literacy`;

CREATE TABLE `Lux test_Female_15+_literacy` (
  `id` int(11) NOT NULL auto_increment,
  `countryid` int(11) NOT NULL,
  `value` int(11) NOT NULL,
  PRIMARY KEY  (`id`)
) ENGINE=MyISAM AUTO_INCREMENT=11 DEFAULT CHARSET=latin1;

LOCK TABLES `Lux test_Female_15+_literacy` WRITE;
/*!40000 ALTER TABLE `Lux test_Female_15+_literacy` DISABLE KEYS */;
INSERT INTO `Lux test_Female_15+_literacy` (`id`,`countryid`,`value`)
VALUES
	(1,134,167),
	(2,138,427),
	(3,11,13),
	(4,139,20),
	(5,117,4),
	(6,144,63),
	(7,30,101),
	(8,6,54),
	(9,132,12),
	(10,99,12);

/*!40000 ALTER TABLE `Lux test_Female_15+_literacy` ENABLE KEYS */;
UNLOCK TABLES;


# Dump of table Lux test_Gender_gap_index
# ------------------------------------------------------------

DROP TABLE IF EXISTS `Lux test_Gender_gap_index`;

CREATE TABLE `Lux test_Gender_gap_index` (
  `id` int(11) NOT NULL auto_increment,
  `countryid` int(11) NOT NULL,
  `value` int(11) NOT NULL,
  PRIMARY KEY  (`id`)
) ENGINE=MyISAM AUTO_INCREMENT=11 DEFAULT CHARSET=latin1;

LOCK TABLES `Lux test_Gender_gap_index` WRITE;
/*!40000 ALTER TABLE `Lux test_Gender_gap_index` DISABLE KEYS */;
INSERT INTO `Lux test_Gender_gap_index` (`id`,`countryid`,`value`)
VALUES
	(1,134,0),
	(2,138,0),
	(3,11,0),
	(4,139,0),
	(5,117,0),
	(6,144,0),
	(7,30,0),
	(8,6,0),
	(9,132,0),
	(10,99,0);

/*!40000 ALTER TABLE `Lux test_Gender_gap_index` ENABLE KEYS */;
UNLOCK TABLES;


# Dump of table Lux test_Liquid_%_share_of_business
# ------------------------------------------------------------

DROP TABLE IF EXISTS `Lux test_Liquid_%_share_of_business`;

CREATE TABLE `Lux test_Liquid_%_share_of_business` (
  `id` int(11) NOT NULL auto_increment,
  `countryid` int(11) NOT NULL,
  `value` int(11) NOT NULL,
  PRIMARY KEY  (`id`)
) ENGINE=MyISAM AUTO_INCREMENT=11 DEFAULT CHARSET=latin1;

LOCK TABLES `Lux test_Liquid_%_share_of_business` WRITE;
/*!40000 ALTER TABLE `Lux test_Liquid_%_share_of_business` DISABLE KEYS */;
INSERT INTO `Lux test_Liquid_%_share_of_business` (`id`,`countryid`,`value`)
VALUES
	(1,134,1),
	(2,138,58),
	(3,11,0),
	(4,139,41),
	(5,117,8),
	(6,144,15),
	(7,30,44),
	(8,6,4),
	(9,132,0),
	(10,99,3);

/*!40000 ALTER TABLE `Lux test_Liquid_%_share_of_business` ENABLE KEYS */;
UNLOCK TABLES;


# Dump of table Lux test_Market_share
# ------------------------------------------------------------

DROP TABLE IF EXISTS `Lux test_Market_share`;

CREATE TABLE `Lux test_Market_share` (
  `id` int(11) NOT NULL auto_increment,
  `countryid` int(11) NOT NULL,
  `value` int(11) NOT NULL,
  PRIMARY KEY  (`id`)
) ENGINE=MyISAM AUTO_INCREMENT=11 DEFAULT CHARSET=latin1;

LOCK TABLES `Lux test_Market_share` WRITE;
/*!40000 ALTER TABLE `Lux test_Market_share` DISABLE KEYS */;
INSERT INTO `Lux test_Market_share` (`id`,`countryid`,`value`)
VALUES
	(1,134,17),
	(2,138,7),
	(3,11,0),
	(4,139,27),
	(5,117,31),
	(6,144,18),
	(7,30,25),
	(8,6,14),
	(9,132,26),
	(10,99,21);

/*!40000 ALTER TABLE `Lux test_Market_share` ENABLE KEYS */;
UNLOCK TABLES;


# Dump of table Lux_Business
# ------------------------------------------------------------

DROP TABLE IF EXISTS `Lux_Business`;

CREATE TABLE `Lux_Business` (
  `id` int(11) NOT NULL auto_increment,
  `countryid` int(11) NOT NULL,
  `value` int(11) NOT NULL,
  PRIMARY KEY  (`id`)
) ENGINE=MyISAM AUTO_INCREMENT=120 DEFAULT CHARSET=latin1;

LOCK TABLES `Lux_Business` WRITE;
/*!40000 ALTER TABLE `Lux_Business` DISABLE KEYS */;
INSERT INTO `Lux_Business` (`id`,`countryid`,`value`)
VALUES
	(109,30,0),
	(107,11,0),
	(108,6,0),
	(110,30,0),
	(115,11,0),
	(118,6,0),
	(106,6,0);

/*!40000 ALTER TABLE `Lux_Business` ENABLE KEYS */;
UNLOCK TABLES;


# Dump of table media
# ------------------------------------------------------------

DROP TABLE IF EXISTS `media`;

CREATE TABLE `media` (
  `id` int(11) NOT NULL auto_increment,
  `name` varchar(255) NOT NULL,
  `mimetype` varchar(255) NOT NULL,
  `size` int(11) NOT NULL,
  `path` varchar(255) NOT NULL,
  `thumbnail_path` varchar(255) NOT NULL,
  `caption` varchar(255) NOT NULL,
  `credits` mediumtext NOT NULL,
  `compiled` int(1) NOT NULL,
  `createdby` int(11) NOT NULL,
  `createdate` bigint(20) NOT NULL,
  `modifiedby` int(11) NOT NULL,
  `modifieddate` bigint(20) NOT NULL,
  PRIMARY KEY  (`id`)
) ENGINE=MyISAM AUTO_INCREMENT=321 DEFAULT CHARSET=latin1;

LOCK TABLES `media` WRITE;
/*!40000 ALTER TABLE `media` DISABLE KEYS */;
INSERT INTO `media` (`id`,`name`,`mimetype`,`size`,`path`,`thumbnail_path`,`caption`,`credits`,`compiled`,`createdby`,`createdate`,`modifiedby`,`modifieddate`)
VALUES
	(2,'200px-Flag_of_the_Seychelles.svg.png','images',1366,'/flags_small/','','','',0,12,1244825885373,12,1244825885373),
	(3,'200px-Flag_of_the_Solomon_Islands.svg.png','images',1344,'/flags_small/','','','',0,12,1244825886274,12,1244825886274),
	(4,'200px-Flag_of_the_United_Arab_Emirates.svg.png','images',392,'/flags_small/','','','',0,12,1244825886880,12,1244825886880),
	(5,'200px-Flag_of_the_United_Kingdom.svg.png','images',1453,'/flags_small/','','','',0,12,1244825887737,12,1244825887737),
	(6,'200px-Flag_of_Tonga.svg.png','images',410,'/flags_small/','','','',0,12,1244825888348,12,1244825888348),
	(7,'200px-Flag_of_Tuvalu.svg.png','images',1425,'/flags_small/','','','',0,12,1244825888937,12,1244825888937),
	(8,'200px-Flag_of_Uzbekistan.svg.png','images',617,'/flags_small/','','','',0,12,1244825889616,12,1244825889616),
	(9,'200px-Flag_of_Western_Sahara.svg.png','images',771,'/flags_small/','','','',0,12,1244825890411,12,1244825890411),
	(10,'200px-Flag_of_Zimbabwe.svg.png','images',921,'/flags_small/','','','',0,12,1244825891027,12,1244825891027),
	(11,'255px-Flag_of_Qatar.svg.png','images',553,'/flags_small/','','','',0,12,1244825891618,12,1244825891618),
	(12,'82px-Flag_of_Nepal.svg.png','images',1062,'/flags_small/','','','',0,12,1244825892317,12,1244825892317),
	(13,'200px-Flag_of_the_Philippines.svg.png','images',888,'/flags_small/','','','',0,12,1244825884799,12,1244825884799),
	(14,'200px-Flag_of_the_Bahamas.svg.png','images',689,'/flags_small/','','','',0,12,1244825884044,12,1244825884044),
	(15,'200px-Flag_of_Sudan.svg.png','images',638,'/flags_small/','','','',0,12,1244825882830,12,1244825882830),
	(16,'200px-Flag_of_Tajikistan.svg.png','images',478,'/flags_small/','','','',0,12,1244825883434,12,1244825883434),
	(17,'200px-Flag_of_Saint_Lucia.svg.png','images',800,'/flags_small/','','','',0,12,1244825878999,12,1244825878999),
	(18,'200px-Flag_of_Samoa.svg.png','images',612,'/flags_small/','','','',0,12,1244825879761,12,1244825879761),
	(19,'200px-Flag_of_Sao_Tome_and_Principe.svg.png','images',1027,'/flags_small/','','','',0,12,1244825880327,12,1244825880327),
	(20,'200px-Flag_of_Slovenia.svg.png','images',453,'/flags_small/','','','',0,12,1244825880888,12,1244825880888),
	(21,'200px-Flag_of_South_Ossetia.svg.png','images',219,'/flags_small/','','','',0,12,1244825881443,12,1244825881443),
	(22,'200px-Flag_of_Sri_Lanka.svg.png','images',1370,'/flags_small/','','','',0,12,1244825882205,12,1244825882205),
	(23,'200px-Flag_of_Kuwait.svg.png','images',516,'/flags_small/','','','',0,12,1244825871274,12,1244825871274),
	(24,'200px-Flag_of_Latvia.svg.png','images',200,'/flags_small/','','','',0,12,1244825872007,12,1244825872007),
	(25,'200px-Flag_of_Macedonia.svg.png','images',1473,'/flags_small/','','','',0,12,1244825872532,12,1244825872532),
	(26,'200px-Flag_of_Malaysia.svg.png','images',1064,'/flags_small/','','','',0,12,1244825873079,12,1244825873079),
	(27,'200px-Flag_of_Moldova.svg.png','images',700,'/flags_small/','','','',0,12,1244825873627,12,1244825873627),
	(28,'200px-Flag_of_Mongolia.svg.png','images',712,'/flags_small/','','','',0,12,1244825874281,12,1244825874281),
	(29,'200px-Flag_of_Montenegro.svg.png','images',932,'/flags_small/','','','',0,12,1244825874869,12,1244825874869),
	(30,'200px-Flag_of_Nauru.svg.png','images',471,'/flags_small/','','','',0,12,1244825875403,12,1244825875403),
	(31,'200px-Flag_of_New_Zealand.svg.png','images',1328,'/flags_small/','','','',0,12,1244825875973,12,1244825875973),
	(32,'200px-Flag_of_Nigeria.svg.png','images',194,'/flags_small/','','','',0,12,1244825876550,12,1244825876550),
	(33,'200px-Flag_of_North_Korea.svg.png','images',722,'/flags_small/','','','',0,12,1244825877311,12,1244825877311),
	(34,'200px-Flag_of_Oman.svg.png','images',598,'/flags_small/','','','',0,12,1244825877841,12,1244825877841),
	(35,'200px-Flag_of_Palestine.svg.png','images',560,'/flags_small/','','','',0,12,1244825878397,12,1244825878397),
	(36,'200px-Flag_of_Kazakhstan.svg.png','images',1031,'/flags_small/','','','',0,12,1244825870191,12,1244825870191),
	(37,'200px-Flag_of_Kiribati.svg.png','images',1431,'/flags_small/','','','',0,12,1244825870732,12,1244825870732),
	(38,'200px-Flag_of_Eritrea.svg.png','images',1385,'/flags_small/','','','',0,12,1244825865584,12,1244825865584),
	(39,'200px-Flag_of_Ethiopia.svg.png','images',889,'/flags_small/','','','',0,12,1244825866247,12,1244825866247),
	(40,'200px-Flag_of_Fiji.svg.png','images',1335,'/flags_small/','','','',0,12,1244825866812,12,1244825866812),
	(41,'200px-Flag_of_Guinea-Bissau.svg.png','images',567,'/flags_small/','','','',0,12,1244825867324,12,1244825867324),
	(42,'200px-Flag_of_Honduras.svg.png','images',434,'/flags_small/','','','',0,12,1244825867912,12,1244825867912),
	(43,'200px-Flag_of_Ireland.svg.png','images',218,'/flags_small/','','','',0,12,1244825868437,12,1244825868437),
	(44,'200px-Flag_of_Jamaica.svg.png','images',1345,'/flags_small/','','','',0,12,1244825869156,12,1244825869156),
	(45,'200px-Flag_of_Jordan.svg.png','images',804,'/flags_small/','','','',0,12,1244825869693,12,1244825869693),
	(46,'200px-Flag_of_Armenia.svg.png','images',261,'/flags_small/','','','',0,12,1244825858615,12,1244825858615),
	(47,'200px-Flag_of_Australia.svg.png','images',1386,'/flags_small/','','','',0,12,1244825859185,12,1244825859185),
	(48,'200px-Flag_of_Azerbaijan.svg.png','images',587,'/flags_small/','','','',0,12,1244825859746,12,1244825859746),
	(49,'200px-Flag_of_Belarus.svg.png','images',605,'/flags_small/','','','',0,12,1244825860273,12,1244825860273),
	(50,'200px-Flag_of_Bosnia_and_Herzegovina.svg.png','images',940,'/flags_small/','','','',0,12,1244825861110,12,1244825861110),
	(51,'200px-Flag_of_Brunei.svg.png','images',1321,'/flags_small/','','','',0,12,1244825861690,12,1244825861690),
	(52,'200px-Flag_of_Canada.svg.png','images',497,'/flags_small/','','','',0,12,1244825862270,12,1244825862270),
	(53,'200px-Flag_of_Croatia.svg.png','images',847,'/flags_small/','','','',0,12,1244825862823,12,1244825862823),
	(54,'200px-Flag_of_Cuba.svg.png','images',939,'/flags_small/','','','',0,12,1244825863506,12,1244825863506),
	(55,'200px-Flag_of_Dominica.svg.png','images',884,'/flags_small/','','','',0,12,1244825864032,12,1244825864032),
	(56,'200px-Flag_of_East_Timor.svg.png','images',874,'/flags_small/','','','',0,12,1244825864562,12,1244825864562),
	(57,'200px-Flag_of_Ecuador.svg.png','images',869,'/flags_small/','','','',0,12,1244825865034,12,1244825865034),
	(58,'200px-Flag_of_Abkhazia.svg.png','images',746,'/flags_small/','','','',0,12,1244825858068,12,1244825858068),
	(59,'178px-Flag_of_El_Salvador.svg.png','images',472,'/flags_small/','','','',0,12,1244825854818,12,1244825854818),
	(60,'180px-Flag_of_Myanmar.svg.png','images',708,'/flags_small/','','','',0,12,1244825855455,12,1244825855455),
	(61,'190px-Flag_of_Federated_States_of_Micronesia.svg.png','images',547,'/flags_small/','','','',0,12,1244825856019,12,1244825856019),
	(62,'190px-Flag_of_Liberia.svg.png','images',610,'/flags_small/','','','',0,12,1244825856452,12,1244825856452),
	(63,'190px-Flag_of_the_Marshall_Islands.svg.png','images',1357,'/flags_small/','','','',0,12,1244825856920,12,1244825856920),
	(64,'190px-Flag_of_the_United_States.svg.png','images',972,'/flags_small/','','','',0,12,1244825857453,12,1244825857453),
	(65,'150px-Flag_of_Cote_d\\\'Ivoire.svg.png','images',199,'/flags_small/','','','',0,12,1244825810586,12,1244825810586),
	(66,'150px-Flag_of_Djibouti.svg.png','images',676,'/flags_small/','','','',0,12,1244825810793,12,1244825810793),
	(67,'150px-Flag_of_Egypt.svg.png','images',471,'/flags_small/','','','',0,12,1244825811007,12,1244825811007),
	(68,'150px-Flag_of_Equatorial_Guinea.svg.png','images',868,'/flags_small/','','','',0,12,1244825811228,12,1244825811228),
	(69,'150px-Flag_of_France.svg.png','images',199,'/flags_small/','','','',0,12,1244825811445,12,1244825811445),
	(70,'150px-Flag_of_Georgia.svg.png','images',667,'/flags_small/','','','',0,12,1244825811640,12,1244825811640),
	(71,'150px-Flag_of_Ghana.svg.png','images',567,'/flags_small/','','','',0,12,1244825811830,12,1244825811830),
	(72,'150px-Flag_of_Greece.svg.png','images',639,'/flags_small/','','','',0,12,1244825812019,12,1244825812019),
	(73,'150px-Flag_of_Guinea.svg.png','images',227,'/flags_small/','','','',0,12,1244825812203,12,1244825812203),
	(74,'150px-Flag_of_Hungary.svg.png','images',229,'/flags_small/','','','',0,12,1244825813801,12,1244825813801),
	(75,'150px-Flag_of_India.svg.png','images',504,'/flags_small/','','','',0,12,1244825814187,12,1244825814187),
	(76,'150px-Flag_of_Indonesia.svg.png','images',171,'/flags_small/','','','',0,12,1244825814599,12,1244825814599),
	(77,'150px-Flag_of_Iraq.svg.png','images',514,'/flags_small/','','','',0,12,1244825814954,12,1244825814954),
	(78,'150px-Flag_of_Italy.svg.png','images',199,'/flags_small/','','','',0,12,1244825815419,12,1244825815419),
	(79,'150px-Flag_of_Japan.svg.png','images',466,'/flags_small/','','','',0,12,1244825816252,12,1244825816252),
	(80,'150px-Flag_of_Kenya.svg.png','images',804,'/flags_small/','','','',0,12,1244825816833,12,1244825816833),
	(81,'150px-Flag_of_Kosovo.svg.png','images',953,'/flags_small/','','','',0,12,1244825817256,12,1244825817256),
	(82,'150px-Flag_of_Laos.svg.png','images',531,'/flags_small/','','','',0,12,1244825817593,12,1244825817593),
	(83,'150px-Flag_of_Lebanon.svg.png','images',546,'/flags_small/','','','',0,12,1244825817882,12,1244825817882),
	(84,'150px-Flag_of_Lesotho.svg.png','images',441,'/flags_small/','','','',0,12,1244825818283,12,1244825818283),
	(85,'150px-Flag_of_Madagascar.svg.png','images',284,'/flags_small/','','','',0,12,1244825818692,12,1244825818692),
	(86,'150px-Flag_of_Malawi.svg.png','images',554,'/flags_small/','','','',0,12,1244825818994,12,1244825818994),
	(87,'150px-Flag_of_Maldives.svg.png','images',562,'/flags_small/','','','',0,12,1244825819312,12,1244825819312),
	(88,'150px-Flag_of_Mali.svg.png','images',227,'/flags_small/','','','',0,12,1244825819617,12,1244825819617),
	(89,'150px-Flag_of_Malta.svg.png','images',312,'/flags_small/','','','',0,12,1244825819952,12,1244825819952),
	(90,'150px-Flag_of_Mauritania.svg.png','images',620,'/flags_small/','','','',0,12,1244825820241,12,1244825820241),
	(91,'150px-Flag_of_Mauritius.svg.png','images',292,'/flags_small/','','','',0,12,1244825820673,12,1244825820673),
	(92,'150px-Flag_of_Morocco.svg.png','images',570,'/flags_small/','','','',0,12,1244825821091,12,1244825821091),
	(93,'150px-Flag_of_Mozambique.svg.png','images',941,'/flags_small/','','','',0,12,1244825821392,12,1244825821392),
	(94,'150px-Flag_of_Namibia.svg.png','images',1338,'/flags_small/','','','',0,12,1244825821718,12,1244825821718),
	(95,'150px-Flag_of_Pakistan.svg.png','images',627,'/flags_small/','','','',0,12,1244825822092,12,1244825822092),
	(96,'150px-Flag_of_Panama.svg.png','images',436,'/flags_small/','','','',0,12,1244825822413,12,1244825822413),
	(97,'150px-Flag_of_Peru.svg.png','images',188,'/flags_small/','','','',0,12,1244825822707,12,1244825822707),
	(98,'150px-Flag_of_Portugal.svg.png','images',771,'/flags_small/','','','',0,12,1244825823185,12,1244825823185),
	(99,'150px-Flag_of_Romania.svg.png','images',227,'/flags_small/','','','',0,12,1244825823563,12,1244825823563),
	(100,'150px-Flag_of_Russia.svg.png','images',203,'/flags_small/','','','',0,12,1244825823896,12,1244825823896),
	(101,'150px-Flag_of_Rwanda.svg.png','images',534,'/flags_small/','','','',0,12,1244825824227,12,1244825824227),
	(102,'150px-Flag_of_Saint_Kitts_and_Nevis.svg.png','images',1114,'/flags_small/','','','',0,12,1244825824568,12,1244825824568),
	(103,'150px-Flag_of_Saint_Vincent_and_the_Grenadines.svg.png','images',605,'/flags_small/','','','',0,12,1244825824909,12,1244825824909),
	(104,'150px-Flag_of_Saudi_Arabia.svg.png','images',794,'/flags_small/','','','',0,12,1244825825365,12,1244825825365),
	(105,'150px-Flag_of_Senegal.svg.png','images',447,'/flags_small/','','','',0,12,1244825825823,12,1244825825823),
	(106,'150px-Flag_of_Serbia.svg.png','images',810,'/flags_small/','','','',0,12,1244825826147,12,1244825826147),
	(107,'150px-Flag_of_Sierra_Leone.svg.png','images',247,'/flags_small/','','','',0,12,1244825826543,12,1244825826543),
	(108,'150px-Flag_of_Singapore.svg.png','images',539,'/flags_small/','','','',0,12,1244825826899,12,1244825826899),
	(109,'150px-Flag_of_Slovakia.svg.png','images',754,'/flags_small/','','','',0,12,1244825827243,12,1244825827243),
	(110,'150px-Flag_of_Somalia.svg.png','images',391,'/flags_small/','','','',0,12,1244825827743,12,1244825827743),
	(111,'150px-Flag_of_South_Africa.svg.png','images',1185,'/flags_small/','','','',0,12,1244825828170,12,1244825828170),
	(112,'150px-Flag_of_South_Korea.svg.png','images',934,'/flags_small/','','','',0,12,1244825828498,12,1244825828498),
	(113,'150px-Flag_of_Spain.svg.png','images',611,'/flags_small/','','','',0,12,1244825828846,12,1244825828846),
	(114,'150px-Flag_of_Suriname.svg.png','images',589,'/flags_small/','','','',0,12,1244825829222,12,1244825829222),
	(115,'150px-Flag_of_Swaziland.svg.png','images',1125,'/flags_small/','','','',0,12,1244825829584,12,1244825829584),
	(116,'150px-Flag_of_Syria.svg.png','images',437,'/flags_small/','','','',0,12,1244825830705,12,1244825830705),
	(117,'150px-Flag_of_Tanzania.svg.png','images',979,'/flags_small/','','','',0,12,1244825831070,12,1244825831070),
	(118,'150px-Flag_of_Thailand.svg.png','images',255,'/flags_small/','','','',0,12,1244825831408,12,1244825831408),
	(119,'150px-Flag_of_the_Central_African_Republic.svg.png','images',926,'/flags_small/','','','',0,12,1244825831798,12,1244825831798),
	(120,'150px-Flag_of_the_Czech_Republic.svg.png','images',637,'/flags_small/','','','',0,12,1244825832195,12,1244825832195),
	(121,'150px-Flag_of_The_Gambia.svg.png','images',291,'/flags_small/','','','',0,12,1244825832703,12,1244825832703),
	(122,'150px-Flag_of_the_Netherlands.svg.png','images',229,'/flags_small/','','','',0,12,1244825833119,12,1244825833119),
	(123,'150px-Flag_of_the_People\\\'s_Republic_of_China.svg.png','images',512,'/flags_small/','','','',0,12,1244825833468,12,1244825833468),
	(124,'150px-Flag_of_the_Republic_of_China.svg.png','images',537,'/flags_small/','','','',0,12,1244825833874,12,1244825833874),
	(125,'150px-Flag_of_the_Republic_of_the_Congo.svg.png','images',784,'/flags_small/','','','',0,12,1244825834266,12,1244825834266),
	(126,'150px-Flag_of_Tunisia.svg.png','images',577,'/flags_small/','','','',0,12,1244825834695,12,1244825834695),
	(127,'150px-Flag_of_Turkey.svg.png','images',687,'/flags_small/','','','',0,12,1244825835218,12,1244825835218),
	(128,'150px-Flag_of_Turkmenistan.svg.png','images',986,'/flags_small/','','','',0,12,1244825835666,12,1244825835666),
	(129,'150px-Flag_of_Uganda.svg.png','images',559,'/flags_small/','','','',0,12,1244825836040,12,1244825836040),
	(130,'150px-Flag_of_Ukraine.svg.png','images',193,'/flags_small/','','','',0,12,1244825836415,12,1244825836415),
	(131,'150px-Flag_of_Uruguay.svg.png','images',641,'/flags_small/','','','',0,12,1244825836823,12,1244825836823),
	(132,'150px-Flag_of_Venezuela_(state).svg.png','images',857,'/flags_small/','','','',0,12,1244825837343,12,1244825837343),
	(133,'150px-Flag_of_Vietnam.svg.png','images',387,'/flags_small/','','','',0,12,1244825837792,12,1244825837792),
	(134,'150px-Flag_of_Yemen.svg.png','images',209,'/flags_small/','','','',0,12,1244825838191,12,1244825838191),
	(135,'150px-Flag_of_Zambia.svg.png','images',617,'/flags_small/','','','',0,12,1244825838566,12,1244825838566),
	(136,'156px-Flag_of_Argentina.svg.png','images',431,'/flags_small/','','','',0,12,1244825839016,12,1244825839016),
	(137,'157px-Flag_of_Estonia.svg.png','images',204,'/flags_small/','','','',0,12,1244825839399,12,1244825839399),
	(138,'160px-Flag_of_Guatemala.svg.png','images',431,'/flags_small/','','','',0,12,1244825839960,12,1244825839960),
	(139,'160px-Flag_of_Palau.svg.png','images',629,'/flags_small/','','','',0,12,1244825840419,12,1244825840419),
	(140,'160px-Flag_of_Poland.svg.png','images',173,'/flags_small/','','','',0,12,1244825840860,12,1244825840860),
	(141,'160px-Flag_of_Sweden.svg.png','images',410,'/flags_small/','','','',0,12,1244825841294,12,1244825841294),
	(142,'160px-Flag_of_the_Dominican_Republic.svg.png','images',552,'/flags_small/','','','',0,12,1244825841724,12,1244825841724),
	(143,'162px-Flag_of_Togo.svg.png','images',769,'/flags_small/','','','',0,12,1244825842291,12,1244825842291),
	(144,'164px-Flag_of_Finland.svg.png','images',415,'/flags_small/','','','',0,12,1244825842793,12,1244825842793),
	(145,'167px-Flag_of_Bahrain.svg.png','images',492,'/flags_small/','','','',0,12,1244825843187,12,1244825843187),
	(146,'167px-Flag_of_Bangladesh.svg.png','images',580,'/flags_small/','','','',0,12,1244825843643,12,1244825843643),
	(147,'167px-Flag_of_Bulgaria.svg.png','images',223,'/flags_small/','','','',0,12,1244825844078,12,1244825844078),
	(148,'167px-Flag_of_Burundi.svg.png','images',1368,'/flags_small/','','','',0,12,1244825844491,12,1244825844491),
	(149,'167px-Flag_of_Costa_Rica.svg.png','images',256,'/flags_small/','','','',0,12,1244825845080,12,1244825845080),
	(150,'167px-Flag_of_Cyprus.svg.png','images',527,'/flags_small/','','','',0,12,1244825845573,12,1244825845573),
	(151,'167px-Flag_of_Germany.svg.png','images',237,'/flags_small/','','','',0,12,1244825846024,12,1244825846024),
	(152,'167px-Flag_of_Grenada.svg.png','images',1403,'/flags_small/','','','',0,12,1244825846428,12,1244825846428),
	(153,'167px-Flag_of_Guyana.svg.png','images',1321,'/flags_small/','','','',0,12,1244825846915,12,1244825846915),
	(154,'167px-Flag_of_Haiti.svg.png','images',544,'/flags_small/','','','',0,12,1244825847484,12,1244825847484),
	(155,'167px-Flag_of_Kyrgyzstan.svg.png','images',728,'/flags_small/','','','',0,12,1244825848016,12,1244825848016),
	(156,'167px-Flag_of_Liechtenstein.svg.png','images',513,'/flags_small/','','','',0,12,1244825848491,12,1244825848491),
	(157,'167px-Flag_of_Lithuania.svg.png','images',253,'/flags_small/','','','',0,12,1244825848966,12,1244825848966),
	(158,'167px-Flag_of_Luxembourg.svg.png','images',248,'/flags_small/','','','',0,12,1244825849396,12,1244825849396),
	(159,'167px-Flag_of_Nicaragua.svg.png','images',492,'/flags_small/','','','',0,12,1244825849959,12,1244825849959),
	(160,'167px-Flag_of_Paraguay.svg.png','images',464,'/flags_small/','','','',0,12,1244825850477,12,1244825850477),
	(161,'167px-Flag_of_the_Comoros.svg.png','images',1087,'/flags_small/','','','',0,12,1244825851051,12,1244825851051),
	(162,'167px-Flag_of_Trinidad_and_Tobago.svg.png','images',872,'/flags_small/','','','',0,12,1244825852154,12,1244825852154),
	(163,'167px-Flag_of_Vanuatu.svg.png','images',994,'/flags_small/','','','',0,12,1244825852851,12,1244825852851),
	(164,'170px-Flag_of_Cape_Verde.svg.png','images',690,'/flags_small/','','','',0,12,1244825853396,12,1244825853396),
	(165,'175px-Flag_of_Iran.svg.png','images',816,'/flags_small/','','','',0,12,1244825853842,12,1244825853842),
	(166,'175px-Flag_of_Mexico.svg.png','images',518,'/flags_small/','','','',0,12,1244825854324,12,1244825854324),
	(167,'100px-Flag_of_Switzerland.svg.png','images',525,'/flags_small/','','','',0,12,1244825805037,12,1244825805037),
	(168,'100px-Flag_of_the_Vatican_City.svg.png','images',370,'/flags_small/','','','',0,12,1244825805193,12,1244825805193),
	(169,'115px-Flag_of_Belgium.svg.png','images',235,'/flags_small/','','','',0,12,1244825805413,12,1244825805413),
	(170,'117px-Flag_of_Niger.svg.png','images',441,'/flags_small/','','','',0,12,1244825805547,12,1244825805547),
	(171,'125px-Flag_of_Monaco.svg.png','images',170,'/flags_small/','','','',0,12,1244825805674,12,1244825805674),
	(172,'132px-Flag_of_Denmark.svg.png','images',412,'/flags_small/','','','',0,12,1244825805814,12,1244825805814),
	(173,'133px-Flag_of_Gabon.svg.png','images',264,'/flags_small/','','','',0,12,1244825805930,12,1244825805930),
	(174,'133px-Flag_of_Papua_New_Guinea.svg.png','images',960,'/flags_small/','','','',0,12,1244825806061,12,1244825806061),
	(175,'133px-Flag_of_San_Marino.svg.png','images',621,'/flags_small/','','','',0,12,1244825806175,12,1244825806175),
	(176,'133px-Flag_of_the_Democratic_Republic_of_the_Congo.svg.png','images',1155,'/flags_small/','','','',0,12,1244825806339,12,1244825806339),
	(177,'138px-Flag_of_Israel.svg.png','images',409,'/flags_small/','','','',0,12,1244825806468,12,1244825806468),
	(178,'138px-Flag_of_Norway.svg.png','images',604,'/flags_small/','','','',0,12,1244825806607,12,1244825806607),
	(179,'139px-Flag_of_Iceland.svg.png','images',588,'/flags_small/','','','',0,12,1244825806775,12,1244825806775),
	(180,'140px-Flag_of_Albania.svg.png','images',722,'/flags_small/','','','',0,12,1244825806911,12,1244825806911),
	(181,'143px-Flag_of_Andorra.svg.png','images',808,'/flags_small/','','','',0,12,1244825807087,12,1244825807087),
	(182,'143px-Flag_of_Brazil.svg.png','images',1102,'/flags_small/','','','',0,12,1244825807242,12,1244825807242),
	(183,'150px-Flag_of_Afghanistan.svg.png','images',640,'/flags_small/','','','',0,12,1244825807389,12,1244825807389),
	(184,'150px-Flag_of_Algeria.svg.png','images',594,'/flags_small/','','','',0,12,1244825807549,12,1244825807549),
	(185,'150px-Flag_of_Angola.svg.png','images',580,'/flags_small/','','','',0,12,1244825807701,12,1244825807701),
	(186,'150px-Flag_of_Antigua_and_Barbuda.svg.png','images',1148,'/flags_small/','','','',0,12,1244825807875,12,1244825807875),
	(187,'150px-Flag_of_Austria.svg.png','images',222,'/flags_small/','','','',0,12,1244825808056,12,1244825808056),
	(188,'150px-Flag_of_Barbados.svg.png','images',653,'/flags_small/','','','',0,12,1244825808234,12,1244825808234),
	(189,'150px-Flag_of_Belize.svg.png','images',1266,'/flags_small/','','','',0,12,1244825808434,12,1244825808434),
	(190,'150px-Flag_of_Benin.svg.png','images',322,'/flags_small/','','','',0,12,1244825808597,12,1244825808597),
	(191,'150px-Flag_of_Bhutan.svg.png','images',1255,'/flags_small/','','','',0,12,1244825808773,12,1244825808773),
	(192,'150px-Flag_of_Bolivia_(state).svg.png','images',516,'/flags_small/','','','',0,12,1244825808969,12,1244825808969),
	(193,'150px-Flag_of_Botswana.svg.png','images',233,'/flags_small/','','','',0,12,1244825809134,12,1244825809134),
	(194,'150px-Flag_of_Burkina_Faso.svg.png','images',434,'/flags_small/','','','',0,12,1244825809403,12,1244825809403),
	(195,'150px-Flag_of_Cambodia.svg.png','images',819,'/flags_small/','','','',0,12,1244825809593,12,1244825809593),
	(196,'150px-Flag_of_Cameroon.svg.png','images',427,'/flags_small/','','','',0,12,1244825809762,12,1244825809762),
	(197,'150px-Flag_of_Chad.svg.png','images',227,'/flags_small/','','','',0,12,1244825809973,12,1244825809973),
	(198,'150px-Flag_of_Chile.svg.png','images',460,'/flags_small/','','','',0,12,1244825810150,12,1244825810150),
	(199,'150px-Flag_of_Colombia.svg.png','images',244,'/flags_small/','','','',0,12,1244825810373,12,1244825810373),
	(307,'125px-Northern_Mariana_Islands.svg.png','images',1068,'/flags_small/','','','',0,0,1246469867831,0,1246469867831),
	(306,'125px-Niue.svg.png','images',754,'/flags_small/','','','',0,0,1246469867181,0,1246469867181),
	(305,'125px-Netherlands_Antilles.svg.png','images',307,'/flags_small/','','','',0,0,1246469866548,0,1246469866548),
	(304,'125px-Montserrat.svg.png','images',928,'/flags_small/','','','',0,0,1246469865931,0,1246469865931),
	(300,'125px-Guernsey.svg.png','images',329,'/flags_small/','','','',0,0,1246469863440,0,1246469863440),
	(301,'125px-Isle_of_Man.svg.png','images',391,'/flags_small/','','','',0,0,1246469864023,0,1246469864023),
	(302,'125px-Jersey.svg.png','images',852,'/flags_small/','','','',0,0,1246469864648,0,1246469864648),
	(303,'125px-Kazakhstan.svg.png','images',681,'/flags_small/','','','',0,0,1246469865281,0,1246469865281),
	(299,'125px-Guam.svg.png','images',399,'/flags_small/','','','',0,0,1246469862848,0,1246469862848),
	(298,'125px-Faroe_Islands.svg.png','images',229,'/flags_small/','','','',0,0,1246469862199,0,1246469862199),
	(288,'baileys.png','images',30856,'/logos/','','','',0,0,1246385365012,0,1246385365012),
	(289,'IMG_0645.JPG','images',2359268,'/logos/','','','',0,0,1246385400190,0,1246385400190),
	(290,'shroom1.jpeg','images',31381,'/','','','',0,0,1246386532537,0,1246386532537),
	(291,'shroom2.jpeg','images',39934,'/','','','',0,0,1246386534187,0,1246386534187),
	(292,'shroom3.jpeg','images',22763,'/','','','',0,0,1246386535635,0,1246386535635),
	(293,'shroom4.jpeg','images',25588,'/','','','',0,0,1246386537129,0,1246386537129),
	(294,'iran_pattern.png','images',61598,'/logos/','','','',0,0,1246390830714,0,1246390830714),
	(295,'125px-Anguilla.svg.png','images',923,'/flags_small/','','','',0,0,1246469860153,0,1246469860153),
	(296,'125px-Cayman_Islands.svg.png','images',1018,'/flags_small/','','','',0,0,1246469860857,0,1246469860857),
	(297,'125px-Falkland.png','images',1073,'/flags_small/','','','',0,0,1246469861490,0,1246469861490),
	(254,'baileys.png','images',30775,'/','','','',0,0,1245704577434,0,1245704577434),
	(255,'pepsi.png','images',6684,'/','','','',0,0,1245704577966,0,1245704577966),
	(256,'300px-Pepsi_logo_2008.svg.png','images',12790,'/','','','',0,0,1245705571766,0,1245705571766),
	(257,'hsbc.png','images',2912,'/','','','',0,0,1245783928663,0,1245783928663),
	(287,'2.jpg','images',209260,'/logos/','','','',0,0,1246375740591,0,1246375740591),
	(282,'01_macro.jpg','images',163415,'/logos/','','','',0,0,1246340591105,0,1246340591105),
	(283,'villanurbs18.jpg','images',78384,'/logos/','','','',0,0,1246340786605,0,1246340786605),
	(284,'11_TWIN copy.jpg','images',152963,'/logos/','','','',0,0,1246340909310,0,1246340909310),
	(285,'_Undergraduate_DSC2216.jpg','images',169421,'/logos/','','','',0,0,1246340927810,0,1246340927810),
	(286,'flexBrand.png','images',4906,'/logos/','','','',0,0,1246341604080,0,1246341604080),
	(308,'125px-Saint-Pierre_and_Miquelon.svg.png','images',1407,'/flags_small/','','','',0,0,1246469868572,0,1246469868572),
	(309,'125px-Samoa.svg.png','images',298,'/flags_small/','','','',0,0,1246469869164,0,1246469869164),
	(310,'125px-Turks_and_Caicos_Islands.svg.png','images',869,'/flags_small/','','','',0,0,1246469869814,0,1246469869814),
	(311,'800px-Bermuda.svg.png','images',851,'/flags_small/','','','',0,0,1246469870539,0,1246469870539),
	(312,'maldives.png','images',196,'/flags_small/','','','',0,0,1246469871097,0,1246469871097),
	(313,'epcot128.png','images',7965,'/logos/','','','',0,0,1246965887765,0,1246965887765),
	(314,'MTYL 30.mpg','files',40036356,'/','','','',0,0,1247215844571,0,1247215844571),
	(315,'Lux_logo_big_tcm72-30843.jpg','images',2235,'/','','','',0,0,1248088129187,0,1248088129187),
	(316,'0611avery_08.jpg','images',64605,'/','','','',0,0,1256396276145,0,1256396276145),
	(317,'0611avery_09.jpg','images',46456,'/','','','',0,0,1256396277377,0,1256396277377),
	(318,'Marketing Services Sector Forecasts 2010 revised.xlsx','files',239786,'/','','','',0,0,1273847780930,0,1273847780930),
	(319,'Brand_budding.png','images',247875,'/logos/','','','',0,0,1285583974639,0,1285583974639),
	(320,'Brand_budding.png','images',247875,'/logos/','','','',0,0,1285583978170,0,1285583978170);

/*!40000 ALTER TABLE `media` ENABLE KEYS */;
UNLOCK TABLES;


# Dump of table Mountain Dew_data
# ------------------------------------------------------------

DROP TABLE IF EXISTS `Mountain Dew_data`;

CREATE TABLE `Mountain Dew_data` (
  `id` int(11) NOT NULL auto_increment,
  `countryid` int(11) NOT NULL,
  `y2000` int(11) NOT NULL,
  `y2001` int(11) NOT NULL,
  `y2002` int(11) NOT NULL,
  `y2003` int(11) NOT NULL,
  `y2004` int(11) NOT NULL,
  `y2005` int(11) NOT NULL,
  `y2006` int(11) NOT NULL,
  `y2007` int(11) NOT NULL,
  `y2008` int(11) NOT NULL,
  PRIMARY KEY  (`id`)
) ENGINE=MyISAM AUTO_INCREMENT=3 DEFAULT CHARSET=latin1;

LOCK TABLES `Mountain Dew_data` WRITE;
/*!40000 ALTER TABLE `Mountain Dew_data` DISABLE KEYS */;
INSERT INTO `Mountain Dew_data` (`id`,`countryid`,`y2000`,`y2001`,`y2002`,`y2003`,`y2004`,`y2005`,`y2006`,`y2007`,`y2008`)
VALUES
	(1,30,0,0,0,0,0,0,0,0,0),
	(2,211,0,0,0,0,0,0,0,0,0);

/*!40000 ALTER TABLE `Mountain Dew_data` ENABLE KEYS */;
UNLOCK TABLES;


# Dump of table Mountain Dew_frequency
# ------------------------------------------------------------

DROP TABLE IF EXISTS `Mountain Dew_frequency`;

CREATE TABLE `Mountain Dew_frequency` (
  `id` int(11) NOT NULL auto_increment,
  `countryid` int(11) NOT NULL,
  `value` varchar(255) NOT NULL,
  PRIMARY KEY  (`id`)
) ENGINE=MyISAM AUTO_INCREMENT=3 DEFAULT CHARSET=latin1;

LOCK TABLES `Mountain Dew_frequency` WRITE;
/*!40000 ALTER TABLE `Mountain Dew_frequency` DISABLE KEYS */;
INSERT INTO `Mountain Dew_frequency` (`id`,`countryid`,`value`)
VALUES
	(1,30,''),
	(2,211,'');

/*!40000 ALTER TABLE `Mountain Dew_frequency` ENABLE KEYS */;
UNLOCK TABLES;


# Dump of table Mountain Dew_penetration
# ------------------------------------------------------------

DROP TABLE IF EXISTS `Mountain Dew_penetration`;

CREATE TABLE `Mountain Dew_penetration` (
  `id` int(11) NOT NULL auto_increment,
  `countryid` int(11) NOT NULL,
  `value` varchar(255) NOT NULL,
  PRIMARY KEY  (`id`)
) ENGINE=MyISAM AUTO_INCREMENT=3 DEFAULT CHARSET=latin1;

LOCK TABLES `Mountain Dew_penetration` WRITE;
/*!40000 ALTER TABLE `Mountain Dew_penetration` DISABLE KEYS */;
INSERT INTO `Mountain Dew_penetration` (`id`,`countryid`,`value`)
VALUES
	(1,30,''),
	(2,211,'');

/*!40000 ALTER TABLE `Mountain Dew_penetration` ENABLE KEYS */;
UNLOCK TABLES;


# Dump of table Mountain Dew_revenue
# ------------------------------------------------------------

DROP TABLE IF EXISTS `Mountain Dew_revenue`;

CREATE TABLE `Mountain Dew_revenue` (
  `id` int(11) NOT NULL auto_increment,
  `countryid` int(11) NOT NULL,
  `y2000` int(11) NOT NULL,
  `y2001` int(11) NOT NULL,
  `y2002` int(11) NOT NULL,
  `y2003` int(11) NOT NULL,
  `y2004` int(11) NOT NULL,
  `y2005` int(11) NOT NULL,
  `y2006` int(11) NOT NULL,
  `y2007` int(11) NOT NULL,
  `y2008` int(11) NOT NULL,
  `y2009` int(11) NOT NULL,
  `y2010` int(11) NOT NULL,
  PRIMARY KEY  (`id`)
) ENGINE=MyISAM AUTO_INCREMENT=191 DEFAULT CHARSET=latin1;

LOCK TABLES `Mountain Dew_revenue` WRITE;
/*!40000 ALTER TABLE `Mountain Dew_revenue` DISABLE KEYS */;
INSERT INTO `Mountain Dew_revenue` (`id`,`countryid`,`y2000`,`y2001`,`y2002`,`y2003`,`y2004`,`y2005`,`y2006`,`y2007`,`y2008`,`y2009`,`y2010`)
VALUES
	(189,30,0,0,0,0,0,0,0,0,0,0,0),
	(190,211,0,0,0,0,0,0,0,0,0,0,0);

/*!40000 ALTER TABLE `Mountain Dew_revenue` ENABLE KEYS */;
UNLOCK TABLES;


# Dump of table Mountain Dew_volume
# ------------------------------------------------------------

DROP TABLE IF EXISTS `Mountain Dew_volume`;

CREATE TABLE `Mountain Dew_volume` (
  `id` int(11) NOT NULL auto_increment,
  `countryid` int(11) NOT NULL,
  `y2000` int(11) NOT NULL,
  `y2001` int(11) NOT NULL,
  `y2002` int(11) NOT NULL,
  `y2003` int(11) NOT NULL,
  `y2004` int(11) NOT NULL,
  `y2005` int(11) NOT NULL,
  `y2006` int(11) NOT NULL,
  `y2007` int(11) NOT NULL,
  `y2008` int(11) NOT NULL,
  PRIMARY KEY  (`id`)
) ENGINE=MyISAM AUTO_INCREMENT=3 DEFAULT CHARSET=latin1;

LOCK TABLES `Mountain Dew_volume` WRITE;
/*!40000 ALTER TABLE `Mountain Dew_volume` DISABLE KEYS */;
INSERT INTO `Mountain Dew_volume` (`id`,`countryid`,`y2000`,`y2001`,`y2002`,`y2003`,`y2004`,`y2005`,`y2006`,`y2007`,`y2008`)
VALUES
	(1,30,0,0,0,0,0,0,0,0,0),
	(2,211,0,0,0,0,0,0,0,0,0);

/*!40000 ALTER TABLE `Mountain Dew_volume` ENABLE KEYS */;
UNLOCK TABLES;


# Dump of table New B_Scale
# ------------------------------------------------------------

DROP TABLE IF EXISTS `New B_Scale`;

CREATE TABLE `New B_Scale` (
  `id` int(11) NOT NULL auto_increment,
  `countryid` int(11) NOT NULL,
  `y2004` int(11) NOT NULL,
  `y2005` int(11) NOT NULL,
  `y2006` int(11) NOT NULL,
  `y2007` int(11) NOT NULL,
  `y2008` int(11) NOT NULL,
  `y2009` int(11) NOT NULL,
  PRIMARY KEY  (`id`)
) ENGINE=MyISAM AUTO_INCREMENT=58 DEFAULT CHARSET=latin1;

LOCK TABLES `New B_Scale` WRITE;
/*!40000 ALTER TABLE `New B_Scale` DISABLE KEYS */;
INSERT INTO `New B_Scale` (`id`,`countryid`,`y2004`,`y2005`,`y2006`,`y2007`,`y2008`,`y2009`)
VALUES
	(1,17,0,0,0,0,0,0),
	(2,33,0,0,0,0,0,0),
	(3,34,0,0,0,0,0,0),
	(4,35,0,0,0,0,0,0),
	(5,36,0,0,0,0,0,0),
	(6,37,0,0,0,0,0,0),
	(7,38,0,0,0,0,0,0),
	(8,39,0,0,0,0,0,0),
	(9,40,0,0,0,0,0,0),
	(10,41,0,0,0,0,0,0),
	(11,42,0,0,0,0,0,0),
	(12,43,0,0,0,0,0,0),
	(13,44,0,0,0,0,0,0),
	(14,45,0,0,0,0,0,0),
	(15,46,0,0,0,0,0,0),
	(16,47,0,0,0,0,0,0),
	(17,48,0,0,0,0,0,0),
	(18,49,0,0,0,0,0,0),
	(19,50,0,0,0,0,0,0),
	(20,52,0,0,0,0,0,0),
	(21,53,0,0,0,0,0,0),
	(22,54,0,0,0,0,0,0),
	(23,55,0,0,0,0,0,0),
	(24,56,0,0,0,0,0,0),
	(25,57,0,0,0,0,0,0),
	(26,58,0,0,0,0,0,0),
	(27,59,0,0,0,0,0,0),
	(28,60,0,0,0,0,0,0),
	(29,61,0,0,0,0,0,0),
	(30,62,0,0,0,0,0,0),
	(31,63,0,0,0,0,0,0),
	(32,64,0,0,0,0,0,0),
	(33,65,0,0,0,0,0,0),
	(34,66,0,0,0,0,0,0),
	(35,125,0,0,0,0,0,0),
	(36,126,0,0,0,0,0,0),
	(37,157,0,0,0,0,0,0),
	(38,158,0,0,0,0,0,0),
	(39,159,0,0,0,0,0,0),
	(40,162,0,0,0,0,0,0),
	(41,164,0,0,0,0,0,0),
	(42,185,0,0,0,0,0,0),
	(43,186,0,0,0,0,0,0),
	(44,187,0,0,0,0,0,0),
	(45,188,0,0,0,0,0,0),
	(46,189,0,0,0,0,0,0),
	(47,193,0,0,0,0,0,0),
	(48,195,0,0,0,0,0,0),
	(49,196,0,0,0,0,0,0),
	(50,197,0,0,0,0,0,0),
	(51,199,0,0,0,0,0,0),
	(52,200,0,0,0,0,0,0),
	(53,210,0,0,0,0,0,0),
	(54,213,0,0,0,0,0,0),
	(55,214,0,0,0,0,0,0),
	(56,215,0,0,0,0,0,0),
	(57,217,0,0,0,0,0,0);

/*!40000 ALTER TABLE `New B_Scale` ENABLE KEYS */;
UNLOCK TABLES;


# Dump of table New Brand_J&J_Baby_Data
# ------------------------------------------------------------

DROP TABLE IF EXISTS `New Brand_J&J_Baby_Data`;

CREATE TABLE `New Brand_J&J_Baby_Data` (
  `id` int(11) NOT NULL auto_increment,
  `countryid` int(11) NOT NULL,
  `y1970` int(11) NOT NULL,
  `y1971` int(11) NOT NULL,
  `y1972` int(11) NOT NULL,
  `y1973` int(11) NOT NULL,
  `y1974` int(11) NOT NULL,
  `y1975` int(11) NOT NULL,
  `y1976` int(11) NOT NULL,
  `y1977` int(11) NOT NULL,
  `y1978` int(11) NOT NULL,
  `y1979` int(11) NOT NULL,
  `y1980` int(11) NOT NULL,
  `y1981` int(11) NOT NULL,
  `y1982` int(11) NOT NULL,
  `y1983` int(11) NOT NULL,
  `y1984` int(11) NOT NULL,
  `y1985` int(11) NOT NULL,
  `y1986` int(11) NOT NULL,
  `y1987` int(11) NOT NULL,
  `y1988` int(11) NOT NULL,
  `y1989` int(11) NOT NULL,
  `y1990` int(11) NOT NULL,
  `y1991` int(11) NOT NULL,
  `y1992` int(11) NOT NULL,
  `y1993` int(11) NOT NULL,
  `y1994` int(11) NOT NULL,
  `y1995` int(11) NOT NULL,
  `y1996` int(11) NOT NULL,
  `y1997` int(11) NOT NULL,
  `y1998` int(11) NOT NULL,
  `y1999` int(11) NOT NULL,
  `y2000` int(11) NOT NULL,
  `y2001` int(11) NOT NULL,
  `y2002` int(11) NOT NULL,
  `y2003` int(11) NOT NULL,
  `y2004` int(11) NOT NULL,
  `y2005` int(11) NOT NULL,
  `y2006` int(11) NOT NULL,
  `y2007` int(11) NOT NULL,
  `y2008` int(11) NOT NULL,
  `y2009` int(11) NOT NULL,
  `y2010` int(11) NOT NULL,
  `y2011` int(11) NOT NULL,
  `y2012` int(11) NOT NULL,
  `y2013` int(11) NOT NULL,
  `y2014` int(11) NOT NULL,
  `y2015` int(11) NOT NULL,
  `y2016` int(11) NOT NULL,
  `y2017` int(11) NOT NULL,
  `y2018` int(11) NOT NULL,
  `y2019` int(11) NOT NULL,
  `y2020` int(11) NOT NULL,
  `y2021` int(11) NOT NULL,
  `y2022` int(11) NOT NULL,
  `y2023` int(11) NOT NULL,
  `y2024` int(11) NOT NULL,
  `y2025` int(11) NOT NULL,
  `y2026` int(11) NOT NULL,
  `y2027` int(11) NOT NULL,
  `y2028` int(11) NOT NULL,
  `y2029` int(11) NOT NULL,
  `y2030` int(11) NOT NULL,
  PRIMARY KEY  (`id`)
) ENGINE=MyISAM AUTO_INCREMENT=58 DEFAULT CHARSET=latin1;

LOCK TABLES `New Brand_J&J_Baby_Data` WRITE;
/*!40000 ALTER TABLE `New Brand_J&J_Baby_Data` DISABLE KEYS */;
INSERT INTO `New Brand_J&J_Baby_Data` (`id`,`countryid`,`y1970`,`y1971`,`y1972`,`y1973`,`y1974`,`y1975`,`y1976`,`y1977`,`y1978`,`y1979`,`y1980`,`y1981`,`y1982`,`y1983`,`y1984`,`y1985`,`y1986`,`y1987`,`y1988`,`y1989`,`y1990`,`y1991`,`y1992`,`y1993`,`y1994`,`y1995`,`y1996`,`y1997`,`y1998`,`y1999`,`y2000`,`y2001`,`y2002`,`y2003`,`y2004`,`y2005`,`y2006`,`y2007`,`y2008`,`y2009`,`y2010`,`y2011`,`y2012`,`y2013`,`y2014`,`y2015`,`y2016`,`y2017`,`y2018`,`y2019`,`y2020`,`y2021`,`y2022`,`y2023`,`y2024`,`y2025`,`y2026`,`y2027`,`y2028`,`y2029`,`y2030`)
VALUES
	(1,158,0,0,0,0,0,0,0,0,0,0,0,0,0,0,0,0,0,0,0,0,0,0,0,0,0,0,0,0,0,0,0,0,0,0,0,0,0,0,0,0,0,0,0,0,0,0,0,0,0,0,0,0,0,0,0,0,0,0,0,0,0),
	(2,57,0,0,0,0,0,0,0,0,0,0,0,0,0,0,0,0,0,0,0,0,0,0,0,0,0,0,0,0,0,0,0,0,0,0,0,0,0,0,0,0,0,0,0,0,0,0,0,0,0,0,0,0,0,0,0,0,0,0,0,0,0),
	(3,54,0,0,0,0,0,0,0,0,0,0,0,0,0,0,0,0,0,0,0,0,0,0,0,0,0,0,0,0,0,0,0,0,0,0,0,0,0,0,0,0,0,0,0,0,0,0,0,0,0,0,0,0,0,0,0,0,0,0,0,0,0),
	(4,36,0,0,0,0,0,0,0,0,0,0,0,0,0,0,0,0,0,0,0,0,0,0,0,0,0,0,0,0,0,0,0,0,0,0,0,0,0,0,0,0,0,0,0,0,0,0,0,0,0,0,0,0,0,0,0,0,0,0,0,0,0),
	(5,125,0,0,0,0,0,0,0,0,0,0,0,0,0,0,0,0,0,0,0,0,0,0,0,0,0,0,0,0,0,0,0,0,0,0,0,0,0,0,0,0,0,0,0,0,0,0,0,0,0,0,0,0,0,0,0,0,0,0,0,0,0),
	(6,65,0,0,0,0,0,0,0,0,0,0,0,0,0,0,0,0,0,0,0,0,0,0,0,0,0,0,0,0,0,0,0,0,0,0,0,0,0,0,0,0,0,0,0,0,0,0,0,0,0,0,0,0,0,0,0,0,0,0,0,0,0),
	(7,52,0,0,0,0,0,0,0,0,0,0,0,0,0,0,0,0,0,0,0,0,0,0,0,0,0,0,0,0,0,0,0,0,0,0,0,0,0,0,0,0,0,0,0,0,0,0,0,0,0,0,0,0,0,0,0,0,0,0,0,0,0),
	(8,210,0,0,0,0,0,0,0,0,0,0,0,0,0,0,0,0,0,0,0,0,0,0,0,0,0,0,0,0,0,0,0,0,0,0,0,0,0,0,0,0,0,0,0,0,0,0,0,0,0,0,0,0,0,0,0,0,0,0,0,0,0),
	(9,41,0,0,0,0,0,0,0,0,0,0,0,0,0,0,0,0,0,0,0,0,0,0,0,0,0,0,0,0,0,0,0,0,0,0,0,0,0,0,0,0,0,0,0,0,0,0,0,0,0,0,0,0,0,0,0,0,0,0,0,0,0),
	(10,50,0,0,0,0,0,0,0,0,0,0,0,0,0,0,0,0,0,0,0,0,0,0,0,0,0,0,0,0,0,0,0,0,0,0,0,0,0,0,0,0,0,0,0,0,0,0,0,0,0,0,0,0,0,0,0,0,0,0,0,0,0),
	(11,34,0,0,0,0,0,0,0,0,0,0,0,0,0,0,0,0,0,0,0,0,0,0,0,0,0,0,0,0,0,0,0,0,0,0,0,0,0,0,0,0,0,0,0,0,0,0,0,0,0,0,0,0,0,0,0,0,0,0,0,0,0),
	(12,162,0,0,0,0,0,0,0,0,0,0,0,0,0,0,0,0,0,0,0,0,0,0,0,0,0,0,0,0,0,0,0,0,0,0,0,0,0,0,0,0,0,0,0,0,0,0,0,0,0,0,0,0,0,0,0,0,0,0,0,0,0),
	(13,17,0,0,0,0,0,0,0,0,0,0,0,0,0,0,0,0,0,0,0,0,0,0,0,0,0,0,0,0,0,0,0,0,0,0,0,0,0,0,0,0,0,0,0,0,0,0,0,0,0,0,0,0,0,0,0,0,0,0,0,0,0),
	(14,37,0,0,0,0,0,0,0,0,0,0,0,0,0,0,0,0,0,0,0,0,0,0,0,0,0,0,0,0,0,0,0,0,0,0,0,0,0,0,0,0,0,0,0,0,0,0,0,0,0,0,0,0,0,0,0,0,0,0,0,0,0),
	(15,159,0,0,0,0,0,0,0,0,0,0,0,0,0,0,0,0,0,0,0,0,0,0,0,0,0,0,0,0,0,0,0,0,0,0,0,0,0,0,0,0,0,0,0,0,0,0,0,0,0,0,0,0,0,0,0,0,0,0,0,0,0),
	(16,47,0,0,0,0,0,0,0,0,0,0,0,0,0,0,0,0,0,0,0,0,0,0,0,0,0,0,0,0,0,0,0,0,0,0,0,0,0,0,0,0,0,0,0,0,0,0,0,0,0,0,0,0,0,0,0,0,0,0,0,0,0),
	(17,33,0,0,0,0,0,0,0,0,0,0,0,0,0,0,0,0,0,0,0,0,0,0,0,0,0,0,0,0,0,0,0,0,0,0,0,0,0,0,0,0,0,0,0,0,0,0,0,0,0,0,0,0,0,0,0,0,0,0,0,0,0),
	(18,193,0,0,0,0,0,0,0,0,0,0,0,0,0,0,0,0,0,0,0,0,0,0,0,0,0,0,0,0,0,0,0,0,0,0,0,0,0,0,0,0,0,0,0,0,0,0,0,0,0,0,0,0,0,0,0,0,0,0,0,0,0),
	(19,44,0,0,0,0,0,0,0,0,0,0,0,0,0,0,0,0,0,0,0,0,0,0,0,0,0,0,0,0,0,0,0,0,0,0,0,0,0,0,0,0,0,0,0,0,0,0,0,0,0,0,0,0,0,0,0,0,0,0,0,0,0),
	(20,187,0,0,0,0,0,0,0,0,0,0,0,0,0,0,0,0,0,0,0,0,0,0,0,0,0,0,0,0,0,0,0,0,0,0,0,0,0,0,0,0,0,0,0,0,0,0,0,0,0,0,0,0,0,0,0,0,0,0,0,0,0),
	(21,200,0,0,0,0,0,0,0,0,0,0,0,0,0,0,0,0,0,0,0,0,0,0,0,0,0,0,0,0,0,0,0,0,0,0,0,0,0,0,0,0,0,0,0,0,0,0,0,0,0,0,0,0,0,0,0,0,0,0,0,0,0),
	(22,35,0,0,0,0,0,0,0,0,0,0,0,0,0,0,0,0,0,0,0,0,0,0,0,0,0,0,0,0,0,0,0,0,0,0,0,0,0,0,0,0,0,0,0,0,0,0,0,0,0,0,0,0,0,0,0,0,0,0,0,0,0),
	(23,215,0,0,0,0,0,0,0,0,0,0,0,0,0,0,0,0,0,0,0,0,0,0,0,0,0,0,0,0,0,0,0,0,0,0,0,0,0,0,0,0,0,0,0,0,0,0,0,0,0,0,0,0,0,0,0,0,0,0,0,0,0),
	(24,64,0,0,0,0,0,0,0,0,0,0,0,0,0,0,0,0,0,0,0,0,0,0,0,0,0,0,0,0,0,0,0,0,0,0,0,0,0,0,0,0,0,0,0,0,0,0,0,0,0,0,0,0,0,0,0,0,0,0,0,0,0),
	(25,188,0,0,0,0,0,0,0,0,0,0,0,0,0,0,0,0,0,0,0,0,0,0,0,0,0,0,0,0,0,0,0,0,0,0,0,0,0,0,0,0,0,0,0,0,0,0,0,0,0,0,0,0,0,0,0,0,0,0,0,0,0),
	(26,164,0,0,0,0,0,0,0,0,0,0,0,0,0,0,0,0,0,0,0,0,0,0,0,0,0,0,0,0,0,0,0,0,0,0,0,0,0,0,0,0,0,0,0,0,0,0,0,0,0,0,0,0,0,0,0,0,0,0,0,0,0),
	(27,56,0,0,0,0,0,0,0,0,0,0,0,0,0,0,0,0,0,0,0,0,0,0,0,0,0,0,0,0,0,0,0,0,0,0,0,0,0,0,0,0,0,0,0,0,0,0,0,0,0,0,0,0,0,0,0,0,0,0,0,0,0),
	(28,58,0,0,0,0,0,0,0,0,0,0,0,0,0,0,0,0,0,0,0,0,0,0,0,0,0,0,0,0,0,0,0,0,0,0,0,0,0,0,0,0,0,0,0,0,0,0,0,0,0,0,0,0,0,0,0,0,0,0,0,0,0),
	(29,214,0,0,0,0,0,0,0,0,0,0,0,0,0,0,0,0,0,0,0,0,0,0,0,0,0,0,0,0,0,0,0,0,0,0,0,0,0,0,0,0,0,0,0,0,0,0,0,0,0,0,0,0,0,0,0,0,0,0,0,0,0),
	(30,195,0,0,0,0,0,0,0,0,0,0,0,0,0,0,0,0,0,0,0,0,0,0,0,0,0,0,0,0,0,0,0,0,0,0,0,0,0,0,0,0,0,0,0,0,0,0,0,0,0,0,0,0,0,0,0,0,0,0,0,0,0),
	(31,46,0,0,0,0,0,0,0,0,0,0,0,0,0,0,0,0,0,0,0,0,0,0,0,0,0,0,0,0,0,0,0,0,0,0,0,0,0,0,0,0,0,0,0,0,0,0,0,0,0,0,0,0,0,0,0,0,0,0,0,0,0),
	(32,213,0,0,0,0,0,0,0,0,0,0,0,0,0,0,0,0,0,0,0,0,0,0,0,0,0,0,0,0,0,0,0,0,0,0,0,0,0,0,0,0,0,0,0,0,0,0,0,0,0,0,0,0,0,0,0,0,0,0,0,0,0),
	(33,53,0,0,0,0,0,0,0,0,0,0,0,0,0,0,0,0,0,0,0,0,0,0,0,0,0,0,0,0,0,0,0,0,0,0,0,0,0,0,0,0,0,0,0,0,0,0,0,0,0,0,0,0,0,0,0,0,0,0,0,0,0),
	(34,59,0,0,0,0,0,0,0,0,0,0,0,0,0,0,0,0,0,0,0,0,0,0,0,0,0,0,0,0,0,0,0,0,0,0,0,0,0,0,0,0,0,0,0,0,0,0,0,0,0,0,0,0,0,0,0,0,0,0,0,0,0),
	(35,199,0,0,0,0,0,0,0,0,0,0,0,0,0,0,0,0,0,0,0,0,0,0,0,0,0,0,0,0,0,0,0,0,0,0,0,0,0,0,0,0,0,0,0,0,0,0,0,0,0,0,0,0,0,0,0,0,0,0,0,0,0),
	(36,186,0,0,0,0,0,0,0,0,0,0,0,0,0,0,0,0,0,0,0,0,0,0,0,0,0,0,0,0,0,0,0,0,0,0,0,0,0,0,0,0,0,0,0,0,0,0,0,0,0,0,0,0,0,0,0,0,0,0,0,0,0),
	(37,217,0,0,0,0,0,0,0,0,0,0,0,0,0,0,0,0,0,0,0,0,0,0,0,0,0,0,0,0,0,0,0,0,0,0,0,0,0,0,0,0,0,0,0,0,0,0,0,0,0,0,0,0,0,0,0,0,0,0,0,0,0),
	(38,197,0,0,0,0,0,0,0,0,0,0,0,0,0,0,0,0,0,0,0,0,0,0,0,0,0,0,0,0,0,0,0,0,0,0,0,0,0,0,0,0,0,0,0,0,0,0,0,0,0,0,0,0,0,0,0,0,0,0,0,0,0),
	(39,196,0,0,0,0,0,0,0,0,0,0,0,0,0,0,0,0,0,0,0,0,0,0,0,0,0,0,0,0,0,0,0,0,0,0,0,0,0,0,0,0,0,0,0,0,0,0,0,0,0,0,0,0,0,0,0,0,0,0,0,0,0),
	(40,157,0,0,0,0,0,0,0,0,0,0,0,0,0,0,0,0,0,0,0,0,0,0,0,0,0,0,0,0,0,0,0,0,0,0,0,0,0,0,0,0,0,0,0,0,0,0,0,0,0,0,0,0,0,0,0,0,0,0,0,0,0),
	(41,38,0,0,0,0,0,0,0,0,0,0,0,0,0,0,0,0,0,0,0,0,0,0,0,0,0,0,0,0,0,0,0,0,0,0,0,0,0,0,0,0,0,0,0,0,0,0,0,0,0,0,0,0,0,0,0,0,0,0,0,0,0),
	(42,61,0,0,0,0,0,0,0,0,0,0,0,0,0,0,0,0,0,0,0,0,0,0,0,0,0,0,0,0,0,0,0,0,0,0,0,0,0,0,0,0,0,0,0,0,0,0,0,0,0,0,0,0,0,0,0,0,0,0,0,0,0),
	(43,40,0,0,0,0,0,0,0,0,0,0,0,0,0,0,0,0,0,0,0,0,0,0,0,0,0,0,0,0,0,0,0,0,0,0,0,0,0,0,0,0,0,0,0,0,0,0,0,0,0,0,0,0,0,0,0,0,0,0,0,0,0),
	(44,126,0,0,0,0,0,0,0,0,0,0,0,0,0,0,0,0,0,0,0,0,0,0,0,0,0,0,0,0,0,0,0,0,0,0,0,0,0,0,0,0,0,0,0,0,0,0,0,0,0,0,0,0,0,0,0,0,0,0,0,0,0),
	(45,189,0,0,0,0,0,0,0,0,0,0,0,0,0,0,0,0,0,0,0,0,0,0,0,0,0,0,0,0,0,0,0,0,0,0,0,0,0,0,0,0,0,0,0,0,0,0,0,0,0,0,0,0,0,0,0,0,0,0,0,0,0),
	(46,55,0,0,0,0,0,0,0,0,0,0,0,0,0,0,0,0,0,0,0,0,0,0,0,0,0,0,0,0,0,0,0,0,0,0,0,0,0,0,0,0,0,0,0,0,0,0,0,0,0,0,0,0,0,0,0,0,0,0,0,0,0),
	(47,43,0,0,0,0,0,0,0,0,0,0,0,0,0,0,0,0,0,0,0,0,0,0,0,0,0,0,0,0,0,0,0,0,0,0,0,0,0,0,0,0,0,0,0,0,0,0,0,0,0,0,0,0,0,0,0,0,0,0,0,0,0),
	(48,42,0,0,0,0,0,0,0,0,0,0,0,0,0,0,0,0,0,0,0,0,0,0,0,0,0,0,0,0,0,0,0,0,0,0,0,0,0,0,0,0,0,0,0,0,0,0,0,0,0,0,0,0,0,0,0,0,0,0,0,0,0),
	(49,39,0,0,0,0,0,0,0,0,0,0,0,0,0,0,0,0,0,0,0,0,0,0,0,0,0,0,0,0,0,0,0,0,0,0,0,0,0,0,0,0,0,0,0,0,0,0,0,0,0,0,0,0,0,0,0,0,0,0,0,0,0),
	(50,45,0,0,0,0,0,0,0,0,0,0,0,0,0,0,0,0,0,0,0,0,0,0,0,0,0,0,0,0,0,0,0,0,0,0,0,0,0,0,0,0,0,0,0,0,0,0,0,0,0,0,0,0,0,0,0,0,0,0,0,0,0),
	(51,66,0,0,0,0,0,0,0,0,0,0,0,0,0,0,0,0,0,0,0,0,0,0,0,0,0,0,0,0,0,0,0,0,0,0,0,0,0,0,0,0,0,0,0,0,0,0,0,0,0,0,0,0,0,0,0,0,0,0,0,0,0),
	(52,60,0,0,0,0,0,0,0,0,0,0,0,0,0,0,0,0,0,0,0,0,0,0,0,0,0,0,0,0,0,0,0,0,0,0,0,0,0,0,0,0,0,0,0,0,0,0,0,0,0,0,0,0,0,0,0,0,0,0,0,0,0),
	(53,49,0,0,0,0,0,0,0,0,0,0,0,0,0,0,0,0,0,0,0,0,0,0,0,0,0,0,0,0,0,0,0,0,0,0,0,0,0,0,0,0,0,0,0,0,0,0,0,0,0,0,0,0,0,0,0,0,0,0,0,0,0),
	(54,48,0,0,0,0,0,0,0,0,0,0,0,0,0,0,0,0,0,0,0,0,0,0,0,0,0,0,0,0,0,0,0,0,0,0,0,0,0,0,0,0,0,0,0,0,0,0,0,0,0,0,0,0,0,0,0,0,0,0,0,0,0),
	(55,62,0,0,0,0,0,0,0,0,0,0,0,0,0,0,0,0,0,0,0,0,0,0,0,0,0,0,0,0,0,0,0,0,0,0,0,0,0,0,0,0,0,0,0,0,0,0,0,0,0,0,0,0,0,0,0,0,0,0,0,0,0),
	(56,63,0,0,0,0,0,0,0,0,0,0,0,0,0,0,0,0,0,0,0,0,0,0,0,0,0,0,0,0,0,0,0,0,0,0,0,0,0,0,0,0,0,0,0,0,0,0,0,0,0,0,0,0,0,0,0,0,0,0,0,0,0),
	(57,185,0,0,0,0,0,0,0,0,0,0,0,0,0,0,0,0,0,0,0,0,0,0,0,0,0,0,0,0,0,0,0,0,0,0,0,0,0,0,0,0,0,0,0,0,0,0,0,0,0,0,0,0,0,0,0,0,0,0,0,0,0);

/*!40000 ALTER TABLE `New Brand_J&J_Baby_Data` ENABLE KEYS */;
UNLOCK TABLES;


# Dump of table New Brand_J&J_Baby_Data_2
# ------------------------------------------------------------

DROP TABLE IF EXISTS `New Brand_J&J_Baby_Data_2`;

CREATE TABLE `New Brand_J&J_Baby_Data_2` (
  `id` int(11) NOT NULL auto_increment,
  `countryid` int(11) NOT NULL,
  `y1970` int(11) NOT NULL,
  `y1971` int(11) NOT NULL,
  `y1972` int(11) NOT NULL,
  `y1973` int(11) NOT NULL,
  `y1974` int(11) NOT NULL,
  `y1975` int(11) NOT NULL,
  `y1976` int(11) NOT NULL,
  `y1977` int(11) NOT NULL,
  `y1978` int(11) NOT NULL,
  `y1979` int(11) NOT NULL,
  `y1980` int(11) NOT NULL,
  `y1981` int(11) NOT NULL,
  PRIMARY KEY  (`id`)
) ENGINE=MyISAM AUTO_INCREMENT=58 DEFAULT CHARSET=latin1;

LOCK TABLES `New Brand_J&J_Baby_Data_2` WRITE;
/*!40000 ALTER TABLE `New Brand_J&J_Baby_Data_2` DISABLE KEYS */;
INSERT INTO `New Brand_J&J_Baby_Data_2` (`id`,`countryid`,`y1970`,`y1971`,`y1972`,`y1973`,`y1974`,`y1975`,`y1976`,`y1977`,`y1978`,`y1979`,`y1980`,`y1981`)
VALUES
	(1,158,0,0,0,0,0,0,0,0,0,0,0,0),
	(2,57,0,0,0,0,0,0,0,0,0,0,0,0),
	(3,54,0,0,0,0,0,0,0,0,0,0,0,0),
	(4,36,0,0,0,0,0,0,0,0,0,0,0,0),
	(5,125,0,0,0,0,0,0,0,0,0,0,0,0),
	(6,65,0,0,0,0,0,0,0,0,0,0,0,0),
	(7,52,0,0,0,0,0,0,0,0,0,0,0,0),
	(8,210,0,0,0,0,0,0,0,0,0,0,0,0),
	(9,41,0,0,0,0,0,0,0,0,0,0,0,0),
	(10,50,0,0,0,0,0,0,0,0,0,0,0,0),
	(11,34,0,0,0,0,0,0,0,0,0,0,0,0),
	(12,162,0,0,0,0,0,0,0,0,0,0,0,0),
	(13,17,0,0,0,0,0,0,0,0,0,0,0,0),
	(14,37,0,0,0,0,0,0,0,0,0,0,0,0),
	(15,159,0,0,0,0,0,0,0,0,0,0,0,0),
	(16,47,0,0,0,0,0,0,0,0,0,0,0,0),
	(17,33,0,0,0,0,0,0,0,0,0,0,0,0),
	(18,193,0,0,0,0,0,0,0,0,0,0,0,0),
	(19,44,0,0,0,0,0,0,0,0,0,0,0,0),
	(20,187,0,0,0,0,0,0,0,0,0,0,0,0),
	(21,200,0,0,0,0,0,0,0,0,0,0,0,0),
	(22,35,0,0,0,0,0,0,0,0,0,0,0,0),
	(23,215,0,0,0,0,0,0,0,0,0,0,0,0),
	(24,64,2,1,1,1,1,1,1,1,1,1,1,1),
	(25,188,0,0,0,0,0,0,0,0,0,0,0,0),
	(26,164,0,0,0,0,0,0,0,0,0,0,0,0),
	(27,56,0,0,0,0,0,0,0,0,0,0,0,0),
	(28,58,0,0,0,0,0,0,0,0,0,0,0,0),
	(29,214,0,0,0,0,0,0,0,0,0,0,0,0),
	(30,195,0,0,0,0,0,0,0,0,0,0,0,0),
	(31,46,0,0,0,0,0,0,0,0,0,0,0,0),
	(32,213,0,0,0,0,0,0,0,0,0,0,0,0),
	(33,53,0,0,0,0,0,0,0,0,0,0,0,0),
	(34,59,0,0,0,0,0,0,0,0,0,0,0,0),
	(35,199,0,0,0,0,0,0,0,0,0,0,0,0),
	(36,186,0,0,0,0,0,0,0,0,0,0,0,0),
	(37,217,0,0,0,0,0,0,0,0,0,0,0,0),
	(38,197,0,0,0,0,0,0,0,0,0,0,0,0),
	(39,196,0,0,0,0,0,0,0,0,0,0,0,0),
	(40,157,0,0,0,0,0,0,0,0,0,0,0,0),
	(41,38,0,0,0,0,0,0,0,0,0,0,0,0),
	(42,61,0,0,0,0,0,0,0,0,0,0,0,0),
	(43,40,0,0,0,0,0,0,0,0,0,0,0,0),
	(44,126,0,0,0,0,0,0,0,0,0,0,0,0),
	(45,189,0,0,0,0,0,0,0,0,0,0,0,0),
	(46,55,0,0,0,0,0,0,0,0,0,0,0,0),
	(47,43,0,0,0,0,0,0,0,0,0,0,0,0),
	(48,42,0,0,0,0,0,0,0,0,0,0,0,0),
	(49,39,0,0,0,0,0,0,0,0,0,0,0,0),
	(50,45,0,0,0,0,0,0,0,0,0,0,0,0),
	(51,66,0,0,0,0,0,0,0,0,0,0,0,0),
	(52,60,0,0,0,0,0,0,0,0,0,0,0,0),
	(53,49,0,0,0,0,0,0,0,0,0,0,0,0),
	(54,48,0,0,0,0,0,0,0,0,0,0,0,0),
	(55,62,0,0,0,0,0,0,0,0,0,0,0,0),
	(56,63,0,0,0,0,0,0,0,0,0,0,0,0),
	(57,185,0,0,0,0,0,0,0,0,0,0,0,0);

/*!40000 ALTER TABLE `New Brand_J&J_Baby_Data_2` ENABLE KEYS */;
UNLOCK TABLES;


# Dump of table New Brand_Scale
# ------------------------------------------------------------

DROP TABLE IF EXISTS `New Brand_Scale`;

CREATE TABLE `New Brand_Scale` (
  `id` int(11) NOT NULL auto_increment,
  `countryid` int(11) NOT NULL,
  `y2004` int(11) NOT NULL,
  `y2005` int(11) NOT NULL,
  `y2006` int(11) NOT NULL,
  `y2007` int(11) NOT NULL,
  `y2008` int(11) NOT NULL,
  `y2009` int(11) NOT NULL,
  PRIMARY KEY  (`id`)
) ENGINE=MyISAM AUTO_INCREMENT=58 DEFAULT CHARSET=latin1;

LOCK TABLES `New Brand_Scale` WRITE;
/*!40000 ALTER TABLE `New Brand_Scale` DISABLE KEYS */;
INSERT INTO `New Brand_Scale` (`id`,`countryid`,`y2004`,`y2005`,`y2006`,`y2007`,`y2008`,`y2009`)
VALUES
	(1,17,1000,0,0,0,0,0),
	(2,33,200,0,0,0,0,0),
	(3,34,30,0,0,0,0,0),
	(4,35,0,0,0,0,0,0),
	(5,36,0,0,0,0,0,0),
	(6,37,0,0,0,0,0,0),
	(7,38,0,0,0,0,0,0),
	(8,39,0,0,0,0,0,0),
	(9,40,0,0,0,0,0,0),
	(10,41,0,0,0,0,0,0),
	(11,42,0,0,0,0,0,0),
	(12,43,0,0,0,0,0,0),
	(13,44,0,0,0,0,0,0),
	(14,45,0,0,0,0,0,0),
	(15,46,0,0,0,0,0,0),
	(16,47,0,0,0,0,0,0),
	(17,48,0,0,0,0,0,0),
	(18,49,0,0,0,0,0,0),
	(19,50,0,0,0,0,0,0),
	(20,52,0,0,0,0,0,0),
	(21,53,0,0,0,0,0,0),
	(22,54,0,0,0,0,0,0),
	(23,55,0,0,0,0,0,0),
	(24,56,0,0,0,0,0,0),
	(25,57,0,0,0,0,0,0),
	(26,58,0,0,0,0,0,0),
	(27,59,0,0,0,0,0,0),
	(28,60,0,0,0,0,0,0),
	(29,61,0,0,0,0,0,0),
	(30,62,0,0,0,0,0,0),
	(31,63,0,0,0,0,0,0),
	(32,64,0,0,0,0,0,0),
	(33,65,0,0,0,0,0,0),
	(34,66,0,0,0,0,0,0),
	(35,125,0,0,0,0,0,0),
	(36,126,0,0,0,0,0,0),
	(37,157,0,0,0,0,0,0),
	(38,158,0,0,0,0,0,0),
	(39,159,0,0,0,0,0,0),
	(40,162,0,0,0,0,0,0),
	(41,164,0,0,0,0,0,0),
	(42,185,0,0,0,0,0,0),
	(43,186,0,0,0,0,0,0),
	(44,187,0,0,0,0,0,0),
	(45,188,0,0,0,0,0,0),
	(46,189,0,0,0,0,0,0),
	(47,193,0,0,0,0,0,0),
	(48,195,0,0,0,0,0,0),
	(49,196,0,0,0,0,0,0),
	(50,197,0,0,0,0,0,0),
	(51,199,0,0,0,0,0,0),
	(52,200,0,0,0,0,0,0),
	(53,210,0,0,0,0,0,0),
	(54,213,0,0,0,0,0,0),
	(55,214,0,0,0,0,0,0),
	(56,215,0,0,0,0,0,0),
	(57,217,0,0,0,0,0,0);

/*!40000 ALTER TABLE `New Brand_Scale` ENABLE KEYS */;
UNLOCK TABLES;


# Dump of table Nokia_CM_clusters
# ------------------------------------------------------------

DROP TABLE IF EXISTS `Nokia_CM_clusters`;

CREATE TABLE `Nokia_CM_clusters` (
  `id` int(11) NOT NULL auto_increment,
  `countryid` int(11) NOT NULL,
  `value` varchar(255) NOT NULL,
  PRIMARY KEY  (`id`)
) ENGINE=MyISAM AUTO_INCREMENT=118 DEFAULT CHARSET=latin1;

LOCK TABLES `Nokia_CM_clusters` WRITE;
/*!40000 ALTER TABLE `Nokia_CM_clusters` DISABLE KEYS */;
INSERT INTO `Nokia_CM_clusters` (`id`,`countryid`,`value`)
VALUES
	(1,148,'Operator Mature'),
	(2,17,'Operator Mature'),
	(3,134,'Open Emerging'),
	(4,59,'Operator Mature'),
	(5,139,'Open Mature'),
	(6,6,'Operator Emerging'),
	(7,60,'Operator Mature'),
	(8,41,'Open Mature'),
	(9,116,'Open Mature'),
	(10,144,'Open Emerging'),
	(11,143,'?'),
	(12,42,'Operator Emerging'),
	(13,213,'Operator Mature'),
	(14,4,'Operator Emerging'),
	(15,118,''),
	(16,119,''),
	(17,64,'Operator Mature'),
	(18,65,'Operator Mature'),
	(19,117,'Open Mature'),
	(20,63,'Operator Mature'),
	(21,30,'Operator Mature'),
	(22,155,'Operator Mature'),
	(23,123,'Open Mature'),
	(24,138,'Open Emerging'),
	(25,128,'Open Emerging '),
	(26,124,'Open Emerging '),
	(27,132,'Open Emerging '),
	(28,130,'Open Emerging '),
	(29,137,''),
	(30,135,'Open Emerging '),
	(31,51,''),
	(32,141,''),
	(33,127,''),
	(34,145,''),
	(35,129,''),
	(36,149,'Operator Mature'),
	(37,131,''),
	(38,151,''),
	(39,153,''),
	(40,133,''),
	(41,136,''),
	(42,156,''),
	(43,205,'Open Emerging '),
	(44,142,'Open Emerging '),
	(45,152,''),
	(46,150,''),
	(47,140,''),
	(48,146,''),
	(49,204,''),
	(50,154,''),
	(51,207,''),
	(52,211,'Open Mature'),
	(53,212,''),
	(54,33,''),
	(55,43,''),
	(56,39,''),
	(57,37,''),
	(58,58,''),
	(59,35,''),
	(60,56,''),
	(61,54,''),
	(62,164,''),
	(63,52,''),
	(64,157,''),
	(65,159,''),
	(66,34,''),
	(67,125,''),
	(68,47,''),
	(69,62,''),
	(70,45,''),
	(71,49,''),
	(72,210,''),
	(73,215,''),
	(74,196,''),
	(75,199,''),
	(76,193,''),
	(77,188,''),
	(78,36,''),
	(79,186,''),
	(80,38,''),
	(81,40,''),
	(82,44,''),
	(83,46,''),
	(84,48,''),
	(85,50,''),
	(86,55,''),
	(87,53,''),
	(88,61,''),
	(89,57,''),
	(90,66,''),
	(91,158,''),
	(92,187,''),
	(93,162,''),
	(94,126,''),
	(95,185,''),
	(96,189,''),
	(97,195,''),
	(98,197,''),
	(99,217,''),
	(100,200,''),
	(101,214,''),
	(102,3,''),
	(103,2,''),
	(104,10,''),
	(105,7,''),
	(106,12,''),
	(107,14,''),
	(108,165,''),
	(109,18,''),
	(110,8,''),
	(111,11,''),
	(112,13,''),
	(113,15,''),
	(114,19,''),
	(115,166,''),
	(116,167,''),
	(117,168,'');

/*!40000 ALTER TABLE `Nokia_CM_clusters` ENABLE KEYS */;
UNLOCK TABLES;


# Dump of table Nokia_Customer_marketing_dominance
# ------------------------------------------------------------

DROP TABLE IF EXISTS `Nokia_Customer_marketing_dominance`;

CREATE TABLE `Nokia_Customer_marketing_dominance` (
  `id` int(11) NOT NULL auto_increment,
  `countryid` int(11) NOT NULL,
  `value` varchar(255) NOT NULL,
  PRIMARY KEY  (`id`)
) ENGINE=MyISAM AUTO_INCREMENT=118 DEFAULT CHARSET=latin1;

LOCK TABLES `Nokia_Customer_marketing_dominance` WRITE;
/*!40000 ALTER TABLE `Nokia_Customer_marketing_dominance` DISABLE KEYS */;
INSERT INTO `Nokia_Customer_marketing_dominance` (`id`,`countryid`,`value`)
VALUES
	(1,148,'Operator'),
	(2,17,'Operator'),
	(3,134,'Open'),
	(4,59,'Operator'),
	(5,139,'Open'),
	(6,6,'Operator'),
	(7,60,'Operator'),
	(8,41,'Open'),
	(9,116,'Open'),
	(10,144,'Open'),
	(11,143,'Open'),
	(12,42,'Operator'),
	(13,213,'Operator'),
	(14,4,'Operator'),
	(15,118,'Open'),
	(16,119,'Open'),
	(17,64,'Operator'),
	(18,65,'Operator'),
	(19,117,'Open'),
	(20,63,'Operator'),
	(21,30,'Operator'),
	(22,155,'Operator'),
	(23,123,'Open'),
	(24,138,'Open'),
	(25,128,''),
	(26,124,''),
	(27,132,''),
	(28,130,''),
	(29,137,''),
	(30,135,''),
	(31,51,''),
	(32,141,''),
	(33,127,''),
	(34,145,''),
	(35,129,''),
	(36,149,''),
	(37,131,''),
	(38,151,''),
	(39,153,''),
	(40,133,''),
	(41,136,''),
	(42,156,''),
	(43,205,''),
	(44,142,''),
	(45,152,''),
	(46,150,''),
	(47,140,''),
	(48,146,''),
	(49,204,''),
	(50,154,''),
	(51,207,''),
	(52,211,''),
	(53,212,''),
	(54,33,''),
	(55,43,''),
	(56,39,''),
	(57,37,''),
	(58,58,''),
	(59,35,''),
	(60,56,''),
	(61,54,''),
	(62,164,''),
	(63,52,''),
	(64,157,''),
	(65,159,''),
	(66,34,''),
	(67,125,''),
	(68,62,''),
	(69,47,''),
	(70,45,''),
	(71,49,''),
	(72,210,''),
	(73,215,''),
	(74,196,''),
	(75,199,''),
	(76,193,''),
	(77,188,''),
	(78,36,''),
	(79,186,''),
	(80,38,''),
	(81,40,''),
	(82,44,''),
	(83,46,''),
	(84,48,''),
	(85,50,''),
	(86,55,''),
	(87,53,''),
	(88,61,''),
	(89,57,''),
	(90,66,''),
	(91,158,''),
	(92,187,''),
	(93,162,''),
	(94,126,''),
	(95,185,''),
	(96,189,''),
	(97,195,''),
	(98,197,''),
	(99,217,''),
	(100,200,''),
	(101,214,''),
	(102,3,''),
	(103,2,''),
	(104,10,''),
	(105,7,''),
	(106,12,''),
	(107,14,''),
	(108,165,''),
	(109,18,''),
	(110,8,''),
	(111,11,''),
	(112,13,''),
	(113,15,''),
	(114,19,''),
	(115,166,''),
	(116,167,''),
	(117,168,'');

/*!40000 ALTER TABLE `Nokia_Customer_marketing_dominance` ENABLE KEYS */;
UNLOCK TABLES;


# Dump of table Nokia_Market_maturity
# ------------------------------------------------------------

DROP TABLE IF EXISTS `Nokia_Market_maturity`;

CREATE TABLE `Nokia_Market_maturity` (
  `id` int(11) NOT NULL auto_increment,
  `countryid` int(11) NOT NULL,
  `value` varchar(255) NOT NULL,
  PRIMARY KEY  (`id`)
) ENGINE=MyISAM AUTO_INCREMENT=118 DEFAULT CHARSET=latin1;

LOCK TABLES `Nokia_Market_maturity` WRITE;
/*!40000 ALTER TABLE `Nokia_Market_maturity` DISABLE KEYS */;
INSERT INTO `Nokia_Market_maturity` (`id`,`countryid`,`value`)
VALUES
	(1,148,'Mature'),
	(2,17,'Mature'),
	(3,134,'Developing'),
	(4,59,'Mature'),
	(5,139,'Mature'),
	(6,6,'Developing'),
	(7,60,'Mature'),
	(8,41,'Mature'),
	(9,116,'Developing'),
	(10,144,'Developing'),
	(11,143,'Developing'),
	(12,42,'Developing'),
	(13,213,'Mature'),
	(14,4,'Developing'),
	(15,118,'Developing'),
	(16,119,'Mature'),
	(17,64,'Mature'),
	(18,65,'Mature'),
	(19,117,'Developing'),
	(20,63,'Mature'),
	(21,30,'Mature'),
	(22,155,'Mature'),
	(23,123,'Mature'),
	(24,138,'Developing'),
	(25,128,''),
	(26,124,''),
	(27,132,''),
	(28,130,''),
	(29,137,''),
	(30,135,''),
	(31,51,''),
	(32,141,''),
	(33,127,''),
	(34,145,''),
	(35,129,''),
	(36,149,''),
	(37,131,''),
	(38,151,''),
	(39,153,''),
	(40,133,''),
	(41,136,''),
	(42,156,''),
	(43,205,''),
	(44,142,''),
	(45,152,''),
	(46,150,''),
	(47,140,''),
	(48,146,''),
	(49,204,''),
	(50,154,''),
	(51,207,''),
	(52,211,''),
	(53,212,''),
	(54,33,''),
	(55,43,''),
	(56,39,''),
	(57,37,''),
	(58,35,''),
	(59,58,''),
	(60,56,''),
	(61,54,''),
	(62,164,''),
	(63,52,''),
	(64,157,''),
	(65,159,''),
	(66,34,''),
	(67,125,''),
	(68,62,''),
	(69,47,''),
	(70,45,''),
	(71,49,''),
	(72,210,''),
	(73,215,''),
	(74,196,''),
	(75,199,''),
	(76,193,''),
	(77,188,''),
	(78,36,''),
	(79,186,''),
	(80,38,''),
	(81,40,''),
	(82,44,''),
	(83,46,''),
	(84,48,''),
	(85,50,''),
	(86,55,''),
	(87,53,''),
	(88,61,''),
	(89,57,''),
	(90,66,''),
	(91,158,''),
	(92,187,''),
	(93,162,''),
	(94,126,''),
	(95,185,''),
	(96,189,''),
	(97,195,''),
	(98,197,''),
	(99,217,''),
	(100,200,''),
	(101,214,''),
	(102,3,''),
	(103,2,''),
	(104,10,''),
	(105,7,''),
	(106,12,''),
	(107,14,''),
	(108,165,''),
	(109,18,''),
	(110,8,''),
	(111,11,''),
	(112,13,''),
	(113,15,''),
	(114,19,''),
	(115,166,''),
	(116,167,''),
	(117,168,'');

/*!40000 ALTER TABLE `Nokia_Market_maturity` ENABLE KEYS */;
UNLOCK TABLES;


# Dump of table Nokia_Mobile_population
# ------------------------------------------------------------

DROP TABLE IF EXISTS `Nokia_Mobile_population`;

CREATE TABLE `Nokia_Mobile_population` (
  `id` int(11) NOT NULL auto_increment,
  `countryid` int(11) NOT NULL,
  `value` int(11) NOT NULL,
  PRIMARY KEY  (`id`)
) ENGINE=MyISAM AUTO_INCREMENT=118 DEFAULT CHARSET=latin1;

LOCK TABLES `Nokia_Mobile_population` WRITE;
/*!40000 ALTER TABLE `Nokia_Mobile_population` DISABLE KEYS */;
INSERT INTO `Nokia_Mobile_population` (`id`,`countryid`,`value`)
VALUES
	(1,148,21),
	(2,6,145),
	(3,138,833),
	(4,17,55),
	(5,60,101),
	(6,134,344),
	(7,144,117),
	(8,118,9),
	(9,65,5),
	(10,59,86),
	(11,119,4),
	(12,143,25),
	(13,4,71),
	(14,63,19),
	(15,42,43),
	(16,41,158),
	(17,117,19),
	(18,155,5),
	(19,213,49),
	(20,139,50),
	(21,123,66),
	(22,116,5),
	(23,64,73),
	(24,30,265),
	(25,128,0),
	(26,124,0),
	(27,132,0),
	(28,130,0),
	(29,137,0),
	(30,135,0),
	(31,51,0),
	(32,141,0),
	(33,127,0),
	(34,145,0),
	(35,129,0),
	(36,149,0),
	(37,131,0),
	(38,151,0),
	(39,153,0),
	(40,133,0),
	(41,136,0),
	(42,156,0),
	(43,205,0),
	(44,142,0),
	(45,152,0),
	(46,150,0),
	(47,140,0),
	(48,146,0),
	(49,204,0),
	(50,154,0),
	(51,207,0),
	(52,211,0),
	(53,212,0),
	(54,33,0),
	(55,43,0),
	(56,39,0),
	(57,37,0),
	(58,35,0),
	(59,58,0),
	(60,56,0),
	(61,54,0),
	(62,164,0),
	(63,52,0),
	(64,157,0),
	(65,159,0),
	(66,34,0),
	(67,125,0),
	(68,62,0),
	(69,47,0),
	(70,45,0),
	(71,49,0),
	(72,210,0),
	(73,215,0),
	(74,196,0),
	(75,199,0),
	(76,193,0),
	(77,188,0),
	(78,36,0),
	(79,186,0),
	(80,38,0),
	(81,40,0),
	(82,44,0),
	(83,46,0),
	(84,48,0),
	(85,50,0),
	(86,55,0),
	(87,53,0),
	(88,61,0),
	(89,57,0),
	(90,66,0),
	(91,158,0),
	(92,187,0),
	(93,162,0),
	(94,126,0),
	(95,185,0),
	(96,189,0),
	(97,195,0),
	(98,197,0),
	(99,217,0),
	(100,200,0),
	(101,214,0),
	(102,3,0),
	(103,2,0),
	(104,10,0),
	(105,7,0),
	(106,12,0),
	(107,14,0),
	(108,165,0),
	(109,18,0),
	(110,8,0),
	(111,11,0),
	(112,13,0),
	(113,15,0),
	(114,19,0),
	(115,166,0),
	(116,167,0),
	(117,168,0);

/*!40000 ALTER TABLE `Nokia_Mobile_population` ENABLE KEYS */;
UNLOCK TABLES;


# Dump of table Nokia_preference
# ------------------------------------------------------------

DROP TABLE IF EXISTS `Nokia_preference`;

CREATE TABLE `Nokia_preference` (
  `id` int(11) NOT NULL auto_increment,
  `countryid` int(11) NOT NULL,
  `value` int(11) NOT NULL,
  PRIMARY KEY  (`id`)
) ENGINE=MyISAM AUTO_INCREMENT=118 DEFAULT CHARSET=latin1;

LOCK TABLES `Nokia_preference` WRITE;
/*!40000 ALTER TABLE `Nokia_preference` DISABLE KEYS */;
INSERT INTO `Nokia_preference` (`id`,`countryid`,`value`)
VALUES
	(1,148,3),
	(2,17,6),
	(3,134,15),
	(4,59,8),
	(5,139,2),
	(6,6,18),
	(7,60,8),
	(8,41,11),
	(9,116,9),
	(10,144,8),
	(11,143,14),
	(12,42,7),
	(13,213,5),
	(14,4,14),
	(15,118,0),
	(16,119,0),
	(17,64,0),
	(18,65,0),
	(19,117,13),
	(20,63,0),
	(21,30,8),
	(22,155,0),
	(23,123,0),
	(24,138,11),
	(25,128,0),
	(26,124,0),
	(27,132,0),
	(28,130,0),
	(29,137,0),
	(30,135,0),
	(31,51,0),
	(32,141,0),
	(33,127,0),
	(34,145,0),
	(35,129,0),
	(36,149,0),
	(37,131,0),
	(38,151,0),
	(39,153,0),
	(40,133,0),
	(41,136,0),
	(42,156,0),
	(43,205,0),
	(44,142,0),
	(45,152,0),
	(46,150,0),
	(47,140,0),
	(48,146,0),
	(49,204,0),
	(50,154,0),
	(51,207,0),
	(52,211,0),
	(53,212,0),
	(54,33,0),
	(55,43,0),
	(56,39,0),
	(57,37,0),
	(58,35,0),
	(59,58,0),
	(60,56,0),
	(61,54,0),
	(62,164,0),
	(63,52,0),
	(64,157,0),
	(65,159,0),
	(66,34,0),
	(67,125,0),
	(68,62,0),
	(69,47,0),
	(70,45,0),
	(71,49,0),
	(72,210,0),
	(73,215,0),
	(74,196,0),
	(75,199,0),
	(76,193,0),
	(77,188,0),
	(78,36,0),
	(79,186,0),
	(80,38,0),
	(81,40,0),
	(82,44,0),
	(83,46,0),
	(84,48,0),
	(85,50,0),
	(86,55,0),
	(87,53,0),
	(88,61,0),
	(89,57,0),
	(90,66,0),
	(91,158,0),
	(92,187,0),
	(93,162,0),
	(94,126,0),
	(95,185,0),
	(96,189,0),
	(97,195,0),
	(98,197,0),
	(99,217,0),
	(100,200,0),
	(101,214,0),
	(102,3,0),
	(103,2,0),
	(104,10,0),
	(105,7,0),
	(106,12,0),
	(107,14,0),
	(108,165,0),
	(109,18,0),
	(110,8,0),
	(111,11,0),
	(112,13,0),
	(113,15,0),
	(114,19,0),
	(115,166,0),
	(116,167,0),
	(117,168,0);

/*!40000 ALTER TABLE `Nokia_preference` ENABLE KEYS */;
UNLOCK TABLES;


# Dump of table Nokia_Total_market_ad_spend_(2008)
# ------------------------------------------------------------

DROP TABLE IF EXISTS `Nokia_Total_market_ad_spend_(2008)`;

CREATE TABLE `Nokia_Total_market_ad_spend_(2008)` (
  `id` int(11) NOT NULL auto_increment,
  `countryid` int(11) NOT NULL,
  `value` int(11) NOT NULL,
  PRIMARY KEY  (`id`)
) ENGINE=MyISAM AUTO_INCREMENT=118 DEFAULT CHARSET=latin1;

LOCK TABLES `Nokia_Total_market_ad_spend_(2008)` WRITE;
/*!40000 ALTER TABLE `Nokia_Total_market_ad_spend_(2008)` DISABLE KEYS */;
INSERT INTO `Nokia_Total_market_ad_spend_(2008)` (`id`,`countryid`,`value`)
VALUES
	(1,148,6),
	(2,17,10),
	(3,134,3),
	(4,59,10),
	(5,139,1),
	(6,6,0),
	(7,60,18),
	(8,41,8),
	(9,116,1),
	(10,144,2),
	(11,143,0),
	(12,42,0),
	(13,213,7),
	(14,4,3),
	(15,118,0),
	(16,119,0),
	(17,64,16),
	(18,65,0),
	(19,117,0),
	(20,63,0),
	(21,30,26),
	(22,155,0),
	(23,123,0),
	(24,138,26),
	(25,128,0),
	(26,124,0),
	(27,132,0),
	(28,130,0),
	(29,137,0),
	(30,135,0),
	(31,51,0),
	(32,141,0),
	(33,127,0),
	(34,145,0),
	(35,129,0),
	(36,149,0),
	(37,131,0),
	(38,151,0),
	(39,153,0),
	(40,133,0),
	(41,136,0),
	(42,156,0),
	(43,205,0),
	(44,142,0),
	(45,152,0),
	(46,150,0),
	(47,140,0),
	(48,146,0),
	(49,204,0),
	(50,154,0),
	(51,207,0),
	(52,211,0),
	(53,212,0),
	(54,33,0),
	(55,43,0),
	(56,39,0),
	(57,37,0),
	(58,35,0),
	(59,58,0),
	(60,56,0),
	(61,54,0),
	(62,164,0),
	(63,52,0),
	(64,157,0),
	(65,159,0),
	(66,34,0),
	(67,125,0),
	(68,62,0),
	(69,47,0),
	(70,45,0),
	(71,49,0),
	(72,210,0),
	(73,215,0),
	(74,196,0),
	(75,199,0),
	(76,193,0),
	(77,188,0),
	(78,36,0),
	(79,186,0),
	(80,38,0),
	(81,40,0),
	(82,44,0),
	(83,46,0),
	(84,48,0),
	(85,50,0),
	(86,55,0),
	(87,53,0),
	(88,61,0),
	(89,57,0),
	(90,66,0),
	(91,158,0),
	(92,187,0),
	(93,162,0),
	(94,126,0),
	(95,185,0),
	(96,189,0),
	(97,195,0),
	(98,197,0),
	(99,217,0),
	(100,200,0),
	(101,214,0),
	(102,3,0),
	(103,2,0),
	(104,10,0),
	(105,7,0),
	(106,12,0),
	(107,14,0),
	(108,165,0),
	(109,18,0),
	(110,8,0),
	(111,11,0),
	(112,13,0),
	(113,15,0),
	(114,19,0),
	(115,166,0),
	(116,167,0),
	(117,168,0);

/*!40000 ALTER TABLE `Nokia_Total_market_ad_spend_(2008)` ENABLE KEYS */;
UNLOCK TABLES;


# Dump of table Santander_Branches
# ------------------------------------------------------------

DROP TABLE IF EXISTS `Santander_Branches`;

CREATE TABLE `Santander_Branches` (
  `id` int(11) NOT NULL auto_increment,
  `countryid` int(11) NOT NULL,
  `value` int(11) NOT NULL,
  PRIMARY KEY  (`id`)
) ENGINE=MyISAM AUTO_INCREMENT=11 DEFAULT CHARSET=latin1;

LOCK TABLES `Santander_Branches` WRITE;
/*!40000 ALTER TABLE `Santander_Branches` DISABLE KEYS */;
INSERT INTO `Santander_Branches` (`id`,`countryid`,`value`)
VALUES
	(1,6,0),
	(2,66,0),
	(3,213,0),
	(4,4,0),
	(5,12,0),
	(6,8,0),
	(7,64,0),
	(8,14,0),
	(9,11,0),
	(10,2,0);

/*!40000 ALTER TABLE `Santander_Branches` ENABLE KEYS */;
UNLOCK TABLES;


# Dump of table Santander_Customers
# ------------------------------------------------------------

DROP TABLE IF EXISTS `Santander_Customers`;

CREATE TABLE `Santander_Customers` (
  `id` int(11) NOT NULL auto_increment,
  `countryid` int(11) NOT NULL,
  `value` int(11) NOT NULL,
  PRIMARY KEY  (`id`)
) ENGINE=MyISAM AUTO_INCREMENT=11 DEFAULT CHARSET=latin1;

LOCK TABLES `Santander_Customers` WRITE;
/*!40000 ALTER TABLE `Santander_Customers` DISABLE KEYS */;
INSERT INTO `Santander_Customers` (`id`,`countryid`,`value`)
VALUES
	(1,6,0),
	(2,66,0),
	(3,213,0),
	(4,4,0),
	(5,12,0),
	(6,8,0),
	(7,64,0),
	(8,14,0),
	(9,11,0),
	(10,2,0);

/*!40000 ALTER TABLE `Santander_Customers` ENABLE KEYS */;
UNLOCK TABLES;


# Dump of table Santander_Market_Share
# ------------------------------------------------------------

DROP TABLE IF EXISTS `Santander_Market_Share`;

CREATE TABLE `Santander_Market_Share` (
  `id` int(11) NOT NULL auto_increment,
  `countryid` int(11) NOT NULL,
  `value` int(11) NOT NULL,
  PRIMARY KEY  (`id`)
) ENGINE=MyISAM AUTO_INCREMENT=11 DEFAULT CHARSET=latin1;

LOCK TABLES `Santander_Market_Share` WRITE;
/*!40000 ALTER TABLE `Santander_Market_Share` DISABLE KEYS */;
INSERT INTO `Santander_Market_Share` (`id`,`countryid`,`value`)
VALUES
	(1,6,0),
	(2,66,10),
	(3,213,17),
	(4,4,16),
	(5,12,0),
	(6,8,0),
	(7,64,9),
	(8,14,21),
	(9,11,0),
	(10,2,0);

/*!40000 ALTER TABLE `Santander_Market_Share` ENABLE KEYS */;
UNLOCK TABLES;


# Dump of table tags
# ------------------------------------------------------------

DROP TABLE IF EXISTS `tags`;

CREATE TABLE `tags` (
  `id` int(11) NOT NULL auto_increment,
  `tag` varchar(255) NOT NULL,
  PRIMARY KEY  (`id`)
) ENGINE=MyISAM AUTO_INCREMENT=3 DEFAULT CHARSET=latin1;

LOCK TABLES `tags` WRITE;
/*!40000 ALTER TABLE `tags` DISABLE KEYS */;
INSERT INTO `tags` (`id`,`tag`)
VALUES
	(1,'bank'),
	(2,'pepsi');

/*!40000 ALTER TABLE `tags` ENABLE KEYS */;
UNLOCK TABLES;


# Dump of table Test C_m
# ------------------------------------------------------------

DROP TABLE IF EXISTS `Test C_m`;

CREATE TABLE `Test C_m` (
  `id` int(11) NOT NULL auto_increment,
  `countryid` int(11) NOT NULL,
  `y2009` int(11) NOT NULL,
  `y2010` int(11) NOT NULL,
  `y2011` int(11) NOT NULL,
  PRIMARY KEY  (`id`)
) ENGINE=MyISAM DEFAULT CHARSET=latin1;



# Dump of table Test C_test_test
# ------------------------------------------------------------

DROP TABLE IF EXISTS `Test C_test_test`;

CREATE TABLE `Test C_test_test` (
  `id` int(11) NOT NULL auto_increment,
  `countryid` int(11) NOT NULL,
  `y2009` int(11) NOT NULL,
  `y2010` int(11) NOT NULL,
  `y2011` int(11) NOT NULL,
  PRIMARY KEY  (`id`)
) ENGINE=MyISAM DEFAULT CHARSET=latin1;



# Dump of table Tiger_Market_Growth
# ------------------------------------------------------------

DROP TABLE IF EXISTS `Tiger_Market_Growth`;

CREATE TABLE `Tiger_Market_Growth` (
  `id` int(11) NOT NULL auto_increment,
  `countryid` int(11) NOT NULL,
  `value` int(11) NOT NULL,
  PRIMARY KEY  (`id`)
) ENGINE=MyISAM AUTO_INCREMENT=5 DEFAULT CHARSET=latin1;

LOCK TABLES `Tiger_Market_Growth` WRITE;
/*!40000 ALTER TABLE `Tiger_Market_Growth` DISABLE KEYS */;
INSERT INTO `Tiger_Market_Growth` (`id`,`countryid`,`value`)
VALUES
	(1,138,6),
	(2,142,11),
	(3,143,3),
	(4,155,3);

/*!40000 ALTER TABLE `Tiger_Market_Growth` ENABLE KEYS */;
UNLOCK TABLES;


# Dump of table Tiger_Volume
# ------------------------------------------------------------

DROP TABLE IF EXISTS `Tiger_Volume`;

CREATE TABLE `Tiger_Volume` (
  `id` int(11) NOT NULL auto_increment,
  `countryid` int(11) NOT NULL,
  `y2006` int(11) NOT NULL,
  `y2007` int(11) NOT NULL,
  `y2008` int(11) NOT NULL,
  `y2009` int(11) NOT NULL,
  `y2010` int(11) NOT NULL,
  PRIMARY KEY  (`id`)
) ENGINE=MyISAM AUTO_INCREMENT=7 DEFAULT CHARSET=latin1;

LOCK TABLES `Tiger_Volume` WRITE;
/*!40000 ALTER TABLE `Tiger_Volume` DISABLE KEYS */;
INSERT INTO `Tiger_Volume` (`id`,`countryid`,`y2006`,`y2007`,`y2008`,`y2009`,`y2010`)
VALUES
	(3,138,0,0,0,0,43002),
	(6,142,0,0,0,0,1624),
	(4,143,0,0,0,0,144),
	(5,155,0,0,0,0,92);

/*!40000 ALTER TABLE `Tiger_Volume` ENABLE KEYS */;
UNLOCK TABLES;


# Dump of table Vodafone 2_ARPU
# ------------------------------------------------------------

DROP TABLE IF EXISTS `Vodafone 2_ARPU`;

CREATE TABLE `Vodafone 2_ARPU` (
  `id` int(11) NOT NULL auto_increment,
  `countryid` int(11) NOT NULL,
  `value` int(11) NOT NULL,
  PRIMARY KEY  (`id`)
) ENGINE=MyISAM AUTO_INCREMENT=76 DEFAULT CHARSET=latin1;

LOCK TABLES `Vodafone 2_ARPU` WRITE;
/*!40000 ALTER TABLE `Vodafone 2_ARPU` DISABLE KEYS */;
INSERT INTO `Vodafone 2_ARPU` (`id`,`countryid`,`value`)
VALUES
	(1,49,0),
	(2,11,0),
	(3,8,0),
	(4,17,0),
	(5,134,0),
	(6,65,0),
	(7,59,0),
	(8,212,0),
	(9,6,0),
	(10,148,0),
	(11,143,0),
	(12,4,0),
	(13,138,0),
	(14,88,0),
	(15,71,0),
	(16,36,0),
	(17,60,0),
	(18,144,0),
	(19,126,0),
	(20,149,0),
	(21,132,0),
	(22,42,0),
	(23,41,0),
	(24,64,0),
	(25,123,0),
	(26,20,0),
	(27,145,0),
	(28,155,0),
	(29,99,0),
	(30,139,0),
	(31,213,0),
	(32,116,0),
	(33,7,0),
	(34,30,0),
	(35,66,0),
	(36,57,0),
	(37,58,0),
	(38,175,0),
	(39,46,0),
	(40,48,0),
	(41,63,0),
	(42,45,0),
	(43,125,0),
	(44,124,0),
	(45,55,0),
	(46,62,0),
	(47,199,0),
	(48,51,0),
	(49,210,0),
	(50,43,0),
	(51,61,0),
	(52,35,0),
	(53,50,0),
	(54,34,0),
	(55,53,0),
	(56,56,0),
	(57,195,0),
	(58,38,0),
	(59,39,0),
	(60,33,0),
	(61,193,0),
	(62,37,0),
	(63,186,0),
	(64,150,0),
	(65,106,0),
	(66,146,0),
	(67,128,0),
	(68,129,0),
	(69,12,0),
	(70,14,0),
	(71,23,0),
	(72,131,0),
	(73,85,0),
	(74,200,0),
	(75,1,0);

/*!40000 ALTER TABLE `Vodafone 2_ARPU` ENABLE KEYS */;
UNLOCK TABLES;


# Dump of table Vodafone 2_dsdas
# ------------------------------------------------------------

DROP TABLE IF EXISTS `Vodafone 2_dsdas`;

CREATE TABLE `Vodafone 2_dsdas` (
  `id` int(11) NOT NULL auto_increment,
  `countryid` int(11) NOT NULL,
  `value` int(11) NOT NULL,
  PRIMARY KEY  (`id`)
) ENGINE=MyISAM AUTO_INCREMENT=76 DEFAULT CHARSET=latin1;

LOCK TABLES `Vodafone 2_dsdas` WRITE;
/*!40000 ALTER TABLE `Vodafone 2_dsdas` DISABLE KEYS */;
INSERT INTO `Vodafone 2_dsdas` (`id`,`countryid`,`value`)
VALUES
	(1,49,0),
	(2,11,0),
	(3,8,0),
	(4,17,0),
	(5,134,0),
	(6,65,0),
	(7,59,0),
	(8,212,0),
	(9,6,0),
	(10,148,0),
	(11,143,0),
	(12,4,0),
	(13,138,0),
	(14,88,0),
	(15,71,0),
	(16,36,0),
	(17,60,0),
	(18,144,0),
	(19,126,0),
	(20,149,0),
	(21,132,0),
	(22,42,0),
	(23,41,0),
	(24,64,0),
	(25,123,0),
	(26,20,0),
	(27,145,0),
	(28,155,0),
	(29,99,0),
	(30,139,0),
	(31,213,0),
	(32,116,0),
	(33,7,0),
	(34,30,0),
	(35,66,0),
	(36,57,0),
	(37,58,0),
	(38,175,0),
	(39,46,0),
	(40,48,0),
	(41,63,0),
	(42,45,0),
	(43,125,0),
	(44,124,0),
	(45,55,0),
	(46,62,0),
	(47,199,0),
	(48,51,0),
	(49,210,0),
	(50,43,0),
	(51,61,0),
	(52,35,0),
	(53,50,0),
	(54,34,0),
	(55,53,0),
	(56,56,0),
	(57,195,0),
	(58,38,0),
	(59,39,0),
	(60,33,0),
	(61,193,0),
	(62,37,0),
	(63,186,0),
	(64,150,0),
	(65,106,0),
	(66,146,0),
	(67,128,0),
	(68,129,0),
	(69,12,0),
	(70,14,0),
	(71,23,0),
	(72,131,0),
	(73,85,0),
	(74,200,0),
	(75,1,0);

/*!40000 ALTER TABLE `Vodafone 2_dsdas` ENABLE KEYS */;
UNLOCK TABLES;


# Dump of table Vodafone 2009_ARPU
# ------------------------------------------------------------

DROP TABLE IF EXISTS `Vodafone 2009_ARPU`;

CREATE TABLE `Vodafone 2009_ARPU` (
  `id` int(11) NOT NULL auto_increment,
  `countryid` int(11) NOT NULL,
  `value` int(11) NOT NULL,
  PRIMARY KEY  (`id`)
) ENGINE=MyISAM AUTO_INCREMENT=57 DEFAULT CHARSET=latin1;

LOCK TABLES `Vodafone 2009_ARPU` WRITE;
/*!40000 ALTER TABLE `Vodafone 2009_ARPU` DISABLE KEYS */;
INSERT INTO `Vodafone 2009_ARPU` (`id`,`countryid`,`value`)
VALUES
	(1,17,92),
	(2,60,132),
	(3,64,129),
	(4,30,92),
	(5,138,56),
	(6,65,129),
	(7,63,122),
	(8,59,155),
	(9,213,131),
	(10,66,153),
	(11,48,130),
	(12,45,134),
	(13,58,96),
	(14,175,96),
	(15,71,69),
	(16,123,86),
	(17,85,0),
	(18,134,39),
	(19,148,117),
	(20,149,116),
	(21,46,118),
	(22,99,105),
	(23,200,0),
	(24,62,0),
	(25,33,0),
	(26,195,0),
	(27,193,0),
	(28,37,0),
	(29,39,0),
	(30,38,0),
	(31,49,0),
	(32,61,0),
	(33,51,0),
	(34,50,0),
	(35,53,0),
	(36,56,0),
	(37,55,0),
	(38,199,0),
	(39,1,0),
	(40,106,0),
	(41,155,140),
	(42,143,98),
	(43,146,0),
	(44,139,92),
	(45,150,0),
	(46,14,0),
	(47,210,0),
	(48,212,87),
	(49,57,189),
	(50,31,0),
	(51,11,0),
	(52,4,0),
	(53,6,0),
	(54,145,75),
	(55,144,58),
	(56,41,0);

/*!40000 ALTER TABLE `Vodafone 2009_ARPU` ENABLE KEYS */;
UNLOCK TABLES;


# Dump of table Vodafone 2009_Power_Distance_Incex
# ------------------------------------------------------------

DROP TABLE IF EXISTS `Vodafone 2009_Power_Distance_Incex`;

CREATE TABLE `Vodafone 2009_Power_Distance_Incex` (
  `id` int(11) NOT NULL auto_increment,
  `countryid` int(11) NOT NULL,
  `value` int(11) NOT NULL,
  PRIMARY KEY  (`id`)
) ENGINE=MyISAM AUTO_INCREMENT=57 DEFAULT CHARSET=latin1;

LOCK TABLES `Vodafone 2009_Power_Distance_Incex` WRITE;
/*!40000 ALTER TABLE `Vodafone 2009_Power_Distance_Incex` DISABLE KEYS */;
INSERT INTO `Vodafone 2009_Power_Distance_Incex` (`id`,`countryid`,`value`)
VALUES
	(1,17,68),
	(2,60,35),
	(3,64,35),
	(4,30,40),
	(5,65,28),
	(6,138,80),
	(7,59,50),
	(8,63,38),
	(9,213,57),
	(10,66,63),
	(11,48,57),
	(12,46,46),
	(13,45,90),
	(14,58,0),
	(15,175,56),
	(16,71,80),
	(17,123,66),
	(18,85,0),
	(19,134,77),
	(20,148,36),
	(21,149,22),
	(22,99,49),
	(23,200,0),
	(24,62,65),
	(25,195,0),
	(26,33,0),
	(27,210,18),
	(28,193,0),
	(29,37,40),
	(30,38,0),
	(31,39,0),
	(32,49,11),
	(33,61,34),
	(34,51,0),
	(35,50,0),
	(36,53,0),
	(37,56,0),
	(38,55,70),
	(39,199,0),
	(40,1,0),
	(41,106,64),
	(42,155,74),
	(43,143,104),
	(44,139,64),
	(45,212,54),
	(46,146,0),
	(47,150,0),
	(48,14,63),
	(49,57,60),
	(50,31,39),
	(51,11,49),
	(52,4,81),
	(53,6,69),
	(54,145,94),
	(55,144,78),
	(56,41,93);

/*!40000 ALTER TABLE `Vodafone 2009_Power_Distance_Incex` ENABLE KEYS */;
UNLOCK TABLES;


# Dump of table Vodafone exco_ARPU
# ------------------------------------------------------------

DROP TABLE IF EXISTS `Vodafone exco_ARPU`;

CREATE TABLE `Vodafone exco_ARPU` (
  `id` int(11) NOT NULL auto_increment,
  `countryid` int(11) NOT NULL,
  `value` int(11) NOT NULL,
  PRIMARY KEY  (`id`)
) ENGINE=MyISAM AUTO_INCREMENT=76 DEFAULT CHARSET=latin1;

LOCK TABLES `Vodafone exco_ARPU` WRITE;
/*!40000 ALTER TABLE `Vodafone exco_ARPU` DISABLE KEYS */;
INSERT INTO `Vodafone exco_ARPU` (`id`,`countryid`,`value`)
VALUES
	(1,49,0),
	(2,11,0),
	(3,8,0),
	(4,17,0),
	(5,134,5),
	(6,65,61),
	(7,59,31),
	(8,212,43),
	(9,6,0),
	(10,148,56),
	(11,143,15),
	(12,4,0),
	(13,138,0),
	(14,88,0),
	(15,71,9),
	(16,36,0),
	(17,60,22),
	(18,144,0),
	(19,126,0),
	(20,149,30),
	(21,132,0),
	(22,42,32),
	(23,41,0),
	(24,64,34),
	(25,123,9),
	(26,20,0),
	(27,145,0),
	(28,155,24),
	(29,99,16),
	(30,139,8),
	(31,213,40),
	(32,116,0),
	(33,7,0),
	(34,30,0),
	(35,66,26),
	(36,57,24),
	(37,58,22),
	(38,175,37),
	(39,46,32),
	(40,48,34),
	(41,63,49),
	(42,45,12),
	(43,125,0),
	(44,124,0),
	(45,55,0),
	(46,62,0),
	(47,199,0),
	(48,51,0),
	(49,210,0),
	(50,43,0),
	(51,61,0),
	(52,35,0),
	(53,50,0),
	(54,34,0),
	(55,53,0),
	(56,56,0),
	(57,195,0),
	(58,39,0),
	(59,38,0),
	(60,33,0),
	(61,193,0),
	(62,37,0),
	(63,186,0),
	(64,150,0),
	(65,106,6),
	(66,146,3),
	(67,128,0),
	(68,129,0),
	(69,12,0),
	(70,14,0),
	(71,23,0),
	(72,131,0),
	(73,85,4),
	(74,200,0),
	(75,1,5);

/*!40000 ALTER TABLE `Vodafone exco_ARPU` ENABLE KEYS */;
UNLOCK TABLES;


# Dump of table Vodafone exco_Idea_groups
# ------------------------------------------------------------

DROP TABLE IF EXISTS `Vodafone exco_Idea_groups`;

CREATE TABLE `Vodafone exco_Idea_groups` (
  `id` int(11) NOT NULL auto_increment,
  `countryid` int(11) NOT NULL,
  `value` varchar(255) NOT NULL,
  PRIMARY KEY  (`id`)
) ENGINE=MyISAM AUTO_INCREMENT=118 DEFAULT CHARSET=latin1;

LOCK TABLES `Vodafone exco_Idea_groups` WRITE;
/*!40000 ALTER TABLE `Vodafone exco_Idea_groups` DISABLE KEYS */;
INSERT INTO `Vodafone exco_Idea_groups` (`id`,`countryid`,`value`)
VALUES
	(100,39,''),
	(2,49,'Low'),
	(105,186,''),
	(4,11,'Low'),
	(90,51,''),
	(6,8,'Medium'),
	(95,50,''),
	(101,38,''),
	(11,17,'Medium'),
	(91,210,''),
	(13,134,'High'),
	(104,37,''),
	(94,35,''),
	(16,65,'Low'),
	(17,59,'Low'),
	(18,212,'Medium'),
	(19,6,'Medium'),
	(103,193,''),
	(99,195,''),
	(23,148,'Low'),
	(24,143,'High'),
	(25,4,'High'),
	(89,199,''),
	(27,138,'High'),
	(88,62,''),
	(30,88,'High'),
	(31,71,'High'),
	(98,56,''),
	(34,36,'Low'),
	(35,60,'Low'),
	(83,63,'Low'),
	(38,144,'High'),
	(93,61,''),
	(40,126,'Medium'),
	(97,53,''),
	(92,43,''),
	(87,55,''),
	(47,149,'Low'),
	(77,66,'Medium'),
	(49,132,'Medium'),
	(84,45,'High'),
	(51,42,'Medium'),
	(52,41,'High'),
	(102,33,''),
	(96,34,''),
	(82,48,'Medium'),
	(81,46,'Low'),
	(59,64,'Low'),
	(60,123,'Medium'),
	(80,175,'Medium'),
	(63,20,'High'),
	(64,145,'High'),
	(86,124,''),
	(79,58,'Medium'),
	(67,155,'High'),
	(68,99,'Low'),
	(69,139,'Medium'),
	(70,213,'Medium'),
	(78,57,'Medium'),
	(73,116,'High'),
	(74,7,'High'),
	(75,30,'Low'),
	(85,125,''),
	(106,150,''),
	(107,106,''),
	(108,146,''),
	(109,128,''),
	(110,129,''),
	(111,12,''),
	(112,14,''),
	(113,23,''),
	(114,131,''),
	(115,85,''),
	(116,200,''),
	(117,1,'');

/*!40000 ALTER TABLE `Vodafone exco_Idea_groups` ENABLE KEYS */;
UNLOCK TABLES;


# Dump of table Vodafone exco_Leading_mobile_network
# ------------------------------------------------------------

DROP TABLE IF EXISTS `Vodafone exco_Leading_mobile_network`;

CREATE TABLE `Vodafone exco_Leading_mobile_network` (
  `id` int(11) NOT NULL auto_increment,
  `countryid` int(11) NOT NULL,
  `value` int(11) NOT NULL,
  PRIMARY KEY  (`id`)
) ENGINE=MyISAM AUTO_INCREMENT=76 DEFAULT CHARSET=latin1;

LOCK TABLES `Vodafone exco_Leading_mobile_network` WRITE;
/*!40000 ALTER TABLE `Vodafone exco_Leading_mobile_network` DISABLE KEYS */;
INSERT INTO `Vodafone exco_Leading_mobile_network` (`id`,`countryid`,`value`)
VALUES
	(1,49,0),
	(2,11,0),
	(3,8,0),
	(4,17,0),
	(5,134,15),
	(6,65,4),
	(7,59,4),
	(8,212,4),
	(9,6,0),
	(10,148,4),
	(11,143,4),
	(12,4,0),
	(13,138,0),
	(14,88,0),
	(15,71,3),
	(16,36,0),
	(17,60,4),
	(18,144,0),
	(19,126,0),
	(20,149,2),
	(21,132,0),
	(22,42,0),
	(23,41,0),
	(24,64,5),
	(25,123,3),
	(26,20,0),
	(27,145,0),
	(28,155,3),
	(29,99,4),
	(30,139,6),
	(31,213,5),
	(32,116,0),
	(33,7,0),
	(34,30,0),
	(35,66,3),
	(36,57,3),
	(37,58,3),
	(38,175,0),
	(39,46,3),
	(40,48,3),
	(41,63,4),
	(42,45,5),
	(43,125,0),
	(44,124,0),
	(45,55,0),
	(46,62,0),
	(47,199,0),
	(48,51,0),
	(49,210,0),
	(50,43,0),
	(51,61,0),
	(52,35,0),
	(53,50,0),
	(54,34,0),
	(55,53,0),
	(56,56,0),
	(57,195,0),
	(58,39,0),
	(59,38,0),
	(60,33,0),
	(61,193,0),
	(62,37,0),
	(63,186,0),
	(64,150,2),
	(65,106,4),
	(66,146,5),
	(67,128,0),
	(68,129,0),
	(69,12,0),
	(70,14,0),
	(71,23,0),
	(72,131,0),
	(73,85,5),
	(74,200,2),
	(75,1,5);

/*!40000 ALTER TABLE `Vodafone exco_Leading_mobile_network` ENABLE KEYS */;
UNLOCK TABLES;


# Dump of table Vodafone exco_Power
# ------------------------------------------------------------

DROP TABLE IF EXISTS `Vodafone exco_Power`;

CREATE TABLE `Vodafone exco_Power` (
  `id` int(11) NOT NULL auto_increment,
  `countryid` int(11) NOT NULL,
  `value` int(11) NOT NULL,
  PRIMARY KEY  (`id`)
) ENGINE=MyISAM AUTO_INCREMENT=118 DEFAULT CHARSET=latin1;

LOCK TABLES `Vodafone exco_Power` WRITE;
/*!40000 ALTER TABLE `Vodafone exco_Power` DISABLE KEYS */;
INSERT INTO `Vodafone exco_Power` (`id`,`countryid`,`value`)
VALUES
	(1,11,4),
	(2,148,3),
	(3,49,1),
	(104,37,0),
	(105,186,0),
	(6,6,6),
	(92,43,0),
	(93,61,0),
	(10,138,8),
	(11,8,6),
	(99,195,0),
	(100,38,0),
	(103,193,0),
	(117,1,0),
	(16,71,8),
	(106,150,0),
	(111,12,0),
	(114,131,0),
	(20,36,3),
	(21,17,6),
	(22,60,3),
	(94,35,0),
	(84,45,9),
	(115,85,0),
	(90,51,0),
	(27,134,7),
	(28,144,7),
	(98,56,0),
	(30,126,6),
	(31,65,2),
	(97,53,0),
	(33,59,5),
	(102,33,0),
	(35,212,5),
	(88,62,0),
	(112,14,0),
	(96,34,0),
	(116,200,0),
	(107,106,0),
	(41,143,10),
	(113,23,0),
	(43,4,8),
	(89,199,0),
	(91,210,0),
	(46,149,2),
	(47,88,7),
	(77,66,6),
	(49,132,5),
	(50,20,9),
	(85,125,0),
	(52,145,9),
	(53,42,6),
	(87,55,0),
	(55,41,9),
	(80,175,5),
	(110,129,0),
	(58,155,7),
	(101,39,0),
	(60,99,4),
	(83,63,3),
	(62,213,5),
	(109,128,0),
	(79,58,6),
	(82,48,5),
	(78,57,6),
	(108,146,0),
	(68,139,6),
	(69,123,6),
	(70,116,8),
	(71,64,3),
	(72,30,4),
	(81,46,4),
	(74,7,8),
	(95,50,0),
	(86,124,0);

/*!40000 ALTER TABLE `Vodafone exco_Power` ENABLE KEYS */;
UNLOCK TABLES;


# Dump of table Vodafone Q3 2009_b_Market_Pen_CAGR_08-12
# ------------------------------------------------------------

DROP TABLE IF EXISTS `Vodafone Q3 2009_b_Market_Pen_CAGR_08-12`;

CREATE TABLE `Vodafone Q3 2009_b_Market_Pen_CAGR_08-12` (
  `id` int(11) NOT NULL auto_increment,
  `countryid` int(11) NOT NULL,
  `value` int(11) NOT NULL,
  PRIMARY KEY  (`id`)
) ENGINE=MyISAM AUTO_INCREMENT=58 DEFAULT CHARSET=latin1;

LOCK TABLES `Vodafone Q3 2009_b_Market_Pen_CAGR_08-12` WRITE;
/*!40000 ALTER TABLE `Vodafone Q3 2009_b_Market_Pen_CAGR_08-12` DISABLE KEYS */;
INSERT INTO `Vodafone Q3 2009_b_Market_Pen_CAGR_08-12` (`id`,`countryid`,`value`)
VALUES
	(1,64,1),
	(2,65,1),
	(3,59,1),
	(4,60,2),
	(5,63,3),
	(6,213,2),
	(7,66,3),
	(8,48,1),
	(9,46,2),
	(10,45,6),
	(11,58,9),
	(12,1,0),
	(13,199,0),
	(14,55,0),
	(15,56,0),
	(16,53,0),
	(17,50,0),
	(18,51,0),
	(19,61,0),
	(20,49,0),
	(21,38,0),
	(22,37,0),
	(23,193,0),
	(24,36,0),
	(25,210,0),
	(26,33,0),
	(27,195,0),
	(28,39,0),
	(29,62,0),
	(30,200,0),
	(31,17,0),
	(32,99,0),
	(33,149,3),
	(34,148,5),
	(35,134,20),
	(36,85,0),
	(37,71,15),
	(38,123,3),
	(39,175,2),
	(40,106,0),
	(41,155,0),
	(42,143,0),
	(43,139,0),
	(44,138,7),
	(45,212,0),
	(46,146,0),
	(47,150,0),
	(48,14,0),
	(49,11,0),
	(50,6,0),
	(51,30,3),
	(52,4,0),
	(53,145,0),
	(54,41,0),
	(55,144,0),
	(56,34,0),
	(57,57,3);

/*!40000 ALTER TABLE `Vodafone Q3 2009_b_Market_Pen_CAGR_08-12` ENABLE KEYS */;
UNLOCK TABLES;


# Dump of table Vodafone Q3 2009_c_ARPU
# ------------------------------------------------------------

DROP TABLE IF EXISTS `Vodafone Q3 2009_c_ARPU`;

CREATE TABLE `Vodafone Q3 2009_c_ARPU` (
  `id` int(11) NOT NULL auto_increment,
  `countryid` int(11) NOT NULL,
  `value` int(11) NOT NULL,
  PRIMARY KEY  (`id`)
) ENGINE=MyISAM AUTO_INCREMENT=58 DEFAULT CHARSET=latin1;

LOCK TABLES `Vodafone Q3 2009_c_ARPU` WRITE;
/*!40000 ALTER TABLE `Vodafone Q3 2009_c_ARPU` DISABLE KEYS */;
INSERT INTO `Vodafone Q3 2009_c_ARPU` (`id`,`countryid`,`value`)
VALUES
	(1,64,34),
	(2,65,61),
	(3,59,31),
	(4,60,22),
	(5,63,49),
	(6,213,40),
	(7,66,26),
	(8,48,34),
	(9,46,0),
	(10,45,12),
	(11,58,22),
	(12,1,0),
	(13,199,0),
	(14,55,0),
	(15,56,0),
	(16,53,0),
	(17,50,0),
	(18,51,0),
	(19,61,0),
	(20,49,0),
	(21,38,0),
	(22,37,0),
	(23,193,0),
	(24,36,0),
	(25,210,0),
	(26,33,0),
	(27,195,0),
	(28,39,0),
	(29,62,0),
	(30,200,0),
	(31,17,0),
	(32,99,16),
	(33,149,30),
	(34,148,56),
	(35,134,5),
	(36,85,4),
	(37,71,9),
	(38,123,9),
	(39,175,0),
	(40,106,6),
	(41,155,24),
	(42,143,15),
	(43,139,8),
	(44,138,0),
	(45,212,43),
	(46,146,3),
	(47,150,0),
	(48,14,0),
	(49,11,0),
	(50,6,0),
	(51,30,0),
	(52,4,0),
	(53,145,0),
	(54,41,0),
	(55,144,0),
	(56,34,0),
	(57,57,24);

/*!40000 ALTER TABLE `Vodafone Q3 2009_c_ARPU` ENABLE KEYS */;
UNLOCK TABLES;


# Dump of table Vodafone Q3 2009_d_Net_Additions
# ------------------------------------------------------------

DROP TABLE IF EXISTS `Vodafone Q3 2009_d_Net_Additions`;

CREATE TABLE `Vodafone Q3 2009_d_Net_Additions` (
  `id` int(11) NOT NULL auto_increment,
  `countryid` int(11) NOT NULL,
  `value` int(11) NOT NULL,
  PRIMARY KEY  (`id`)
) ENGINE=MyISAM AUTO_INCREMENT=58 DEFAULT CHARSET=latin1;

LOCK TABLES `Vodafone Q3 2009_d_Net_Additions` WRITE;
/*!40000 ALTER TABLE `Vodafone Q3 2009_d_Net_Additions` DISABLE KEYS */;
INSERT INTO `Vodafone Q3 2009_d_Net_Additions` (`id`,`countryid`,`value`)
VALUES
	(1,64,1),
	(2,65,0),
	(3,59,0),
	(4,60,5),
	(5,63,5),
	(6,213,2),
	(7,66,4),
	(8,48,4),
	(9,46,4),
	(10,45,6),
	(11,58,7),
	(12,1,0),
	(13,199,0),
	(14,55,0),
	(15,56,0),
	(16,53,0),
	(17,50,0),
	(18,51,0),
	(19,61,0),
	(20,49,0),
	(21,38,0),
	(22,37,0),
	(23,193,0),
	(24,36,0),
	(25,210,0),
	(26,33,0),
	(27,195,0),
	(28,39,0),
	(29,62,0),
	(30,200,0),
	(31,17,0),
	(32,99,0),
	(33,149,2),
	(34,148,1),
	(35,134,23),
	(36,85,0),
	(37,71,16),
	(38,123,2),
	(39,175,3),
	(40,106,0),
	(41,155,0),
	(42,143,0),
	(43,139,0),
	(44,138,0),
	(45,212,0),
	(46,146,0),
	(47,150,0),
	(48,14,0),
	(49,11,0),
	(50,6,0),
	(51,30,0),
	(52,4,0),
	(53,145,0),
	(54,41,0),
	(55,144,0),
	(56,34,0),
	(57,57,2);

/*!40000 ALTER TABLE `Vodafone Q3 2009_d_Net_Additions` ENABLE KEYS */;
UNLOCK TABLES;


# Dump of table Vodafone Q3 2009_e_Meets_Your_Needs
# ------------------------------------------------------------

DROP TABLE IF EXISTS `Vodafone Q3 2009_e_Meets_Your_Needs`;

CREATE TABLE `Vodafone Q3 2009_e_Meets_Your_Needs` (
  `id` int(11) NOT NULL auto_increment,
  `countryid` int(11) NOT NULL,
  `value` int(11) NOT NULL,
  PRIMARY KEY  (`id`)
) ENGINE=MyISAM AUTO_INCREMENT=58 DEFAULT CHARSET=latin1;

LOCK TABLES `Vodafone Q3 2009_e_Meets_Your_Needs` WRITE;
/*!40000 ALTER TABLE `Vodafone Q3 2009_e_Meets_Your_Needs` DISABLE KEYS */;
INSERT INTO `Vodafone Q3 2009_e_Meets_Your_Needs` (`id`,`countryid`,`value`)
VALUES
	(1,64,37),
	(2,65,47),
	(3,59,31),
	(4,60,43),
	(5,63,28),
	(6,213,33),
	(7,66,30),
	(8,48,35),
	(9,46,28),
	(10,45,39),
	(11,58,49),
	(12,1,0),
	(13,199,0),
	(14,55,0),
	(15,56,0),
	(16,53,0),
	(17,50,0),
	(18,51,0),
	(19,61,0),
	(20,49,0),
	(21,38,0),
	(22,37,0),
	(23,193,0),
	(24,36,0),
	(25,210,0),
	(26,33,0),
	(27,195,0),
	(28,39,0),
	(29,62,0),
	(30,200,0),
	(31,17,0),
	(32,99,0),
	(33,149,41),
	(34,148,36),
	(35,134,48),
	(36,85,0),
	(37,71,33),
	(38,123,35),
	(39,175,36),
	(40,106,0),
	(41,155,0),
	(42,143,0),
	(43,139,0),
	(44,138,0),
	(45,212,0),
	(46,146,0),
	(47,150,0),
	(48,14,0),
	(49,11,0),
	(50,6,0),
	(51,30,0),
	(52,4,0),
	(53,145,0),
	(54,41,0),
	(55,144,0),
	(56,34,0),
	(57,57,54);

/*!40000 ALTER TABLE `Vodafone Q3 2009_e_Meets_Your_Needs` ENABLE KEYS */;
UNLOCK TABLES;


# Dump of table Vodafone Q3 2009_f_Power_Distance_Index
# ------------------------------------------------------------

DROP TABLE IF EXISTS `Vodafone Q3 2009_f_Power_Distance_Index`;

CREATE TABLE `Vodafone Q3 2009_f_Power_Distance_Index` (
  `id` int(11) NOT NULL auto_increment,
  `countryid` int(11) NOT NULL,
  `value` int(11) NOT NULL,
  PRIMARY KEY  (`id`)
) ENGINE=MyISAM AUTO_INCREMENT=58 DEFAULT CHARSET=latin1;

LOCK TABLES `Vodafone Q3 2009_f_Power_Distance_Index` WRITE;
/*!40000 ALTER TABLE `Vodafone Q3 2009_f_Power_Distance_Index` DISABLE KEYS */;
INSERT INTO `Vodafone Q3 2009_f_Power_Distance_Index` (`id`,`countryid`,`value`)
VALUES
	(1,64,35),
	(2,65,28),
	(3,59,50),
	(4,60,35),
	(5,63,38),
	(6,213,57),
	(7,66,63),
	(8,48,57),
	(9,46,46),
	(10,45,90),
	(11,58,0),
	(12,1,64),
	(13,199,0),
	(14,55,70),
	(15,56,0),
	(16,53,0),
	(17,50,0),
	(18,51,0),
	(19,61,34),
	(20,49,11),
	(21,38,0),
	(22,37,40),
	(23,193,0),
	(24,36,33),
	(25,210,18),
	(26,33,0),
	(27,195,40),
	(28,39,0),
	(29,62,65),
	(30,200,0),
	(31,17,68),
	(32,99,49),
	(33,149,22),
	(34,148,36),
	(35,134,77),
	(36,85,77),
	(37,71,80),
	(38,123,66),
	(39,175,56),
	(40,106,64),
	(41,155,74),
	(42,143,104),
	(43,139,64),
	(44,138,80),
	(45,212,54),
	(46,146,0),
	(47,150,0),
	(48,14,63),
	(49,11,49),
	(50,6,69),
	(51,30,40),
	(52,4,81),
	(53,145,94),
	(54,41,93),
	(55,144,78),
	(56,34,31),
	(57,57,60);

/*!40000 ALTER TABLE `Vodafone Q3 2009_f_Power_Distance_Index` ENABLE KEYS */;
UNLOCK TABLES;


# Dump of table Vodafone Q3 2009_g_PDI_Groups
# ------------------------------------------------------------

DROP TABLE IF EXISTS `Vodafone Q3 2009_g_PDI_Groups`;

CREATE TABLE `Vodafone Q3 2009_g_PDI_Groups` (
  `id` int(11) NOT NULL auto_increment,
  `countryid` int(11) NOT NULL,
  `value` varchar(255) NOT NULL,
  PRIMARY KEY  (`id`)
) ENGINE=MyISAM AUTO_INCREMENT=58 DEFAULT CHARSET=latin1;

LOCK TABLES `Vodafone Q3 2009_g_PDI_Groups` WRITE;
/*!40000 ALTER TABLE `Vodafone Q3 2009_g_PDI_Groups` DISABLE KEYS */;
INSERT INTO `Vodafone Q3 2009_g_PDI_Groups` (`id`,`countryid`,`value`)
VALUES
	(1,64,'Low'),
	(2,65,'Low'),
	(3,59,'Medium'),
	(4,60,'Low'),
	(5,63,'Low'),
	(6,213,'Medium'),
	(7,66,'Medium'),
	(8,48,'Medium'),
	(9,46,'Low'),
	(10,45,'High'),
	(11,58,''),
	(12,123,'Medium'),
	(13,175,'Medium'),
	(14,71,'High'),
	(15,85,'High'),
	(16,134,'High'),
	(17,148,'Low'),
	(18,149,'Low'),
	(19,99,'Low'),
	(20,200,''),
	(21,17,'Medium'),
	(22,62,'Medium'),
	(23,195,'Low'),
	(24,33,''),
	(25,210,'Low'),
	(26,36,'Low'),
	(27,193,''),
	(28,37,'Low'),
	(29,38,''),
	(30,39,''),
	(31,49,'Low'),
	(32,61,'Low'),
	(33,51,''),
	(34,50,''),
	(35,53,''),
	(36,56,''),
	(37,55,'High'),
	(38,199,''),
	(39,1,'Medium'),
	(40,106,'Medium'),
	(41,155,'High'),
	(42,143,'High'),
	(43,139,'Medium'),
	(44,138,'High'),
	(45,212,'Medium'),
	(46,146,''),
	(47,150,''),
	(48,14,'Medium'),
	(49,11,'Low'),
	(50,6,'Medium'),
	(51,30,'Low'),
	(52,4,'High'),
	(53,145,'High'),
	(54,144,'High'),
	(55,41,'High'),
	(56,57,'Medium'),
	(57,34,'');

/*!40000 ALTER TABLE `Vodafone Q3 2009_g_PDI_Groups` ENABLE KEYS */;
UNLOCK TABLES;


# Dump of table Vodafone Q3 2009_h_Uniqueness
# ------------------------------------------------------------

DROP TABLE IF EXISTS `Vodafone Q3 2009_h_Uniqueness`;

CREATE TABLE `Vodafone Q3 2009_h_Uniqueness` (
  `id` int(11) NOT NULL auto_increment,
  `countryid` int(11) NOT NULL,
  `value` int(11) NOT NULL,
  PRIMARY KEY  (`id`)
) ENGINE=MyISAM AUTO_INCREMENT=58 DEFAULT CHARSET=latin1;

LOCK TABLES `Vodafone Q3 2009_h_Uniqueness` WRITE;
/*!40000 ALTER TABLE `Vodafone Q3 2009_h_Uniqueness` DISABLE KEYS */;
INSERT INTO `Vodafone Q3 2009_h_Uniqueness` (`id`,`countryid`,`value`)
VALUES
	(1,64,12),
	(2,65,39),
	(3,59,32),
	(4,60,38),
	(5,63,14),
	(6,213,33),
	(7,66,60),
	(8,48,33),
	(9,46,33),
	(10,45,38),
	(11,58,47),
	(12,1,0),
	(13,199,0),
	(14,55,0),
	(15,56,0),
	(16,53,0),
	(17,50,0),
	(18,51,0),
	(19,61,0),
	(20,49,0),
	(21,38,0),
	(22,37,0),
	(23,193,0),
	(24,36,0),
	(25,210,0),
	(26,33,0),
	(27,195,0),
	(28,39,0),
	(29,62,0),
	(30,200,0),
	(31,17,0),
	(32,99,0),
	(33,149,38),
	(34,148,33),
	(35,134,32),
	(36,85,0),
	(37,71,39),
	(38,123,25),
	(39,175,31),
	(40,106,0),
	(41,155,0),
	(42,143,0),
	(43,139,0),
	(44,138,0),
	(45,212,0),
	(46,146,0),
	(47,150,0),
	(48,14,0),
	(49,11,0),
	(50,6,0),
	(51,30,0),
	(52,4,0),
	(53,145,0),
	(54,41,0),
	(55,144,0),
	(56,34,0),
	(57,57,44);

/*!40000 ALTER TABLE `Vodafone Q3 2009_h_Uniqueness` ENABLE KEYS */;
UNLOCK TABLES;


# Dump of table Vodafone Q3 2009_Market_Penetration
# ------------------------------------------------------------

DROP TABLE IF EXISTS `Vodafone Q3 2009_Market_Penetration`;

CREATE TABLE `Vodafone Q3 2009_Market_Penetration` (
  `id` int(11) NOT NULL auto_increment,
  `countryid` int(11) NOT NULL,
  `value` int(11) NOT NULL,
  PRIMARY KEY  (`id`)
) ENGINE=MyISAM AUTO_INCREMENT=58 DEFAULT CHARSET=latin1;

LOCK TABLES `Vodafone Q3 2009_Market_Penetration` WRITE;
/*!40000 ALTER TABLE `Vodafone Q3 2009_Market_Penetration` DISABLE KEYS */;
INSERT INTO `Vodafone Q3 2009_Market_Penetration` (`id`,`countryid`,`value`)
VALUES
	(1,64,129),
	(2,65,129),
	(3,59,155),
	(4,60,132),
	(5,63,122),
	(6,213,131),
	(7,66,153),
	(8,48,130),
	(9,46,118),
	(10,45,134),
	(11,58,96),
	(12,123,86),
	(13,175,96),
	(14,71,69),
	(15,85,0),
	(16,134,39),
	(17,148,117),
	(18,149,116),
	(19,99,105),
	(20,200,0),
	(21,17,92),
	(22,62,0),
	(23,195,0),
	(24,33,0),
	(25,210,0),
	(26,36,0),
	(27,193,0),
	(28,37,0),
	(29,38,0),
	(30,39,0),
	(31,49,0),
	(32,61,0),
	(33,51,0),
	(34,50,0),
	(35,53,0),
	(36,56,0),
	(37,55,0),
	(38,199,0),
	(39,1,0),
	(40,106,0),
	(41,155,0),
	(42,143,0),
	(43,139,0),
	(44,138,56),
	(45,212,0),
	(46,146,0),
	(47,150,0),
	(48,14,0),
	(49,11,0),
	(50,6,0),
	(51,30,92),
	(52,4,0),
	(53,145,0),
	(54,144,0),
	(55,41,0),
	(56,34,0),
	(57,57,189);

/*!40000 ALTER TABLE `Vodafone Q3 2009_Market_Penetration` ENABLE KEYS */;
UNLOCK TABLES;


# Dump of table Vodafone_Market_Pen_CAGR_2008-2012
# ------------------------------------------------------------

DROP TABLE IF EXISTS `Vodafone_Market_Pen_CAGR_2008-2012`;

CREATE TABLE `Vodafone_Market_Pen_CAGR_2008-2012` (
  `id` int(11) NOT NULL auto_increment,
  `countryid` int(11) NOT NULL,
  `value` int(11) NOT NULL,
  PRIMARY KEY  (`id`)
) ENGINE=MyISAM AUTO_INCREMENT=76 DEFAULT CHARSET=latin1;

LOCK TABLES `Vodafone_Market_Pen_CAGR_2008-2012` WRITE;
/*!40000 ALTER TABLE `Vodafone_Market_Pen_CAGR_2008-2012` DISABLE KEYS */;
INSERT INTO `Vodafone_Market_Pen_CAGR_2008-2012` (`id`,`countryid`,`value`)
VALUES
	(1,49,0),
	(2,11,0),
	(3,8,0),
	(4,17,0),
	(5,134,20),
	(6,65,1),
	(7,59,1),
	(8,212,0),
	(9,6,0),
	(10,148,5),
	(11,143,0),
	(12,4,0),
	(13,138,7),
	(14,88,0),
	(15,71,15),
	(16,36,0),
	(17,60,2),
	(18,144,0),
	(19,126,0),
	(20,149,3),
	(21,132,0),
	(22,42,0),
	(23,41,0),
	(24,64,1),
	(25,123,3),
	(26,20,0),
	(27,145,0),
	(28,155,0),
	(29,99,0),
	(30,139,0),
	(31,213,2),
	(32,116,0),
	(33,7,0),
	(34,30,3),
	(35,66,3),
	(36,57,3),
	(37,58,9),
	(38,175,2),
	(39,46,2),
	(40,48,1),
	(41,63,3),
	(42,45,6),
	(43,125,0),
	(44,124,0),
	(45,55,0),
	(46,62,0),
	(47,199,0),
	(48,51,0),
	(49,210,0),
	(50,43,0),
	(51,61,0),
	(52,35,0),
	(53,50,0),
	(54,34,0),
	(55,53,0),
	(56,56,0),
	(57,195,0),
	(58,38,0),
	(59,39,0),
	(60,33,0),
	(61,193,0),
	(62,37,0),
	(63,186,0),
	(64,150,0),
	(65,106,0),
	(66,146,0),
	(67,128,0),
	(68,129,0),
	(69,12,0),
	(70,14,0),
	(71,23,0),
	(72,131,0),
	(73,85,0),
	(74,200,0),
	(75,1,0);

/*!40000 ALTER TABLE `Vodafone_Market_Pen_CAGR_2008-2012` ENABLE KEYS */;
UNLOCK TABLES;


# Dump of table Vodafone_Market_Pen_Groups
# ------------------------------------------------------------

DROP TABLE IF EXISTS `Vodafone_Market_Pen_Groups`;

CREATE TABLE `Vodafone_Market_Pen_Groups` (
  `id` int(11) NOT NULL auto_increment,
  `countryid` int(11) NOT NULL,
  `value` varchar(255) NOT NULL,
  PRIMARY KEY  (`id`)
) ENGINE=MyISAM AUTO_INCREMENT=76 DEFAULT CHARSET=latin1;

LOCK TABLES `Vodafone_Market_Pen_Groups` WRITE;
/*!40000 ALTER TABLE `Vodafone_Market_Pen_Groups` DISABLE KEYS */;
INSERT INTO `Vodafone_Market_Pen_Groups` (`id`,`countryid`,`value`)
VALUES
	(1,49,''),
	(2,11,''),
	(3,8,''),
	(4,17,'Lower 100 -'),
	(5,134,'Lower 100 -'),
	(6,65,'High 130+'),
	(7,59,'High 130+'),
	(8,212,''),
	(9,6,''),
	(10,148,'Middle 100-130'),
	(11,143,''),
	(12,4,''),
	(13,138,'Lower 100 -'),
	(14,88,''),
	(15,71,'Lower 100 -'),
	(16,36,''),
	(17,60,'High 130+'),
	(18,144,''),
	(19,126,''),
	(20,149,'Middle 100-130'),
	(21,132,''),
	(22,42,''),
	(23,41,''),
	(24,64,'High 130+'),
	(25,123,'Lower 100 -'),
	(26,20,''),
	(27,145,''),
	(28,155,''),
	(29,99,'Middle 100-130'),
	(30,139,''),
	(31,213,'High 130+'),
	(32,116,''),
	(33,7,''),
	(34,30,'Lower 100 -'),
	(35,66,'High 130+'),
	(36,57,'High 130+'),
	(37,58,'Lower 100 -'),
	(38,175,'Lower 100 -'),
	(39,46,'Middle 100-130'),
	(40,48,'High 130+'),
	(41,63,'Middle 100-130'),
	(42,45,'High 130+'),
	(43,125,''),
	(44,124,''),
	(45,55,''),
	(46,62,''),
	(47,199,''),
	(48,51,''),
	(49,210,''),
	(50,43,''),
	(51,61,''),
	(52,35,''),
	(53,50,''),
	(54,34,''),
	(55,53,''),
	(56,56,''),
	(57,195,''),
	(58,38,''),
	(59,39,''),
	(60,33,''),
	(61,193,''),
	(62,37,''),
	(63,186,''),
	(64,150,''),
	(65,106,''),
	(66,146,''),
	(67,128,''),
	(68,129,''),
	(69,12,''),
	(70,14,''),
	(71,23,''),
	(72,131,''),
	(73,85,''),
	(74,200,''),
	(75,1,'');

/*!40000 ALTER TABLE `Vodafone_Market_Pen_Groups` ENABLE KEYS */;
UNLOCK TABLES;


# Dump of table Vodafone_Market_penetration_2009
# ------------------------------------------------------------

DROP TABLE IF EXISTS `Vodafone_Market_penetration_2009`;

CREATE TABLE `Vodafone_Market_penetration_2009` (
  `id` int(11) NOT NULL auto_increment,
  `countryid` int(11) NOT NULL,
  `value` int(11) NOT NULL,
  PRIMARY KEY  (`id`)
) ENGINE=MyISAM AUTO_INCREMENT=76 DEFAULT CHARSET=latin1;

LOCK TABLES `Vodafone_Market_penetration_2009` WRITE;
/*!40000 ALTER TABLE `Vodafone_Market_penetration_2009` DISABLE KEYS */;
INSERT INTO `Vodafone_Market_penetration_2009` (`id`,`countryid`,`value`)
VALUES
	(1,49,0),
	(2,11,0),
	(3,8,0),
	(4,17,92),
	(5,134,42),
	(6,65,130),
	(7,59,156),
	(8,212,0),
	(9,6,0),
	(10,148,119),
	(11,143,0),
	(12,4,0),
	(13,138,57),
	(14,88,0),
	(15,71,72),
	(16,36,0),
	(17,60,134),
	(18,144,0),
	(19,126,0),
	(20,149,118),
	(21,132,0),
	(22,42,0),
	(23,41,0),
	(24,64,130),
	(25,123,88),
	(26,20,0),
	(27,145,0),
	(28,155,0),
	(29,99,105),
	(30,139,0),
	(31,213,132),
	(32,116,0),
	(33,7,0),
	(34,30,92),
	(35,66,155),
	(36,57,190),
	(37,58,99),
	(38,175,97),
	(39,46,120),
	(40,48,131),
	(41,63,123),
	(42,45,137),
	(43,125,0),
	(44,124,0),
	(45,55,0),
	(46,62,0),
	(47,199,0),
	(48,51,0),
	(49,210,0),
	(50,43,0),
	(51,61,0),
	(52,35,0),
	(53,50,0),
	(54,34,0),
	(55,53,0),
	(56,56,0),
	(57,195,0),
	(58,38,0),
	(59,39,0),
	(60,33,0),
	(61,193,0),
	(62,37,0),
	(63,186,0),
	(64,150,0),
	(65,106,0),
	(66,146,0),
	(67,128,0),
	(68,129,0),
	(69,12,0),
	(70,14,0),
	(71,23,0),
	(72,131,0),
	(73,85,0),
	(74,200,0),
	(75,1,0);

/*!40000 ALTER TABLE `Vodafone_Market_penetration_2009` ENABLE KEYS */;
UNLOCK TABLES;


# Dump of table Vodafone_Meets_Your_Needs
# ------------------------------------------------------------

DROP TABLE IF EXISTS `Vodafone_Meets_Your_Needs`;

CREATE TABLE `Vodafone_Meets_Your_Needs` (
  `id` int(11) NOT NULL auto_increment,
  `countryid` int(11) NOT NULL,
  `value` int(11) NOT NULL,
  PRIMARY KEY  (`id`)
) ENGINE=MyISAM AUTO_INCREMENT=76 DEFAULT CHARSET=latin1;

LOCK TABLES `Vodafone_Meets_Your_Needs` WRITE;
/*!40000 ALTER TABLE `Vodafone_Meets_Your_Needs` DISABLE KEYS */;
INSERT INTO `Vodafone_Meets_Your_Needs` (`id`,`countryid`,`value`)
VALUES
	(1,49,0),
	(2,11,0),
	(3,8,0),
	(4,17,0),
	(5,134,39),
	(6,65,41),
	(7,59,38),
	(8,212,0),
	(9,6,0),
	(10,148,36),
	(11,143,0),
	(12,4,0),
	(13,138,0),
	(14,88,0),
	(15,71,33),
	(16,36,0),
	(17,60,43),
	(18,144,0),
	(19,126,0),
	(20,149,42),
	(21,132,0),
	(22,42,0),
	(23,41,0),
	(24,64,33),
	(25,123,25),
	(26,20,0),
	(27,145,0),
	(28,155,0),
	(29,99,0),
	(30,139,0),
	(31,213,39),
	(32,116,0),
	(33,7,0),
	(34,30,0),
	(35,66,57),
	(36,57,54),
	(37,58,48),
	(38,175,56),
	(39,46,36),
	(40,48,35),
	(41,63,26),
	(42,45,41),
	(43,125,0),
	(44,124,0),
	(45,55,0),
	(46,62,0),
	(47,199,0),
	(48,51,0),
	(49,210,0),
	(50,43,0),
	(51,61,0),
	(52,35,0),
	(53,50,0),
	(54,34,0),
	(55,53,0),
	(56,56,0),
	(57,195,0),
	(58,38,0),
	(59,39,0),
	(60,33,0),
	(61,193,0),
	(62,37,0),
	(63,186,0),
	(64,150,0),
	(65,106,0),
	(66,146,0),
	(67,128,0),
	(68,129,0),
	(69,12,0),
	(70,14,0),
	(71,23,0),
	(72,131,0),
	(73,85,0),
	(74,200,0),
	(75,1,0);

/*!40000 ALTER TABLE `Vodafone_Meets_Your_Needs` ENABLE KEYS */;
UNLOCK TABLES;


# Dump of table Vodafone_Net_Additions
# ------------------------------------------------------------

DROP TABLE IF EXISTS `Vodafone_Net_Additions`;

CREATE TABLE `Vodafone_Net_Additions` (
  `id` int(11) NOT NULL auto_increment,
  `countryid` int(11) NOT NULL,
  `value` int(11) NOT NULL,
  PRIMARY KEY  (`id`)
) ENGINE=MyISAM AUTO_INCREMENT=76 DEFAULT CHARSET=latin1;

LOCK TABLES `Vodafone_Net_Additions` WRITE;
/*!40000 ALTER TABLE `Vodafone_Net_Additions` DISABLE KEYS */;
INSERT INTO `Vodafone_Net_Additions` (`id`,`countryid`,`value`)
VALUES
	(1,49,0),
	(2,11,0),
	(3,8,0),
	(4,17,0),
	(5,134,23),
	(6,65,0),
	(7,59,0),
	(8,212,0),
	(9,6,0),
	(10,148,1),
	(11,143,0),
	(12,4,0),
	(13,138,0),
	(14,88,0),
	(15,71,16),
	(16,36,0),
	(17,60,5),
	(18,144,0),
	(19,126,0),
	(20,149,2),
	(21,132,0),
	(22,42,0),
	(23,41,0),
	(24,64,1),
	(25,123,2),
	(26,20,0),
	(27,145,0),
	(28,155,0),
	(29,99,0),
	(30,139,0),
	(31,213,2),
	(32,116,0),
	(33,7,0),
	(34,30,0),
	(35,66,4),
	(36,57,2),
	(37,58,7),
	(38,175,3),
	(39,46,4),
	(40,48,4),
	(41,63,5),
	(42,45,6),
	(43,125,0),
	(44,124,0),
	(45,55,0),
	(46,62,0),
	(47,199,0),
	(48,51,0),
	(49,210,0),
	(50,43,0),
	(51,61,0),
	(52,35,0),
	(53,50,0),
	(54,34,0),
	(55,53,0),
	(56,56,0),
	(57,195,0),
	(58,38,0),
	(59,39,0),
	(60,33,0),
	(61,193,0),
	(62,37,0),
	(63,186,0),
	(64,150,0),
	(65,106,0),
	(66,146,0),
	(67,128,0),
	(68,129,0),
	(69,12,0),
	(70,14,0),
	(71,23,0),
	(72,131,0),
	(73,85,0),
	(74,200,0),
	(75,1,0);

/*!40000 ALTER TABLE `Vodafone_Net_Additions` ENABLE KEYS */;
UNLOCK TABLES;


# Dump of table Vodafone_Non-User_Consideration
# ------------------------------------------------------------

DROP TABLE IF EXISTS `Vodafone_Non-User_Consideration`;

CREATE TABLE `Vodafone_Non-User_Consideration` (
  `id` int(11) NOT NULL auto_increment,
  `countryid` int(11) NOT NULL,
  `value` int(11) NOT NULL,
  PRIMARY KEY  (`id`)
) ENGINE=MyISAM AUTO_INCREMENT=76 DEFAULT CHARSET=latin1;

LOCK TABLES `Vodafone_Non-User_Consideration` WRITE;
/*!40000 ALTER TABLE `Vodafone_Non-User_Consideration` DISABLE KEYS */;
INSERT INTO `Vodafone_Non-User_Consideration` (`id`,`countryid`,`value`)
VALUES
	(1,49,0),
	(2,11,0),
	(3,8,0),
	(4,17,0),
	(5,134,48),
	(6,65,47),
	(7,59,31),
	(8,212,0),
	(9,6,0),
	(10,148,46),
	(11,143,0),
	(12,4,0),
	(13,138,0),
	(14,88,0),
	(15,71,32),
	(16,36,0),
	(17,60,33),
	(18,144,0),
	(19,126,0),
	(20,149,41),
	(21,132,0),
	(22,42,0),
	(23,41,0),
	(24,64,37),
	(25,123,35),
	(26,20,0),
	(27,145,0),
	(28,155,0),
	(29,99,0),
	(30,139,0),
	(31,213,33),
	(32,116,0),
	(33,7,0),
	(34,30,0),
	(35,66,30),
	(36,57,43),
	(37,58,40),
	(38,175,36),
	(39,46,28),
	(40,48,18),
	(41,63,28),
	(42,45,39),
	(43,125,0),
	(44,124,0),
	(45,55,0),
	(46,62,0),
	(47,199,0),
	(48,51,0),
	(49,210,0),
	(50,43,0),
	(51,61,0),
	(52,35,0),
	(53,50,0),
	(54,34,0),
	(55,53,0),
	(56,56,0),
	(57,195,0),
	(58,38,0),
	(59,39,0),
	(60,33,0),
	(61,193,0),
	(62,37,0),
	(63,186,0),
	(64,150,0),
	(65,106,0),
	(66,146,0),
	(67,128,0),
	(68,129,0),
	(69,12,0),
	(70,14,0),
	(71,23,0),
	(72,131,0),
	(73,85,0),
	(74,200,0),
	(75,1,0);

/*!40000 ALTER TABLE `Vodafone_Non-User_Consideration` ENABLE KEYS */;
UNLOCK TABLES;


# Dump of table william_fake
# ------------------------------------------------------------

DROP TABLE IF EXISTS `william_fake`;

CREATE TABLE `william_fake` (
  `id` int(11) NOT NULL auto_increment,
  `countryid` int(11) NOT NULL,
  `value` int(11) NOT NULL,
  PRIMARY KEY  (`id`)
) ENGINE=MyISAM DEFAULT CHARSET=latin1;






/*!40111 SET SQL_NOTES=@OLD_SQL_NOTES */;
/*!40101 SET SQL_MODE=@OLD_SQL_MODE */;
/*!40014 SET FOREIGN_KEY_CHECKS=@OLD_FOREIGN_KEY_CHECKS */;
/*!40014 SET UNIQUE_CHECKS=@OLD_UNIQUE_CHECKS */;
/*!40101 SET CHARACTER_SET_CLIENT=@OLD_CHARACTER_SET_CLIENT */;
/*!40101 SET CHARACTER_SET_RESULTS=@OLD_CHARACTER_SET_RESULTS */;
/*!40101 SET COLLATION_CONNECTION=@OLD_COLLATION_CONNECTION */;
